Date,Hour,Minute,Bus,Demand,Shortfall,Overgeneration,LMP,LMP DA
2035-01-01,0,0,Tennessee Colony 345,26.317859,0.0,0.0,-25.001382,-25.001382
2035-01-01,0,0,Wheeler 345,172.330631,0.0,0.0,-1000.0,-1000.0
2035-01-01,0,0,Alpine 2 345,96.408579,0.0,0.0,65.167734,65.167734
2035-01-01,0,0,Rosharon 345,81.921553,0.0,0.0,-1.662846,-1.662846
2035-01-01,0,0,Sullivan City 345,27.247793,0.0,0.0,16.390949,16.390949
2035-01-01,0,0,Prosper 345,334.016606,0.0,0.0,10.652817,10.652817
2035-01-01,0,0,Eastland 345,23.471014,0.0,0.0,-161.507456,-161.507456
2035-01-01,0,0,Fischer 345,153.840081,0.0,0.0,28.264482,28.264482
2035-01-01,0,0,Bryan 1 345,56.115463,0.0,0.0,-1.045426,-1.045426
2035-01-01,0,0,Rowlett 1 345,592.919948,0.0,0.0,6.745486,6.745486
2035-01-01,0,0,Weatherford 3 345,24.993621,0.0,0.0,-8.685765,-8.685765
2035-01-01,0,0,Odonnell 345,233.717969,0.0,0.0,-562.524168,-562.524168
2035-01-01,0,0,Dallas 10 345,438.901948,0.0,0.0,-5.733124,-5.733124
2035-01-01,0,0,O'Donnell 345,49.761206,0.0,0.0,-579.855732,-579.855732
2035-01-01,0,0,Canyon Lake 1 345,39.333507,0.0,0.0,28.651951,28.651951
2035-01-01,0,0,Adrian 1 345,15.85013,0.0,0.0,-579.855732,-579.855732
2035-01-01,0,0,Austin 17 345,161.689361,0.0,0.0,26.252885,26.252885
2035-01-01,0,0,Taft 2 345,94.360584,0.0,0.0,15.433211,15.433211
2035-01-01,0,0,Dilley 1 345,63.421588,0.0,0.0,25.754623,25.754623
2035-01-01,0,0,Dallas 8 345,268.725058,0.0,0.0,-3.700724,-3.700724
2035-01-01,0,0,San Angelo 3 345,213.879253,0.0,0.0,59.671043,59.671043
2035-01-01,0,0,Carlsbad 345,142.09215,0.0,0.0,65.495053,65.495053
2035-01-01,0,0,Dale 345,130.389026,0.0,0.0,24.296865,24.296865
2035-01-01,0,0,Brenham 345,136.525208,0.0,0.0,1.86916,1.86916
2035-01-01,0,0,Raymondville 345,172.872963,0.0,0.0,15.816234,15.816234
2035-01-01,0,0,Mccamey 345,195.336289,0.0,0.0,65.167734,65.167734
2035-01-01,0,0,Fort Worth 16 345,572.554329,0.0,0.0,-4.697834,-4.697834
2035-01-01,0,0,Art 345,86.623104,0.0,0.0,39.004598,39.004598
2035-01-01,0,0,Austin 22 345,956.837878,0.0,0.0,26.252885,26.252885
2035-01-01,0,0,Abilene 2 345,279.738131,0.0,0.0,-295.885142,-295.885142
2035-01-01,0,0,Campbellton 345,29.309115,0.0,0.0,20.24239,20.24239
2035-01-01,0,0,Corpus Christi 11 345,233.571688,0.0,0.0,15.46619,15.46619
2035-01-01,0,0,New Braunfels 2 345,244.266497,0.0,0.0,28.785677,28.785677
2035-01-01,0,0,Abilene 5 345,337.785337,0.0,0.0,-309.744382,-309.744382
2035-01-01,0,0,Rule 2 345,154.916574,0.0,0.0,-906.190653,-906.190653
2035-01-01,0,0,Cedar Creek 2 345,18.669866,0.0,0.0,23.609852,23.609852
2035-01-01,0,0,Fort Worth 15 345,142.12,0.0,0.0,-9.558692,-9.558692
2035-01-01,0,0,Lytle 345,41.504468,0.0,0.0,23.203251,23.203251
2035-01-01,0,0,Conroe 4 345,59.088154,0.0,0.0,-6.71384,-6.71384
2035-01-01,0,0,Gordon 345,52.508872,0.0,0.0,-22.754682,-22.754682
2035-01-01,0,0,Melvin 345,67.001296,0.0,0.0,50.596854,50.596854
2035-01-01,0,0,Blum 345,146.104055,0.0,0.0,-10.376896,-10.376896
2035-01-01,0,0,Rockdale 2 345,40.853034,0.0,0.0,5.207767,5.207767
2035-01-01,0,0,Richards 2 345,2.506027,0.0,0.0,-5.097173,-5.097173
2035-01-01,0,0,Tarpley 345,142.235535,0.0,0.0,39.376689,39.376689
2035-01-01,0,0,Bayside 3 345,67.927732,0.0,0.0,14.178976,14.178976
2035-01-01,0,0,San Antonio 25 345,658.197455,0.0,0.0,31.147224,31.147224
2035-01-01,0,0,Roscoe 2 345,36.094247,0.0,0.0,-406.016222,-406.016222
2035-01-01,0,0,Lopeno 345,126.919876,0.0,0.0,17.350559,17.350559
2035-01-01,0,0,Crane 2 345,439.438159,0.0,0.0,64.85454,64.85454
2035-01-01,0,0,Brownsville 1 345,162.460892,0.0,0.0,15.835451,15.835451
2035-01-01,0,0,San Antonio 14 345,227.048409,0.0,0.0,25.347138,25.347138
2035-01-01,0,0,Monahans 2 345,260.472886,0.0,0.0,65.167734,65.167734
2035-01-01,0,0,Centerville 345,24.022449,0.0,0.0,-11.530055,-11.530055
2035-01-01,0,0,Fort Worth 10 345,190.849437,0.0,0.0,-13.11534,-13.11534
2035-01-01,0,0,Del Valle 345,103.927952,0.0,0.0,24.296865,24.296865
2035-01-01,0,0,Texas City 2 345,160.184291,0.0,0.0,-2.144267,-2.144267
2035-01-01,0,0,Electra 345,856.399067,0.0,0.0,76.962079,76.962079
2035-01-01,0,0,Odessa 8 345,839.545788,0.0,0.0,64.85454,64.85454
2035-01-01,0,0,Weatherford 2 345,158.266855,0.0,0.0,-4.63231,-4.63231
2035-01-01,0,0,Burnet 345,466.601466,0.0,0.0,32.103744,32.103744
2035-01-01,0,0,Feeeport 345,133.14069,0.0,0.0,-1.662846,-1.662846
2035-01-01,0,0,Waco 2 345,267.569563,0.0,0.0,-68.186767,-68.186767
2035-01-01,0,0,San Antonio 33 345,432.010434,0.0,0.0,29.598686,29.598686
2035-01-01,0,0,Calliham 345,59.576984,0.0,0.0,20.038896,20.038896
2035-01-01,0,0,Eden 345,19.251294,0.0,0.0,54.997963,54.997963
2035-01-01,0,0,Tomball 1 345,286.250987,0.0,0.0,-4.424208,-4.424208
2035-01-01,0,0,Houston 46 345,402.401268,0.0,0.0,-0.948043,-0.948043
2035-01-01,0,0,Houston 45 345,270.277866,0.0,0.0,-0.568545,-0.568545
2035-01-01,0,0,Camp Wood 345,447.056115,0.0,0.0,48.541228,48.541228
2035-01-01,0,0,Sarita 1 345,123.947738,0.0,0.0,15.667641,15.667641
2035-01-01,0,0,Brownsville 2 345,177.532508,0.0,0.0,15.816234,15.816234
2035-01-01,0,0,Laredo 5 345,240.100804,0.0,0.0,25.754623,25.754623
2035-01-01,0,0,Snyder 2 345,62.200051,0.0,0.0,-442.657613,-442.657613
2035-01-01,0,0,Panhandle 3 345,28.58998,0.0,0.0,-1000.0,-1000.0
2035-01-01,0,0,Allen 1 345,222.685761,0.0,0.0,7.925164,7.925164
2035-01-01,0,0,Castell 345,77.514633,0.0,0.0,37.769583,37.769583
2035-01-01,0,0,Mexia 345,72.423124,0.0,0.0,-31.056959,-31.056959
2035-01-01,0,0,Bastrop 2 345,106.802472,0.0,0.0,9.222203,9.222203
2035-01-01,0,0,Bayside 1 345,55.128364,0.0,0.0,13.496948,13.496948
2035-01-01,0,0,Tyler 8 345,137.532334,0.0,0.0,-25.001382,-25.001382
2035-01-01,0,0,Blue Ridge 345,307.061049,0.0,0.0,9.932603,9.932603
2035-01-01,0,0,San Antonio 2 345,845.031611,0.0,0.0,25.792372,25.792372
2035-01-01,0,0,Houston 12 345,369.467658,0.0,0.0,-0.773216,-0.773216
2035-01-01,0,0,San Perlita 345,70.046579,0.0,0.0,15.835451,15.835451
2035-01-01,0,0,Houston 48 345,414.92929,0.0,0.0,-2.144267,-2.144267
2035-01-01,0,0,Throckmorton 345,1.005041,0.0,0.0,221.60117,221.60117
2035-01-01,0,0,San Antonio 29 345,86.129153,0.0,0.0,30.316705,30.316705
2035-01-01,0,0,Houston 11 345,554.964452,0.0,0.0,-1.662846,-1.662846
2035-01-01,0,0,East Bernard 1 345,112.474369,0.0,0.0,1.632123,1.632123
2035-01-01,0,0,Meyersville 345,327.501772,0.0,0.0,6.773047,6.773047
2035-01-01,0,0,Conroe 7 345,35.045122,0.0,0.0,-4.522986,-4.522986
2035-01-01,0,0,Loving 345,40.659019,0.0,0.0,76.962079,76.962079
2035-01-01,0,0,Merkel 2 345,162.42411,0.0,0.0,-330.454068,-330.454068
2035-01-01,0,0,Montgomery 2 345,38.725309,0.0,0.0,-4.976342,-4.976342
2035-01-01,0,0,Houston 20 345,221.221533,0.0,0.0,-1.46875,-1.46875
2035-01-01,0,0,Fort Worth 12 345,187.635713,0.0,0.0,-10.864431,-10.864431
2035-01-01,0,0,Alto 345,109.263986,0.0,0.0,-13.402944,-13.402944
2035-01-01,0,0,Reagan 345,140.814049,0.0,0.0,-1.045426,-1.045426
2035-01-01,0,0,Pasadena 4 345,244.875601,0.0,0.0,-2.31497,-2.31497
2035-01-01,0,0,Coppell 345,280.839713,0.0,0.0,6.765499,6.765499
2035-01-01,0,0,Weatherford 4 345,196.945882,0.0,0.0,16.195277,16.195277
2035-01-01,0,0,Los Fresnos 1 345,106.690163,0.0,0.0,15.816234,15.816234
2035-01-01,0,0,North Richland Hills 1 345,640.012431,0.0,0.0,16.195277,16.195277
2035-01-01,0,0,Spring 3 345,135.555679,0.0,0.0,-4.871421,-4.871421
2035-01-01,0,0,New Caney 345,317.372286,0.0,0.0,-4.082575,-4.082575
2035-01-01,0,0,Glen Rose 2 345,40.737255,0.0,0.0,-9.150066,-9.150066
2035-01-01,0,0,Austin 27 345,523.375666,0.0,0.0,18.457972,18.457972
2035-01-01,0,0,Dallas 3 345,382.078021,0.0,0.0,-4.679345,-4.679345
2035-01-01,0,0,Bryan 5 345,29.181018,0.0,0.0,-1.045426,-1.045426
2035-01-01,0,0,Wadsworth 2 345,26.885452,0.0,0.0,-0.948043,-0.948043
2035-01-01,0,0,Edinburg 1 345,581.302235,0.0,0.0,15.895752,15.895752
2035-01-01,0,0,Agua Dulce 345,172.80585,0.0,0.0,14.178976,14.178976
2035-01-01,0,0,Plano 2 345,748.635081,0.0,0.0,6.949015,6.949015
2035-01-01,0,0,Frost 345,97.380636,0.0,0.0,-21.329998,-21.329998
2035-01-01,0,0,Katy 2 345,317.03889,0.0,0.0,-0.23199,-0.23199
2035-01-01,0,0,Kennedale 2 345,468.036097,0.0,0.0,-5.448737,-5.448737
2035-01-01,0,0,Mission 3 345,333.67521,0.0,0.0,16.390949,16.390949
2035-01-01,0,0,Trent 2 345,48.352088,0.0,0.0,-330.454068,-330.454068
2035-01-01,0,0,Knox City 345,189.19995,0.0,1352.974738,-1000.0,-1000.0
2035-01-01,0,0,Tell 345,15.28782,0.0,0.0,-1000.0,-1000.0
2035-01-01,0,0,Whitesboro 345,21.982831,0.0,0.0,10.346434,10.346434
2035-01-01,0,0,Mount Enterprise 345,0.946246,0.0,0.0,-13.402944,-13.402944
2035-01-01,1,0,Tennessee Colony 345,26.505431,0.0,0.0,-3.732752,-15.274525
2035-01-01,1,0,Wheeler 345,172.319438,0.0,1254.543668,-1000.0,-1000.0
2035-01-01,1,0,Alpine 2 345,96.593429,0.0,0.0,13.455933,66.652068
2035-01-01,1,0,Rosharon 345,81.850643,0.0,0.0,3.999353,5.930593
2035-01-01,1,0,Sullivan City 345,28.520552,0.0,0.0,11.892272,22.334057
2035-01-01,1,0,Prosper 345,335.680649,0.0,0.0,20.292859,25.17972
2035-01-01,1,0,Eastland 345,23.587494,0.0,0.0,-145.234022,-149.093951
2035-01-01,1,0,Fischer 345,154.72339,0.0,0.0,8.018739,33.122209
2035-01-01,1,0,Bryan 1 345,56.51637,0.0,0.0,3.313211,6.491573
2035-01-01,1,0,Rowlett 1 345,595.875315,0.0,0.0,15.432131,21.193286
2035-01-01,1,0,Weatherford 3 345,25.11798,0.0,0.0,5.587399,5.633039
2035-01-01,1,0,Odonnell 345,234.168917,0.0,0.0,-550.039456,-555.440787
2035-01-01,1,0,Dallas 10 345,441.086137,0.0,0.0,89.677022,8.231115
2035-01-01,1,0,O'Donnell 345,49.859618,0.0,0.0,-567.865629,-573.052975
2035-01-01,1,0,Canyon Lake 1 345,39.566225,0.0,0.0,8.025941,33.474259
2035-01-01,1,0,Adrian 1 345,15.85493,0.0,0.0,-567.865629,-573.052975
2035-01-01,1,0,Austin 17 345,162.619217,0.0,0.0,7.981348,31.294496
2035-01-01,1,0,Taft 2 345,98.763438,0.0,0.0,11.482597,21.463868
2035-01-01,1,0,Dilley 1 345,66.38134,0.0,0.0,11.436398,30.841781
2035-01-01,1,0,Dallas 8 345,270.061801,0.0,0.0,-1.169148,10.472596
2035-01-01,1,0,San Angelo 3 345,215.564711,0.0,0.0,18.027084,61.65784
2035-01-01,1,0,Carlsbad 345,143.206464,0.0,0.0,20.273733,66.949466
2035-01-01,1,0,Dale 345,131.142345,0.0,0.0,7.663952,29.51728
2035-01-01,1,0,Brenham 345,137.315799,0.0,0.0,4.179543,9.139732
2035-01-01,1,0,Raymondville 345,180.963393,0.0,0.0,11.646436,21.811879
2035-01-01,1,0,Mccamey 345,195.706164,0.0,0.0,13.455933,66.652068
2035-01-01,1,0,Fort Worth 16 345,575.402811,0.0,0.0,4.518391,9.543559
2035-01-01,1,0,Art 345,87.304479,0.0,0.0,11.34983,42.880552
2035-01-01,1,0,Austin 22 345,962.323361,0.0,0.0,7.981348,31.294496
2035-01-01,1,0,Abilene 2 345,281.929058,0.0,0.0,-279.060603,-284.981147
2035-01-01,1,0,Campbellton 345,30.676745,0.0,0.0,14.227225,25.833432
2035-01-01,1,0,Corpus Christi 11 345,244.492678,0.0,0.0,11.496704,21.493833
2035-01-01,1,0,New Braunfels 2 345,245.670553,0.0,0.0,8.256604,33.595761
2035-01-01,1,0,Abilene 5 345,340.450486,0.0,0.0,-291.430694,-298.778494
2035-01-01,1,0,Rule 2 345,154.922813,0.0,0.0,-903.513517,-904.671741
2035-01-01,1,0,Cedar Creek 2 345,18.771943,0.0,0.0,7.552473,28.893067
2035-01-01,1,0,Fort Worth 15 345,142.827378,0.0,0.0,8.725185,4.595505
2035-01-01,1,0,Lytle 345,43.437487,0.0,0.0,16.683965,28.523635
2035-01-01,1,0,Conroe 4 345,59.039175,0.0,0.0,2.114723,1.34132
2035-01-01,1,0,Gordon 345,52.768765,0.0,0.0,-7.478025,-8.505815
2035-01-01,1,0,Melvin 345,67.535392,0.0,0.0,15.129394,53.413138
2035-01-01,1,0,Blum 345,146.830649,0.0,0.0,51.588364,3.090476
2035-01-01,1,0,Rockdale 2 345,41.095074,0.0,0.0,4.473171,12.173151
2035-01-01,1,0,Richards 2 345,2.523598,0.0,0.0,2.381157,2.810204
2035-01-01,1,0,Tarpley 345,143.053821,0.0,0.0,11.984422,43.218629
2035-01-01,1,0,Bayside 3 345,71.105363,0.0,0.0,10.946095,20.324285
2035-01-01,1,0,San Antonio 25 345,661.981942,0.0,0.0,9.534092,35.741435
2035-01-01,1,0,Roscoe 2 345,36.379434,0.0,0.0,-389.065076,-396.398746
2035-01-01,1,0,Lopeno 345,132.850888,0.0,0.0,12.302747,23.205948
2035-01-01,1,0,Crane 2 345,440.272221,0.0,0.0,17.290226,66.367503
2035-01-01,1,0,Brownsville 1 345,170.055017,0.0,0.0,11.654656,21.829339
2035-01-01,1,0,San Antonio 14 345,228.350048,0.0,0.0,18.462831,30.471545
2035-01-01,1,0,Monahans 2 345,260.968211,0.0,0.0,13.455933,66.652068
2035-01-01,1,0,Centerville 345,24.192897,0.0,0.0,0.461558,-3.034637
2035-01-01,1,0,Fort Worth 10 345,191.796936,0.0,0.0,1.101926,1.10935
2035-01-01,1,0,Del Valle 345,104.522955,0.0,0.0,7.663952,29.51728
2035-01-01,1,0,Texas City 2 345,160.049733,0.0,0.0,3.825956,5.49318
2035-01-01,1,0,Electra 345,856.393968,0.0,0.0,92.382594,92.649735
2035-01-01,1,0,Odessa 8 345,841.148612,0.0,0.0,17.290226,66.367503
2035-01-01,1,0,Weatherford 2 345,159.056534,0.0,0.0,9.692006,9.772616
2035-01-01,1,0,Burnet 345,469.279234,0.0,0.0,9.526906,36.610518
2035-01-01,1,0,Feeeport 345,133.023942,0.0,0.0,3.999353,5.930593
2035-01-01,1,0,Waco 2 345,268.903433,0.0,0.0,-45.428645,-57.299221
2035-01-01,1,0,San Antonio 33 345,434.483405,0.0,0.0,7.615646,34.334452
2035-01-01,1,0,Calliham 345,62.35318,0.0,0.0,13.45269,25.648539
2035-01-01,1,0,Eden 345,19.399283,0.0,0.0,16.564342,57.411934
2035-01-01,1,0,Tomball 1 345,286.006846,0.0,0.0,2.910829,3.421652
2035-01-01,1,0,Houston 46 345,402.061805,0.0,0.0,4.266067,6.580054
2035-01-01,1,0,Houston 45 345,270.04741,0.0,0.0,4.407669,6.924861
2035-01-01,1,0,Camp Wood 345,450.59034,0.0,0.0,14.713172,51.545422
2035-01-01,1,0,Sarita 1 345,129.74401,0.0,0.0,11.582875,21.676868
2035-01-01,1,0,Brownsville 2 345,185.834429,0.0,0.0,11.646436,21.811879
2035-01-01,1,0,Laredo 5 345,251.32389,0.0,0.0,11.436398,30.841781
2035-01-01,1,0,Snyder 2 345,62.681719,0.0,0.0,-426.752142,-433.633416
2035-01-01,1,0,Panhandle 3 345,28.591432,0.0,0.0,-1000.0,-1000.0
2035-01-01,1,0,Allen 1 345,223.793101,0.0,0.0,17.357706,22.404848
2035-01-01,1,0,Castell 345,78.121021,0.0,0.0,10.84136,41.758432
2035-01-01,1,0,Mexia 345,72.785124,0.0,0.0,-5.718752,-20.776551
2035-01-01,1,0,Bastrop 2 345,107.416157,0.0,0.0,5.217844,15.820619
2035-01-01,1,0,Bayside 1 345,57.707564,0.0,0.0,10.654356,19.704603
2035-01-01,1,0,Tyler 8 345,138.513438,0.0,0.0,-3.732752,-15.274525
2035-01-01,1,0,Blue Ridge 345,308.588041,0.0,0.0,19.44578,24.44578
2035-01-01,1,0,San Antonio 2 345,849.875549,0.0,0.0,18.832259,30.87608
2035-01-01,1,0,Houston 12 345,369.154865,0.0,0.0,4.3313,6.7389
2035-01-01,1,0,San Perlita 345,73.320361,0.0,0.0,11.654656,21.829339
2035-01-01,1,0,Houston 48 345,414.575893,0.0,0.0,3.825956,5.49318
2035-01-01,1,0,Throckmorton 345,1.014322,0.0,0.0,241.406821,239.594943
2035-01-01,1,0,San Antonio 29 345,86.631551,0.0,0.0,8.505182,34.986835
2035-01-01,1,0,Houston 11 345,554.490531,0.0,0.0,3.999353,5.930593
2035-01-01,1,0,East Bernard 1 345,112.37763,0.0,0.0,5.417994,8.924362
2035-01-01,1,0,Meyersville 345,329.379874,0.0,0.0,7.77819,13.595346
2035-01-01,1,0,Conroe 7 345,35.011953,0.0,0.0,2.902388,3.331904
2035-01-01,1,0,Loving 345,40.860982,0.0,0.0,92.382594,92.649735
2035-01-01,1,0,Merkel 2 345,163.699749,0.0,0.0,-309.915162,-319.395694
2035-01-01,1,0,Montgomery 2 345,38.693578,0.0,0.0,2.505732,2.91999
2035-01-01,1,0,Houston 20 345,221.030675,0.0,0.0,4.071776,6.106946
2035-01-01,1,0,Fort Worth 12 345,188.56791,0.0,0.0,4.623148,3.332001
2035-01-01,1,0,Alto 345,110.044188,0.0,0.0,0.071096,-4.736321
2035-01-01,1,0,Reagan 345,141.51296,0.0,0.0,3.313211,6.491573
2035-01-01,1,0,Pasadena 4 345,244.671261,0.0,0.0,3.764473,5.338081
2035-01-01,1,0,Coppell 345,282.23967,0.0,0.0,16.9556,21.239884
2035-01-01,1,0,Weatherford 4 345,197.924883,0.0,0.0,30.175874,30.925121
2035-01-01,1,0,Los Fresnos 1 345,111.680994,0.0,0.0,11.646436,21.811879
2035-01-01,1,0,North Richland Hills 1 345,643.200351,0.0,0.0,30.175874,30.925121
2035-01-01,1,0,Spring 3 345,135.438264,0.0,0.0,2.747133,3.015319
2035-01-01,1,0,New Caney 345,317.105193,0.0,0.0,3.127824,3.732056
2035-01-01,1,0,Glen Rose 2 345,40.939007,0.0,0.0,34.362252,4.685293
2035-01-01,1,0,Austin 27 345,526.378841,0.0,0.0,6.716497,24.21213
2035-01-01,1,0,Dallas 3 345,383.983995,0.0,0.0,98.320218,9.397645
2035-01-01,1,0,Bryan 5 345,29.389981,0.0,0.0,3.313211,6.491573
2035-01-01,1,0,Wadsworth 2 345,26.862545,0.0,0.0,4.266067,6.580054
2035-01-01,1,0,Edinburg 1 345,608.477649,0.0,0.0,11.68045,21.884128
2035-01-01,1,0,Agua Dulce 345,180.884986,0.0,0.0,10.946095,20.324285
2035-01-01,1,0,Plano 2 345,752.363033,0.0,0.0,17.019233,21.424238
2035-01-01,1,0,Frost 345,97.861091,0.0,0.0,21.235909,-9.550587
2035-01-01,1,0,Katy 2 345,316.770109,0.0,0.0,4.562181,7.230652
2035-01-01,1,0,Kennedale 2 345,470.363439,0.0,0.0,45.959969,8.602497
2035-01-01,1,0,Mission 3 345,349.273854,0.0,0.0,11.892272,22.334057
2035-01-01,1,0,Trent 2 345,48.721631,0.0,0.0,-309.915162,-319.395694
2035-01-01,1,0,Knox City 345,189.208004,0.0,0.0,-1000.0,-1000.0
2035-01-01,1,0,Tell 345,15.294314,0.0,0.0,-1000.0,-1000.0
2035-01-01,1,0,Whitesboro 345,21.969152,0.0,0.0,19.932507,24.867498
2035-01-01,1,0,Mount Enterprise 345,0.95132,0.0,0.0,0.071096,-4.736321
2035-01-01,2,0,Tennessee Colony 345,26.386769,0.0,0.0,-22.081006,-22.081006
2035-01-01,2,0,Wheeler 345,172.617104,0.0,0.0,-1000.0,-1000.0
2035-01-01,2,0,Alpine 2 345,97.225341,0.0,0.0,74.589844,74.589844
2035-01-01,2,0,Rosharon 345,81.699765,0.0,0.0,2.940378,2.940378
2035-01-01,2,0,Sullivan City 345,28.444699,0.0,0.0,22.29596,22.29596
2035-01-01,2,0,Prosper 345,337.61072,0.0,0.0,10.650515,10.650515
2035-01-01,2,0,Eastland 345,23.725553,0.0,0.0,-161.755573,-161.755573
2035-01-01,2,0,Fischer 345,155.350671,0.0,0.0,35.025646,35.025646
2035-01-01,2,0,Bryan 1 345,56.263126,0.0,0.0,3.602318,3.602318
2035-01-01,2,0,Rowlett 1 345,599.299671,0.0,0.0,6.75883,6.75883
2035-01-01,2,0,Weatherford 3 345,25.261265,0.0,0.0,-8.735649,-8.735649
2035-01-01,2,0,Odonnell 345,235.697999,0.0,0.0,-563.067208,-563.067208
2035-01-01,2,0,Dallas 10 345,443.62285,0.0,0.0,-5.512397,-5.512397
2035-01-01,2,0,O'Donnell 345,50.181681,0.0,0.0,-580.377258,-580.377258
2035-01-01,2,0,Canyon Lake 1 345,39.724638,0.0,0.0,35.441054,35.441054
2035-01-01,2,0,Adrian 1 345,15.875657,0.0,0.0,-580.377258,-580.377258
2035-01-01,2,0,Austin 17 345,163.270395,0.0,0.0,32.869001,32.869001
2035-01-01,2,0,Taft 2 345,98.490258,0.0,0.0,21.269163,21.269163
2035-01-01,2,0,Dilley 1 345,66.191635,0.0,0.0,32.334811,32.334811
2035-01-01,2,0,Dallas 8 345,271.611091,0.0,0.0,-3.602607,-3.602607
2035-01-01,2,0,San Angelo 3 345,215.743883,0.0,0.0,68.696809,68.696809
2035-01-01,2,0,Carlsbad 345,143.327859,0.0,0.0,74.940765,74.940765
2035-01-01,2,0,Dale 345,131.669048,0.0,0.0,30.771941,30.771941
2035-01-01,2,0,Brenham 345,137.872994,0.0,0.0,6.727063,6.727063
2035-01-01,2,0,Raymondville 345,180.449725,0.0,0.0,21.679805,21.679805
2035-01-01,2,0,Mccamey 345,196.989081,0.0,0.0,74.589844,74.589844
2035-01-01,2,0,Fort Worth 16 345,578.71153,0.0,0.0,-4.655887,-4.655887
2035-01-01,2,0,Art 345,87.381184,0.0,0.0,46.540189,46.540189
2035-01-01,2,0,Austin 22 345,966.225726,0.0,0.0,32.869001,32.869001
2035-01-01,2,0,Abilene 2 345,282.158495,0.0,0.0,-296.420611,-296.420611
2035-01-01,2,0,Campbellton 345,30.586854,0.0,0.0,26.425114,26.425114
2035-01-01,2,0,Corpus Christi 11 345,243.804716,0.0,0.0,21.304521,21.304521
2035-01-01,2,0,New Braunfels 2 345,246.664993,0.0,0.0,35.584423,35.584423
2035-01-01,2,0,Abilene 5 345,340.729828,0.0,0.0,-310.457799,-310.457799
2035-01-01,2,0,Rule 2 345,155.181918,0.0,0.0,-906.307099,-906.307099
2035-01-01,2,0,Cedar Creek 2 345,18.854178,0.0,0.0,30.035389,30.035389
2035-01-01,2,0,Fort Worth 15 345,143.649075,0.0,0.0,-9.504922,-9.504922
2035-01-01,2,0,Lytle 345,43.322411,0.0,0.0,29.59947,29.59947
2035-01-01,2,0,Conroe 4 345,58.92595,0.0,0.0,-2.474822,-2.474822
2035-01-01,2,0,Gordon 345,53.072052,0.0,0.0,-22.894706,-22.894706
2035-01-01,2,0,Melvin 345,67.581127,0.0,0.0,58.968316,58.968316
2035-01-01,2,0,Blum 345,147.674321,0.0,0.0,-9.862971,-9.862971
2035-01-01,2,0,Rockdale 2 345,41.256237,0.0,0.0,10.306404,10.306404
2035-01-01,2,0,Richards 2 345,2.514332,0.0,0.0,-0.741584,-0.741584
2035-01-01,2,0,Tarpley 345,143.640724,0.0,0.0,46.93911,46.93911
2035-01-01,2,0,Bayside 3 345,70.906334,0.0,0.0,19.92449,19.92449
2035-01-01,2,0,San Antonio 25 345,664.66551,0.0,0.0,38.116252,38.116252
2035-01-01,2,0,Roscoe 2 345,36.407548,0.0,0.0,-406.753535,-406.753535
2035-01-01,2,0,Lopeno 345,132.481086,0.0,0.0,23.324764,23.324764
2035-01-01,2,0,Crane 2 345,443.153812,0.0,0.0,74.254067,74.254067
2035-01-01,2,0,Brownsville 1 345,169.582441,0.0,0.0,21.700408,21.700408
2035-01-01,2,0,San Antonio 14 345,229.274558,0.0,0.0,31.897944,31.897944
2035-01-01,2,0,Monahans 2 345,262.674317,0.0,0.0,74.589844,74.589844
2035-01-01,2,0,Centerville 345,24.085774,0.0,0.0,-7.638316,-7.638316
2035-01-01,2,0,Fort Worth 10 345,192.899844,0.0,0.0,-13.144461,-13.144461
2035-01-01,2,0,Del Valle 345,104.943615,0.0,0.0,30.771941,30.771941
2035-01-01,2,0,Texas City 2 345,159.749326,0.0,0.0,2.424244,2.424244
2035-01-01,2,0,Electra 345,857.863727,0.0,0.0,76.81809,76.81809
2035-01-01,2,0,Odessa 8 345,846.645973,0.0,0.0,74.254067,74.254067
2035-01-01,2,0,Weatherford 2 345,159.966017,0.0,0.0,-4.701193,-4.701193
2035-01-01,2,0,Burnet 345,471.179962,0.0,0.0,39.141742,39.141742
2035-01-01,2,0,Feeeport 345,132.776697,0.0,0.0,2.940378,2.940378
2035-01-01,2,0,Waco 2 345,270.447309,0.0,0.0,-66.480595,-66.480595
2035-01-01,2,0,San Antonio 33 345,436.243994,0.0,0.0,36.456055,36.456055
2035-01-01,2,0,Calliham 345,62.181207,0.0,0.0,26.206946,26.206946
2035-01-01,2,0,Eden 345,19.416336,0.0,0.0,63.686772,63.686772
2035-01-01,2,0,Tomball 1 345,285.471842,0.0,0.0,-0.020094,-0.020094
2035-01-01,2,0,Houston 46 345,401.310731,0.0,0.0,3.706723,3.706723
2035-01-01,2,0,Houston 45 345,269.544859,0.0,0.0,4.113584,4.113584
2035-01-01,2,0,Camp Wood 345,450.950148,0.0,0.0,56.764468,56.764468
2035-01-01,2,0,Sarita 1 345,129.370558,0.0,0.0,21.520497,21.520497
2035-01-01,2,0,Brownsville 2 345,185.311147,0.0,0.0,21.679805,21.679805
2035-01-01,2,0,Laredo 5 345,250.612663,0.0,0.0,32.334811,32.334811
2035-01-01,2,0,Snyder 2 345,62.746229,0.0,0.0,-443.349444,-443.349444
2035-01-01,2,0,Panhandle 3 345,28.632255,0.0,0.0,-1000.0,-1000.0
2035-01-01,2,0,Allen 1 345,225.077813,0.0,0.0,7.928329,7.928329
2035-01-01,2,0,Castell 345,78.187204,0.0,0.0,45.216122,45.216122
2035-01-01,2,0,Mexia 345,73.204279,0.0,0.0,-28.573226,-28.573226
2035-01-01,2,0,Bastrop 2 345,107.851714,0.0,0.0,14.610304,14.610304
2035-01-01,2,0,Bayside 1 345,57.54476,0.0,0.0,19.193284,19.193284
2035-01-01,2,0,Tyler 8 345,137.895097,0.0,0.0,-22.081006,-22.081006
2035-01-01,2,0,Blue Ridge 345,310.363827,0.0,0.0,9.932603,9.932603
2035-01-01,2,0,San Antonio 2 345,853.323613,0.0,0.0,32.375282,32.375282
2035-01-01,2,0,Houston 12 345,368.463218,0.0,0.0,3.894156,3.894156
2035-01-01,2,0,San Perlita 345,73.107179,0.0,0.0,21.700408,21.700408
2035-01-01,2,0,Houston 48 345,413.799179,0.0,0.0,2.424244,2.424244
2035-01-01,2,0,Throckmorton 345,1.019809,0.0,0.0,221.302046,221.302046
2035-01-01,2,0,San Antonio 29 345,86.981254,0.0,0.0,37.225847,37.225847
2035-01-01,2,0,Houston 11 345,553.457266,0.0,0.0,2.940378,2.940378
2035-01-01,2,0,East Bernard 1 345,112.167086,0.0,0.0,6.472934,6.472934
2035-01-01,2,0,Meyersville 345,330.71876,0.0,0.0,11.98455,11.98455
2035-01-01,2,0,Conroe 7 345,34.94692,0.0,0.0,-0.125995,-0.125995
2035-01-01,2,0,Loving 345,41.098297,0.0,0.0,76.81809,76.81809
2035-01-01,2,0,Merkel 2 345,163.833965,0.0,0.0,-331.43339,-331.43339
2035-01-01,2,0,Montgomery 2 345,38.623042,0.0,0.0,-0.61204,-0.61204
2035-01-01,2,0,Houston 20 345,220.619171,0.0,0.0,3.14847,3.14847
2035-01-01,2,0,Fort Worth 12 345,189.654452,0.0,0.0,-10.852242,-10.852242
2035-01-01,2,0,Alto 345,109.554768,0.0,0.0,-9.646251,-9.646251
2035-01-01,2,0,Reagan 345,142.329323,0.0,0.0,3.602318,3.602318
2035-01-01,2,0,Pasadena 4 345,244.213742,0.0,0.0,2.241233,2.241233
2035-01-01,2,0,Coppell 345,283.860795,0.0,0.0,6.760917,6.760917
2035-01-01,2,0,Weatherford 4 345,199.060689,0.0,0.0,16.108933,16.108933
2035-01-01,2,0,Los Fresnos 1 345,111.362756,0.0,0.0,21.679805,21.679805
2035-01-01,2,0,North Richland Hills 1 345,646.89475,0.0,0.0,16.108933,16.108933
2035-01-01,2,0,Spring 3 345,135.187127,0.0,0.0,-0.499554,-0.499554
2035-01-01,2,0,New Caney 345,316.513693,0.0,0.0,0.346173,0.346173
2035-01-01,2,0,Glen Rose 2 345,41.176282,0.0,0.0,-8.87496,-8.87496
2035-01-01,2,0,Austin 27 345,528.517989,0.0,0.0,24.512028,24.512028
2035-01-01,2,0,Dallas 3 345,386.189615,0.0,0.0,-4.525152,-4.525152
2035-01-01,2,0,Bryan 5 345,29.257679,0.0,0.0,3.602318,3.602318
2035-01-01,2,0,Wadsworth 2 345,26.812798,0.0,0.0,3.706723,3.706723
2035-01-01,2,0,Edinburg 1 345,606.758288,0.0,0.0,21.765057,21.765057
2035-01-01,2,0,Agua Dulce 345,180.371473,0.0,0.0,19.92449,19.92449
2035-01-01,2,0,Plano 2 345,756.686172,0.0,0.0,6.945659,6.945659
2035-01-01,2,0,Frost 345,98.423552,0.0,0.0,-19.772773,-19.772773
2035-01-01,2,0,Katy 2 345,316.176751,0.0,0.0,4.474408,4.474408
2035-01-01,2,0,Kennedale 2 345,473.065332,0.0,0.0,-5.284524,-5.284524
2035-01-01,2,0,Mission 3 345,348.281272,0.0,0.0,22.29596,22.29596
2035-01-01,2,0,Trent 2 345,48.763398,0.0,0.0,-331.43339,-331.43339
2035-01-01,2,0,Knox City 345,189.526607,0.0,1314.503928,-1000.0,-1000.0
2035-01-01,2,0,Tell 345,15.314927,0.0,0.0,-1000.0,-1000.0
2035-01-01,2,0,Whitesboro 345,22.008637,0.0,0.0,10.345111,10.345111
2035-01-01,2,0,Mount Enterprise 345,0.947827,0.0,0.0,-9.646251,-9.646251
2035-01-01,3,0,Tennessee Colony 345,25.663588,0.0,0.0,-19.007436,-19.007436
2035-01-01,3,0,Wheeler 345,173.548147,0.0,1261.192376,-1000.0,-1000.0
2035-01-01,3,0,Alpine 2 345,97.544096,0.0,0.0,57.920613,57.920613
2035-01-01,3,0,Rosharon 345,81.461963,0.0,0.0,0.903905,0.903905
2035-01-01,3,0,Sullivan City 345,28.256647,0.0,0.0,16.306554,16.306554
2035-01-01,3,0,Prosper 345,339.618451,0.0,0.0,20.185472,20.185472
2035-01-01,3,0,Eastland 345,23.863564,0.0,0.0,-152.599801,-152.599801
2035-01-01,3,0,Fischer 345,156.628285,0.0,0.0,26.436494,26.436494
2035-01-01,3,0,Bryan 1 345,54.723561,0.0,0.0,1.430659,1.430659
2035-01-01,3,0,Rowlett 1 345,602.857976,0.0,0.0,16.147166,16.147166
2035-01-01,3,0,Weatherford 3 345,25.409889,0.0,0.0,1.110425,1.110425
2035-01-01,3,0,Odonnell 345,236.472549,0.0,0.0,-556.977149,-556.977149
2035-01-01,3,0,Dallas 10 345,446.255206,0.0,0.0,10.079939,10.079939
2035-01-01,3,0,O'Donnell 345,50.349196,0.0,0.0,-574.528471,-574.528471
2035-01-01,3,0,Canyon Lake 1 345,40.049872,0.0,0.0,26.767064,26.767064
2035-01-01,3,0,Adrian 1 345,15.962661,0.0,0.0,-574.528471,-574.528471
2035-01-01,3,0,Austin 17 345,164.614969,0.0,0.0,24.720294,24.720294
2035-01-01,3,0,Taft 2 345,97.84772,0.0,0.0,15.489457,15.489457
2035-01-01,3,0,Dilley 1 345,65.761994,0.0,0.0,24.2952,24.2952
2035-01-01,3,0,Dallas 8 345,273.227952,0.0,0.0,5.006662,5.006662
2035-01-01,3,0,San Angelo 3 345,214.243375,0.0,0.0,53.231095,53.231095
2035-01-01,3,0,Carlsbad 345,142.332807,0.0,0.0,58.199866,58.199866
2035-01-01,3,0,Dale 345,132.755573,0.0,0.0,23.05151,23.05151
2035-01-01,3,0,Brenham 345,139.005177,0.0,0.0,3.917247,3.917247
2035-01-01,3,0,Raymondville 345,179.259851,0.0,0.0,15.816234,15.816234
2035-01-01,3,0,Mccamey 345,197.631551,0.0,0.0,57.920613,57.920613
2035-01-01,3,0,Fort Worth 16 345,582.146767,0.0,0.0,4.605621,4.605621
2035-01-01,3,0,Art 345,86.778666,0.0,0.0,35.599456,35.599456
2035-01-01,3,0,Austin 22 345,974.181354,0.0,0.0,24.720294,24.720294
2035-01-01,3,0,Abilene 2 345,280.215816,0.0,0.0,-287.693577,-287.693577
2035-01-01,3,0,Campbellton 345,30.387186,0.0,0.0,19.592422,19.592422
2035-01-01,3,0,Corpus Christi 11 345,242.204035,0.0,0.0,15.517593,15.517593
2035-01-01,3,0,New Braunfels 2 345,248.693499,0.0,0.0,26.881153,26.881153
2035-01-01,3,0,Abilene 5 345,338.366938,0.0,0.0,-301.304103,-301.304103
2035-01-01,3,0,Rule 2 345,156.015388,0.0,0.0,-905.001189,-905.001189
2035-01-01,3,0,Cedar Creek 2 345,19.010831,0.0,0.0,22.465382,22.465382
2035-01-01,3,0,Fort Worth 15 345,144.500833,0.0,0.0,0.398226,0.398226
2035-01-01,3,0,Lytle 345,43.032968,0.0,0.0,22.118489,22.118489
2035-01-01,3,0,Conroe 4 345,58.756405,0.0,0.0,-3.405365,-3.405365
2035-01-01,3,0,Gordon 345,53.387037,0.0,0.0,-12.874108,-12.874108
2035-01-01,3,0,Melvin 345,67.111468,0.0,0.0,45.489423,45.489423
2035-01-01,3,0,Blum 345,148.554713,0.0,0.0,2.353047,2.353047
2035-01-01,3,0,Rockdale 2 345,41.592864,0.0,0.0,6.765589,6.765589
2035-01-01,3,0,Richards 2 345,2.442854,0.0,0.0,-2.026101,-2.026101
2035-01-01,3,0,Tarpley 345,144.818086,0.0,0.0,35.916906,35.916906
2035-01-01,3,0,Bayside 3 345,70.435435,0.0,0.0,14.419402,14.419402
2035-01-01,3,0,San Antonio 25 345,670.134215,0.0,0.0,28.895914,28.895914
2035-01-01,3,0,Roscoe 2 345,36.145122,0.0,0.0,-398.484745,-398.484745
2035-01-01,3,0,Lopeno 345,131.612351,0.0,0.0,17.125248,17.125248
2035-01-01,3,0,Crane 2 345,444.609564,0.0,0.0,57.65341,57.65341
2035-01-01,3,0,Brownsville 1 345,168.4697,0.0,0.0,15.832629,15.832629
2035-01-01,3,0,San Antonio 14 345,231.167434,0.0,0.0,23.947553,23.947553
2035-01-01,3,0,Monahans 2 345,263.539724,0.0,0.0,57.920613,57.920613
2035-01-01,3,0,Centerville 345,23.426576,0.0,0.0,-7.514334,-7.514334
2035-01-01,3,0,Fort Worth 10 345,194.042952,0.0,0.0,-3.391392,-3.391392
2035-01-01,3,0,Del Valle 345,105.80658,0.0,0.0,23.05151,23.05151
2035-01-01,3,0,Texas City 2 345,159.292937,0.0,0.0,0.49318,0.49318
2035-01-01,3,0,Electra 345,862.472184,0.0,0.0,87.725069,87.725069
2035-01-01,3,0,Odessa 8 345,849.428522,0.0,0.0,57.65341,57.65341
2035-01-01,3,0,Weatherford 2 345,160.919347,0.0,0.0,5.229987,5.229987
2035-01-01,3,0,Burnet 345,475.057277,0.0,0.0,29.711972,29.711972
2035-01-01,3,0,Feeeport 345,132.395119,0.0,0.0,0.903905,0.903905
2035-01-01,3,0,Waco 2 345,272.057759,0.0,0.0,-60.727359,-60.727359
2035-01-01,3,0,San Antonio 33 345,439.840173,0.0,0.0,27.574774,27.574774
2035-01-01,3,0,Calliham 345,61.775824,0.0,0.0,19.41881,19.41881
2035-01-01,3,0,Eden 345,19.287523,0.0,0.0,49.244242,49.244242
2035-01-01,3,0,Tomball 1 345,284.650585,0.0,0.0,-1.451959,-1.451959
2035-01-01,3,0,Houston 46 345,400.155774,0.0,0.0,1.513741,1.513741
2035-01-01,3,0,Houston 45 345,268.770942,0.0,0.0,1.837511,1.837511
2035-01-01,3,0,Camp Wood 345,447.83502,0.0,0.0,43.73566,43.73566
2035-01-01,3,0,Sarita 1 345,128.519633,0.0,0.0,15.689461,15.689461
2035-01-01,3,0,Brownsville 2 345,184.090383,0.0,0.0,15.816234,15.816234
2035-01-01,3,0,Laredo 5 345,248.968743,0.0,0.0,24.2952,24.2952
2035-01-01,3,0,Snyder 2 345,62.312367,0.0,0.0,-435.590735,-435.590735
2035-01-01,3,0,Panhandle 3 345,28.802572,0.0,0.0,-1000.0,-1000.0
2035-01-01,3,0,Allen 1 345,226.414291,0.0,0.0,17.410098,17.410098
2035-01-01,3,0,Castell 345,77.651264,0.0,0.0,34.545799,34.545799
2035-01-01,3,0,Mexia 345,73.638527,0.0,0.0,-24.173769,-24.173769
2035-01-01,3,0,Bastrop 2 345,108.737295,0.0,0.0,10.190517,10.190517
2035-01-01,3,0,Bayside 1 345,57.171109,0.0,0.0,13.837528,13.837528
2035-01-01,3,0,Tyler 8 345,134.123883,0.0,0.0,-19.007436,-19.007436
2035-01-01,3,0,Blue Ridge 345,312.208488,0.0,0.0,19.44578,19.44578
2035-01-01,3,0,San Antonio 2 345,860.349273,0.0,0.0,24.327406,24.327406
2035-01-01,3,0,Houston 12 345,367.403471,0.0,0.0,1.662896,1.662896
2035-01-01,3,0,San Perlita 345,72.634702,0.0,0.0,15.832629,15.832629
2035-01-01,3,0,Houston 48 345,412.611666,0.0,0.0,0.49318,0.49318
2035-01-01,3,0,Throckmorton 345,1.026903,0.0,0.0,234.183785,234.183785
2035-01-01,3,0,San Antonio 29 345,87.698254,0.0,0.0,28.187354,28.187354
2035-01-01,3,0,Houston 11 345,551.86724,0.0,0.0,0.903905,0.903905
2035-01-01,3,0,East Bernard 1 345,111.843977,0.0,0.0,3.715017,3.715017
2035-01-01,3,0,Meyersville 345,333.441628,0.0,0.0,8.101012,8.101012
2035-01-01,3,0,Conroe 7 345,34.846274,0.0,0.0,-1.536231,-1.536231
2035-01-01,3,0,Loving 345,41.344803,0.0,0.0,87.725069,87.725069
2035-01-01,3,0,Merkel 2 345,162.698609,0.0,0.0,-321.642137,-321.642137
2035-01-01,3,0,Montgomery 2 345,38.511804,0.0,0.0,-1.923014,-1.923014
2035-01-01,3,0,Houston 20 345,219.983568,0.0,0.0,1.069499,1.069499
2035-01-01,3,0,Fort Worth 12 345,190.77716,0.0,0.0,-1.07965,-1.07965
2035-01-01,3,0,Alto 345,106.556261,0.0,0.0,-9.112194,-9.112194
2035-01-01,3,0,Reagan 345,143.175411,0.0,0.0,1.430659,1.430659
2035-01-01,3,0,Pasadena 4 345,243.509444,0.0,0.0,0.347544,0.347544
2035-01-01,3,0,Coppell 345,285.544822,0.0,0.0,16.310857,16.310857
2035-01-01,3,0,Weatherford 4 345,200.246165,0.0,0.0,26.236074,26.236074
2035-01-01,3,0,Los Fresnos 1 345,110.640775,0.0,0.0,15.816234,15.816234
2035-01-01,3,0,North Richland Hills 1 345,650.740332,0.0,0.0,26.236074,26.236074
2035-01-01,3,0,Spring 3 345,134.795631,0.0,0.0,-1.8335,-1.8335
2035-01-01,3,0,New Caney 345,315.602505,0.0,0.0,-1.160494,-1.160494
2035-01-01,3,0,Glen Rose 2 345,41.422418,0.0,0.0,2.478998,2.478998
2035-01-01,3,0,Austin 27 345,532.866118,0.0,0.0,18.07004,18.07004
2035-01-01,3,0,Dallas 3 345,388.479948,0.0,0.0,11.833349,11.833349
2035-01-01,3,0,Bryan 5 345,28.457584,0.0,0.0,1.430659,1.430659
2035-01-01,3,0,Wadsworth 2 345,26.738072,0.0,0.0,1.513741,1.513741
2035-01-01,3,0,Edinburg 1 345,602.775733,0.0,0.0,15.884075,15.884075
2035-01-01,3,0,Agua Dulce 345,179.191124,0.0,0.0,14.419402,14.419402
2035-01-01,3,0,Plano 2 345,761.180212,0.0,0.0,16.484811,16.484811
2035-01-01,3,0,Frost 345,99.006624,0.0,0.0,-11.696761,-11.696761
2035-01-01,3,0,Katy 2 345,315.27006,0.0,0.0,2.124645,2.124645
2035-01-01,3,0,Kennedale 2 345,475.880175,0.0,0.0,6.989879,6.989879
2035-01-01,3,0,Mission 3 345,346.001557,0.0,0.0,16.306554,16.306554
2035-01-01,3,0,Trent 2 345,48.431426,0.0,0.0,-321.642137,-321.642137
2035-01-01,3,0,Knox City 345,190.55754,0.0,0.0,-1000.0,-1000.0
2035-01-01,3,0,Tell 345,15.386959,0.0,0.0,-1000.0,-1000.0
2035-01-01,3,0,Whitesboro 345,22.138379,0.0,0.0,19.870803,19.870803
2035-01-01,3,0,Mount Enterprise 345,0.920232,0.0,0.0,-9.112194,-9.112194
2035-01-01,4,0,Tennessee Colony 345,26.926748,0.0,0.0,-4.262087,-4.262087
2035-01-01,4,0,Wheeler 345,174.526738,0.0,1191.178446,-1000.0,-1000.0
2035-01-01,4,0,Alpine 2 345,98.00903,0.0,0.0,21.649731,21.649731
2035-01-01,4,0,Rosharon 345,81.965277,0.0,0.0,3.114403,3.114403
2035-01-01,4,0,Sullivan City 345,27.908878,0.0,0.0,9.606298,9.606298
2035-01-01,4,0,Prosper 345,343.551607,0.0,0.0,20.29277,20.29277
2035-01-01,4,0,Eastland 345,24.141945,0.0,0.0,-145.226591,-145.226591
2035-01-01,4,0,Fischer 345,157.839735,0.0,0.0,10.151126,10.151126
2035-01-01,4,0,Bryan 1 345,57.417198,0.0,0.0,2.943516,2.943516
2035-01-01,4,0,Rowlett 1 345,609.84188,0.0,0.0,15.433027,15.433027
2035-01-01,4,0,Weatherford 3 345,25.706371,0.0,0.0,5.576719,5.576719
2035-01-01,4,0,Odonnell 345,237.583175,0.0,0.0,-549.985877,-549.985877
2035-01-01,4,0,Dallas 10 345,451.425923,0.0,0.0,89.320359,89.320359
2035-01-01,4,0,O'Donnell 345,50.58659,0.0,0.0,-567.814174,-567.814174
2035-01-01,4,0,Canyon Lake 1 345,40.3579,0.0,0.0,10.223903,10.223903
2035-01-01,4,0,Adrian 1 345,16.055418,0.0,0.0,-567.814174,-567.814174
2035-01-01,4,0,Austin 17 345,165.89013,0.0,0.0,9.773293,9.773293
2035-01-01,4,0,Taft 2 345,96.629477,0.0,0.0,9.265617,9.265617
2035-01-01,4,0,Dilley 1 345,64.944634,0.0,0.0,11.105649,11.105649
2035-01-01,4,0,Dallas 8 345,276.39386,0.0,0.0,-1.158827,-1.158827
2035-01-01,4,0,San Angelo 3 345,214.079633,0.0,0.0,19.941042,19.941042
2035-01-01,4,0,Carlsbad 345,142.233974,0.0,0.0,21.751481,21.751481
2035-01-01,4,0,Dale 345,133.775218,0.0,0.0,9.290939,9.290939
2035-01-01,4,0,Brenham 345,140.082645,0.0,0.0,3.823917,3.823917
2035-01-01,4,0,Raymondville 345,177.039915,0.0,0.0,9.401864,9.401864
2035-01-01,4,0,Mccamey 345,198.565299,0.0,0.0,21.649731,21.649731
2035-01-01,4,0,Fort Worth 16 345,588.893972,0.0,0.0,4.512429,4.512429
2035-01-01,4,0,Art 345,86.70458,0.0,0.0,13.449344,13.449344
2035-01-01,4,0,Austin 22 345,981.705183,0.0,0.0,9.773293,9.773293
2035-01-01,4,0,Abilene 2 345,280.005764,0.0,0.0,-279.015053,-279.015053
2035-01-01,4,0,Campbellton 345,30.012071,0.0,0.0,11.258544,11.258544
2035-01-01,4,0,Corpus Christi 11 345,239.196596,0.0,0.0,9.277348,9.277348
2035-01-01,4,0,New Braunfels 2 345,250.611867,0.0,0.0,10.342357,10.342357
2035-01-01,4,0,Abilene 5 345,338.119317,0.0,0.0,-291.363389,-291.363389
2035-01-01,4,0,Rule 2 345,156.891814,0.0,0.0,-903.502028,-903.502028
2035-01-01,4,0,Cedar Creek 2 345,19.153391,0.0,0.0,9.121522,9.121522
2035-01-01,4,0,Fort Worth 15 345,146.179061,0.0,0.0,8.683253,8.683253
2035-01-01,4,0,Lytle 345,42.504057,0.0,0.0,12.800384,12.800384
2035-01-01,4,0,Conroe 4 345,59.118534,0.0,0.0,1.431158,1.431158
2035-01-01,4,0,Gordon 345,54.008268,0.0,0.0,-7.478867,-7.478867
2035-01-01,4,0,Melvin 345,67.067969,0.0,0.0,17.084587,17.084587
2035-01-01,4,0,Blum 345,150.273828,0.0,0.0,51.310921,51.310921
2035-01-01,4,0,Rockdale 2 345,41.917904,0.0,0.0,4.545252,4.545252
2035-01-01,4,0,Richards 2 345,2.565744,0.0,0.0,1.831514,1.831514
2035-01-01,4,0,Tarpley 345,145.937477,0.0,0.0,13.790176,13.790176
2035-01-01,4,0,Bayside 3 345,69.561876,0.0,0.0,8.819467,8.819467
2035-01-01,4,0,San Antonio 25 345,675.308703,0.0,0.0,11.295969,11.295969
2035-01-01,4,0,Roscoe 2 345,36.118144,0.0,0.0,-388.99233,-388.99233
2035-01-01,4,0,Lopeno 345,129.977309,0.0,0.0,9.947646,9.947646
2035-01-01,4,0,Crane 2 345,446.702272,0.0,0.0,21.552372,21.552372
2035-01-01,4,0,Brownsville 1 345,166.377217,0.0,0.0,9.4087,9.4087
2035-01-01,4,0,San Antonio 14 345,232.951073,0.0,0.0,13.916792,13.916792
2035-01-01,4,0,Monahans 2 345,264.780266,0.0,0.0,21.649731,21.649731
2035-01-01,4,0,Centerville 345,24.578082,0.0,0.0,-0.114725,-0.114725
2035-01-01,4,0,Fort Worth 10 345,196.29404,0.0,0.0,1.088053,1.088053
2035-01-01,4,0,Del Valle 345,106.62921,0.0,0.0,9.290939,9.290939
2035-01-01,4,0,Texas City 2 345,160.272314,0.0,0.0,2.95653,2.95653
2035-01-01,4,0,Electra 345,867.287669,0.0,0.0,92.385351,92.385351
2035-01-01,4,0,Odessa 8 345,853.431453,0.0,0.0,21.552372,21.552372
2035-01-01,4,0,Weatherford 2 345,162.783314,0.0,0.0,9.684248,9.684248
2035-01-01,4,0,Burnet 345,478.728851,0.0,0.0,11.459972,11.459972
2035-01-01,4,0,Feeeport 345,133.21083,0.0,0.0,3.114403,3.114403
2035-01-01,4,0,Waco 2 345,275.208689,0.0,0.0,-45.747716,-45.747716
2035-01-01,4,0,San Antonio 33 345,443.233929,0.0,0.0,10.226695,10.226695
2035-01-01,4,0,Calliham 345,61.012153,0.0,0.0,10.903926,10.903926
2035-01-01,4,0,Eden 345,19.261007,0.0,0.0,18.464742,18.464742
2035-01-01,4,0,Tomball 1 345,286.403932,0.0,0.0,2.17026,2.17026
2035-01-01,4,0,Houston 46 345,402.617753,0.0,0.0,3.352614,3.352614
2035-01-01,4,0,Houston 45 345,270.425018,0.0,0.0,3.479083,3.479083
2035-01-01,4,0,Camp Wood 345,447.495395,0.0,0.0,16.567789,16.567789
2035-01-01,4,0,Sarita 1 345,126.935017,0.0,0.0,9.349007,9.349007
2035-01-01,4,0,Brownsville 2 345,181.813673,0.0,0.0,9.401864,9.401864
2035-01-01,4,0,Laredo 5 345,245.887683,0.0,0.0,11.105649,11.105649
2035-01-01,4,0,Snyder 2 345,62.260229,0.0,0.0,-426.683883,-426.683883
2035-01-01,4,0,Panhandle 3 345,28.951825,0.0,0.0,-1000.0,-1000.0
2035-01-01,4,0,Allen 1 345,229.04033,0.0,0.0,17.357442,17.357442
2035-01-01,4,0,Castell 345,77.584899,0.0,0.0,13.018773,13.018773
2035-01-01,4,0,Mexia 345,74.488033,0.0,0.0,-6.16773,-6.16773
2035-01-01,4,0,Bastrop 2 345,109.575886,0.0,0.0,5.573537,5.573537
2035-01-01,4,0,Bayside 1 345,56.463388,0.0,0.0,8.57686,8.57686
2035-01-01,4,0,Tyler 8 345,140.720977,0.0,0.0,-4.262087,-4.262087
2035-01-01,4,0,Blue Ridge 345,315.824518,0.0,0.0,19.44578,19.44578
2035-01-01,4,0,San Antonio 2 345,866.987059,0.0,0.0,14.148644,14.148644
2035-01-01,4,0,Houston 12 345,369.667712,0.0,0.0,3.410876,3.410876
2035-01-01,4,0,San Perlita 345,71.733545,0.0,0.0,9.4087,9.4087
2035-01-01,4,0,Houston 48 345,415.149812,0.0,0.0,2.95653,2.95653
2035-01-01,4,0,Throckmorton 345,1.037025,0.0,0.0,241.422512,241.422512
2035-01-01,4,0,San Antonio 29 345,88.371378,0.0,0.0,10.722491,10.722491
2035-01-01,4,0,Houston 11 345,555.262982,0.0,0.0,3.114403,3.114403
2035-01-01,4,0,East Bernard 1 345,112.534011,0.0,0.0,4.290212,4.290212
2035-01-01,4,0,Meyersville 345,336.01731,0.0,0.0,6.185071,6.185071
2035-01-01,4,0,Conroe 7 345,35.063883,0.0,0.0,2.14902,2.14902
2035-01-01,4,0,Loving 345,41.818779,0.0,0.0,92.385351,92.385351
2035-01-01,4,0,Merkel 2 345,162.576722,0.0,0.0,-309.815351,-309.815351
2035-01-01,4,0,Montgomery 2 345,38.748006,0.0,0.0,1.904448,1.904448
2035-01-01,4,0,Houston 20 345,221.340759,0.0,0.0,3.179086,3.179086
2035-01-01,4,0,Fort Worth 12 345,192.987412,0.0,0.0,4.59814,4.59814
2035-01-01,4,0,Alto 345,111.798315,0.0,0.0,-0.612148,-0.612148
2035-01-01,4,0,Reagan 345,144.833891,0.0,0.0,2.943516,2.943516
2035-01-01,4,0,Pasadena 4 345,245.007154,0.0,0.0,2.900552,2.900552
2035-01-01,4,0,Coppell 345,288.855939,0.0,0.0,16.95367,16.95367
2035-01-01,4,0,Weatherford 4 345,202.563598,0.0,0.0,30.172866,30.172866
2035-01-01,4,0,Los Fresnos 1 345,109.268198,0.0,0.0,9.401864,9.401864
2035-01-01,4,0,North Richland Hills 1 345,658.279841,0.0,0.0,30.172866,30.172866
2035-01-01,4,0,Spring 3 345,135.626649,0.0,0.0,2.022528,2.022528
2035-01-01,4,0,New Caney 345,317.546424,0.0,0.0,2.3209,2.3209
2035-01-01,4,0,Glen Rose 2 345,41.901741,0.0,0.0,34.191276,34.191276
2035-01-01,4,0,Austin 27 345,536.978657,0.0,0.0,7.851072,7.851072
2035-01-01,4,0,Dallas 3 345,392.985113,0.0,0.0,97.945577,97.945577
2035-01-01,4,0,Bryan 5 345,29.857305,0.0,0.0,2.943516,2.943516
2035-01-01,4,0,Wadsworth 2 345,26.901867,0.0,0.0,3.352614,3.352614
2035-01-01,4,0,Edinburg 1 345,595.30136,0.0,0.0,9.43015,9.43015
2035-01-01,4,0,Agua Dulce 345,176.971439,0.0,0.0,8.819467,8.819467
2035-01-01,4,0,Plano 2 345,770.000039,0.0,0.0,17.017566,17.017566
2035-01-01,4,0,Frost 345,100.158849,0.0,0.0,20.867613,20.867613
2035-01-01,4,0,Katy 2 345,317.209935,0.0,0.0,3.603132,3.603132
2035-01-01,4,0,Kennedale 2 345,481.392986,0.0,0.0,45.776895,45.776895
2035-01-01,4,0,Mission 3 345,341.715013,0.0,0.0,9.606298,9.606298
2035-01-01,4,0,Trent 2 345,48.392905,0.0,0.0,-309.815351,-309.815351
2035-01-01,4,0,Knox City 345,191.606232,0.0,0.0,-1000.0,-1000.0
2035-01-01,4,0,Tell 345,15.482631,0.0,0.0,-1000.0,-1000.0
2035-01-01,4,0,Whitesboro 345,22.251942,0.0,0.0,19.932456,19.932456
2035-01-01,4,0,Mount Enterprise 345,0.967807,0.0,0.0,-0.612148,-0.612148
2035-01-01,5,0,Tennessee Colony 345,28.020089,0.0,0.0,1.236712,1.236712
2035-01-01,5,0,Wheeler 345,177.064033,0.0,0.0,-1000.0,-1000.0
2035-01-01,5,0,Alpine 2 345,98.649173,0.0,0.0,13.455933,13.455933
2035-01-01,5,0,Rosharon 345,82.731127,0.0,0.0,4.726331,4.726331
2035-01-01,5,0,Sullivan City 345,27.54134,0.0,0.0,7.809304,7.809304
2035-01-01,5,0,Prosper 345,350.381212,0.0,0.0,20.327862,20.327862
2035-01-01,5,0,Eastland 345,24.623847,0.0,0.0,-142.834417,-142.834417
2035-01-01,5,0,Fischer 345,161.814586,0.0,0.0,8.018739,8.018739
2035-01-01,5,0,Bryan 1 345,59.747479,0.0,0.0,4.639977,4.639977
2035-01-01,5,0,Rowlett 1 345,621.962605,0.0,0.0,15.199044,15.199044
2035-01-01,5,0,Weatherford 3 345,26.219837,0.0,0.0,7.047257,7.047257
2035-01-01,5,0,Odonnell 345,239.141263,0.0,0.0,-547.78348,-547.78348
2035-01-01,5,0,Dallas 10 345,460.399299,0.0,0.0,115.647069,115.647069
2035-01-01,5,0,O'Donnell 345,50.917844,0.0,0.0,-565.69903,-565.69903
2035-01-01,5,0,Canyon Lake 1 345,41.372018,0.0,0.0,8.05242,8.05242
2035-01-01,5,0,Adrian 1 345,16.28784,0.0,0.0,-565.69903,-565.69903
2035-01-01,5,0,Austin 17 345,170.058457,0.0,0.0,7.843881,7.843881
2035-01-01,5,0,Taft 2 345,95.391529,0.0,0.0,7.647565,7.647565
2035-01-01,5,0,Dilley 1 345,64.106333,0.0,0.0,8.496618,8.496618
2035-01-01,5,0,Dallas 8 345,281.882252,0.0,0.0,-3.182569,-3.182569
2035-01-01,5,0,San Angelo 3 345,214.969161,0.0,0.0,12.648028,12.648028
2035-01-01,5,0,Carlsbad 345,142.817544,0.0,0.0,13.504042,13.504042
2035-01-01,5,0,Dale 345,137.140223,0.0,0.0,7.617739,7.617739
2035-01-01,5,0,Brenham 345,143.59983,0.0,0.0,5.055857,5.055857
2035-01-01,5,0,Raymondville 345,174.761274,0.0,0.0,7.712249,7.712249
2035-01-01,5,0,Mccamey 345,199.860835,0.0,0.0,13.455933,13.455933
2035-01-01,5,0,Fort Worth 16 345,600.595045,0.0,0.0,4.490499,4.490499
2035-01-01,5,0,Art 345,87.067365,0.0,0.0,9.577586,9.577586
2035-01-01,5,0,Austin 22 345,1006.401044,0.0,0.0,7.843881,7.843881
2035-01-01,5,0,Abilene 2 345,281.163306,0.0,0.0,-276.251472,-276.251472
2035-01-01,5,0,Campbellton 345,29.62446,0.0,0.0,8.597487,8.597487
2035-01-01,5,0,Corpus Christi 11 345,236.122112,0.0,0.0,7.653135,7.653135
2035-01-01,5,0,New Braunfels 2 345,256.914886,0.0,0.0,8.109604,8.109604
2035-01-01,5,0,Abilene 5 345,339.517121,0.0,0.0,-288.219292,-288.219292
2035-01-01,5,0,Rule 2 345,159.169627,0.0,0.0,-903.029761,-903.029761
2035-01-01,5,0,Cedar Creek 2 345,19.636442,0.0,0.0,7.538311,7.538311
2035-01-01,5,0,Fort Worth 15 345,149.081845,0.0,0.0,11.442425,11.442425
2035-01-01,5,0,Lytle 345,41.950385,0.0,0.0,9.336016,9.336016
2035-01-01,5,0,Conroe 4 345,59.674279,0.0,0.0,3.928726,3.928726
2035-01-01,5,0,Gordon 345,55.08212,0.0,0.0,-5.71954,-5.71954
2035-01-01,5,0,Melvin 345,67.34151,0.0,0.0,11.296891,11.296891
2035-01-01,5,0,Blum 345,153.261819,0.0,0.0,67.657398,67.657398
2035-01-01,5,0,Rockdale 2 345,42.974992,0.0,0.0,5.392073,5.392073
2035-01-01,5,0,Richards 2 345,2.668293,0.0,0.0,4.116458,4.116458
2035-01-01,5,0,Tarpley 345,149.610986,0.0,0.0,9.742187,9.742187
2035-01-01,5,0,Bayside 3 345,68.666157,0.0,0.0,7.435755,7.435755
2035-01-01,5,0,San Antonio 25 345,692.294305,0.0,0.0,8.563853,8.563853
2035-01-01,5,0,Roscoe 2 345,36.274391,0.0,0.0,-386.002021,-386.002021
2035-01-01,5,0,Lopeno 345,128.308662,0.0,0.0,7.971359,7.971359
2035-01-01,5,0,Crane 2 345,449.623812,0.0,0.0,13.409899,13.409899
2035-01-01,5,0,Brownsville 1 345,164.240079,0.0,0.0,7.715494,7.715494
2035-01-01,5,0,San Antonio 14 345,238.805087,0.0,0.0,9.870767,9.870767
2035-01-01,5,0,Monahans 2 345,266.512093,0.0,0.0,13.455933,13.455933
2035-01-01,5,0,Centerville 345,25.577667,0.0,0.0,3.197054,3.197054
2035-01-01,5,0,Fort Worth 10 345,200.194451,0.0,0.0,2.567395,2.567395
2035-01-01,5,0,Del Valle 345,109.307618,0.0,0.0,7.617739,7.617739
2035-01-01,5,0,Texas City 2 345,161.775216,0.0,0.0,4.65156,4.65156
2035-01-01,5,0,Electra 345,879.936459,0.0,0.0,93.900085,93.900085
2035-01-01,5,0,Odessa 8 345,859.011243,0.0,0.0,13.409899,13.409899
2035-01-01,5,0,Weatherford 2 345,166.018048,0.0,0.0,11.146729,11.146729
2035-01-01,5,0,Burnet 345,490.767925,0.0,0.0,8.639356,8.639356
2035-01-01,5,0,Feeeport 345,134.461125,0.0,0.0,4.726331,4.726331
2035-01-01,5,0,Waco 2 345,280.677952,0.0,0.0,-40.414729,-40.414729
2035-01-01,5,0,San Antonio 33 345,454.386121,0.0,0.0,8.049277,8.049277
2035-01-01,5,0,Calliham 345,60.218482,0.0,0.0,8.425355,8.425355
2035-01-01,5,0,Eden 345,19.3434,0.0,0.0,11.949641,11.949641
2035-01-01,5,0,Tomball 1 345,289.08949,0.0,0.0,4.278608,4.278608
2035-01-01,5,0,Houston 46 345,406.393027,0.0,0.0,4.839207,4.839207
2035-01-01,5,0,Houston 45 345,272.960843,0.0,0.0,4.899135,4.899135
2035-01-01,5,0,Camp Wood 345,449.340562,0.0,0.0,11.054409,11.054409
2035-01-01,5,0,Sarita 1 345,125.294378,0.0,0.0,7.687155,7.687155
2035-01-01,5,0,Brownsville 2 345,179.474692,0.0,0.0,7.712249,7.712249
2035-01-01,5,0,Laredo 5 345,242.717058,0.0,0.0,8.496618,8.496618
2035-01-01,5,0,Snyder 2 345,62.516692,0.0,0.0,-423.878039,-423.878039
2035-01-01,5,0,Panhandle 3 345,29.37964,0.0,0.0,-1000.0,-1000.0
2035-01-01,5,0,Allen 1 345,233.593321,0.0,0.0,17.340657,17.340657
2035-01-01,5,0,Castell 345,77.903153,0.0,0.0,9.373289,9.373289
2035-01-01,5,0,Mexia 345,75.970298,0.0,0.0,0.335329,0.335329
2035-01-01,5,0,Bastrop 2 345,112.332279,0.0,0.0,5.874905,5.874905
2035-01-01,5,0,Bayside 1 345,55.735455,0.0,0.0,7.320577,7.320577
2035-01-01,5,0,Tyler 8 345,146.433876,0.0,0.0,1.236712,1.236712
2035-01-01,5,0,Blue Ridge 345,322.103541,0.0,0.0,19.44578,19.44578
2035-01-01,5,0,San Antonio 2 345,888.801848,0.0,0.0,9.981821,9.981821
2035-01-01,5,0,Houston 12 345,373.132516,0.0,0.0,4.866815,4.866815
2035-01-01,5,0,San Perlita 345,70.806875,0.0,0.0,7.715494,7.715494
2035-01-01,5,0,Houston 48 345,419.040424,0.0,0.0,4.65156,4.65156
2035-01-01,5,0,Throckmorton 345,1.058147,0.0,0.0,243.759171,243.759171
2035-01-01,5,0,San Antonio 29 345,90.596704,0.0,0.0,8.287873,8.287873
2035-01-01,5,0,Houston 11 345,560.468336,0.0,0.0,4.726331,4.726331
2035-01-01,5,0,East Bernard 1 345,113.586489,0.0,0.0,5.284598,5.284598
2035-01-01,5,0,Meyersville 345,344.467846,0.0,0.0,6.185071,6.185071
2035-01-01,5,0,Conroe 7 345,35.391276,0.0,0.0,4.26871,4.26871
2035-01-01,5,0,Loving 345,42.653274,0.0,0.0,93.900085,93.900085
2035-01-01,5,0,Merkel 2 345,163.24947,0.0,0.0,-306.102653,-306.102653
2035-01-01,5,0,Montgomery 2 345,39.108325,0.0,0.0,4.151484,4.151484
2035-01-01,5,0,Houston 20 345,223.413057,0.0,0.0,4.756981,4.756981
2035-01-01,5,0,Fort Worth 12 345,196.827087,0.0,0.0,6.483744,6.483744
2035-01-01,5,0,Alto 345,116.335771,0.0,0.0,2.96316,2.96316
2035-01-01,5,0,Reagan 345,147.713853,0.0,0.0,4.639977,4.639977
2035-01-01,5,0,Pasadena 4 345,247.305919,0.0,0.0,4.625047,4.625047
2035-01-01,5,0,Coppell 345,294.597558,0.0,0.0,17.165874,17.165874
2035-01-01,5,0,Weatherford 4 345,206.590104,0.0,0.0,31.459997,31.459997
2035-01-01,5,0,Los Fresnos 1 345,107.861449,0.0,0.0,7.712249,7.712249
2035-01-01,5,0,North Richland Hills 1 345,671.362299,0.0,0.0,31.459997,31.459997
2035-01-01,5,0,Spring 3 345,136.900572,0.0,0.0,4.208624,4.208624
2035-01-01,5,0,New Caney 345,320.519344,0.0,0.0,4.350514,4.350514
2035-01-01,5,0,Glen Rose 2 345,42.73512,0.0,0.0,44.767279,44.767279
2035-01-01,5,0,Austin 27 345,550.48828,0.0,0.0,6.942684,6.942684
2035-01-01,5,0,Dallas 3 345,400.792284,0.0,0.0,126.537032,126.537032
2035-01-01,5,0,Bryan 5 345,31.070857,0.0,0.0,4.639977,4.639977
2035-01-01,5,0,Wadsworth 2 345,27.155462,0.0,0.0,4.839207,4.839207
2035-01-01,5,0,Edinburg 1 345,587.641382,0.0,0.0,7.725677,7.725677
2035-01-01,5,0,Agua Dulce 345,174.694076,0.0,0.0,7.435755,7.435755
2035-01-01,5,0,Plano 2 345,785.303131,0.0,0.0,17.193533,17.193533
2035-01-01,5,0,Frost 345,102.149213,0.0,0.0,32.000569,32.000569
2035-01-01,5,0,Katy 2 345,320.180651,0.0,0.0,4.958085,4.958085
2035-01-01,5,0,Kennedale 2 345,490.962802,0.0,0.0,58.675451,58.675451
2035-01-01,5,0,Mission 3 345,337.311817,0.0,0.0,7.809304,7.809304
2035-01-01,5,0,Trent 2 345,48.586502,0.0,0.0,-306.102653,-306.102653
2035-01-01,5,0,Knox City 345,194.411522,0.0,1281.856726,-1000.0,-1000.0
2035-01-01,5,0,Tell 345,15.706742,0.0,0.0,-1000.0,-1000.0
2035-01-01,5,0,Whitesboro 345,22.577373,0.0,0.0,19.952619,19.952619
2035-01-01,5,0,Mount Enterprise 345,1.00588,0.0,0.0,2.96316,2.96316
2035-01-01,6,0,Tennessee Colony 345,28.981726,0.0,0.0,-12.551234,-12.551234
2035-01-01,6,0,Wheeler 345,181.244172,0.0,1307.383728,-1000.0,-1000.0
2035-01-01,6,0,Alpine 2 345,99.738591,0.0,0.0,32.235161,32.235161
2035-01-01,6,0,Rosharon 345,84.022873,0.0,0.0,1.486065,1.486065
2035-01-01,6,0,Sullivan City 345,27.400068,0.0,0.0,15.213552,15.213552
2035-01-01,6,0,Prosper 345,355.0695,0.0,0.0,20.196012,20.196012
2035-01-01,6,0,Eastland 345,24.952005,0.0,0.0,-150.50263,-150.50263
2035-01-01,6,0,Fischer 345,165.410918,0.0,0.0,10.64238,10.64238
2035-01-01,6,0,Bryan 1 345,61.799048,0.0,0.0,0.521001,0.521001
2035-01-01,6,0,Rowlett 1 345,630.291437,0.0,0.0,16.091571,16.091571
2035-01-01,6,0,Weatherford 3 345,26.566244,0.0,0.0,1.238276,1.238276
2035-01-01,6,0,Odonnell 345,241.782445,0.0,0.0,-554.335702,-554.335702
2035-01-01,6,0,Dallas 10 345,466.56644,0.0,0.0,1.27557,1.27557
2035-01-01,6,0,O'Donnell 345,51.475403,0.0,0.0,-571.99167,-571.99167
2035-01-01,6,0,Canyon Lake 1 345,42.295915,0.0,0.0,10.694013,10.694013
2035-01-01,6,0,Adrian 1 345,16.680671,0.0,0.0,-571.99167,-571.99167
2035-01-01,6,0,Austin 17 345,173.84576,0.0,0.0,10.374323,10.374323
2035-01-01,6,0,Taft 2 345,94.875449,0.0,0.0,14.498859,14.498859
2035-01-01,6,0,Dilley 1 345,63.772925,0.0,0.0,15.514205,15.514205
2035-01-01,6,0,Dallas 8 345,285.662969,0.0,0.0,4.652477,4.652477
2035-01-01,6,0,San Angelo 3 345,217.362459,0.0,0.0,29.033596,29.033596
2035-01-01,6,0,Carlsbad 345,144.395442,0.0,0.0,32.42581,32.42581
2035-01-01,6,0,Dale 345,140.190644,0.0,0.0,9.693944,9.693944
2035-01-01,6,0,Brenham 345,146.790604,0.0,0.0,2.125064,2.125064
2035-01-01,6,0,Raymondville 345,173.836003,0.0,0.0,14.784683,14.784683
2035-01-01,6,0,Mccamey 345,202.069612,0.0,0.0,32.235161,32.235161
2035-01-01,6,0,Fort Worth 16 345,608.642323,0.0,0.0,4.2578,4.2578
2035-01-01,6,0,Art 345,88.03361,0.0,0.0,16.750377,16.750377
2035-01-01,6,0,Austin 22 345,1028.769967,0.0,0.0,10.374323,10.374323
2035-01-01,6,0,Abilene 2 345,284.276711,0.0,0.0,-284.708731,-284.708731
2035-01-01,6,0,Campbellton 345,29.468532,0.0,0.0,19.118074,19.118074
2035-01-01,6,0,Corpus Christi 11 345,234.860421,0.0,0.0,14.523469,14.523469
2035-01-01,6,0,New Braunfels 2 345,262.631608,0.0,0.0,11.052614,11.052614
2035-01-01,6,0,Abilene 5 345,343.280277,0.0,0.0,-297.672858,-297.672858
2035-01-01,6,0,Rule 2 345,162.944346,0.0,0.0,-904.434774,-904.434774
2035-01-01,6,0,Cedar Creek 2 345,20.071368,0.0,0.0,9.454975,9.454975
2035-01-01,6,0,Fort Worth 15 345,151.080129,0.0,0.0,-0.765361,-0.765361
2035-01-01,6,0,Lytle 345,41.728197,0.0,0.0,23.111555,23.111555
2035-01-01,6,0,Conroe 4 345,60.604495,0.0,0.0,-1.868856,-1.868856
2035-01-01,6,0,Gordon 345,55.817161,0.0,0.0,-11.951155,-11.951155
2035-01-01,6,0,Melvin 345,68.08997,0.0,0.0,23.618063,23.618063
2035-01-01,6,0,Blum 345,155.310349,0.0,0.0,-6.581808,-6.581808
2035-01-01,6,0,Rockdale 2 345,43.924842,0.0,0.0,2.914082,2.914082
2035-01-01,6,0,Richards 2 345,2.760307,0.0,0.0,-1.300359,-1.300359
2035-01-01,6,0,Tarpley 345,152.931844,0.0,0.0,17.789206,17.789206
2035-01-01,6,0,Bayside 3 345,68.306545,0.0,0.0,13.562911,13.562911
2035-01-01,6,0,San Antonio 25 345,707.684244,0.0,0.0,13.229548,13.229548
2035-01-01,6,0,Roscoe 2 345,36.679461,0.0,0.0,-394.898314,-394.898314
2035-01-01,6,0,Lopeno 345,127.621411,0.0,0.0,15.929642,15.929642
2035-01-01,6,0,Crane 2 345,454.594982,0.0,0.0,32.05274,32.05274
2035-01-01,6,0,Brownsville 1 345,163.361451,0.0,0.0,14.799023,14.799023
2035-01-01,6,0,San Antonio 14 345,244.114273,0.0,0.0,26.003138,26.003138
2035-01-01,6,0,Monahans 2 345,269.452807,0.0,0.0,32.235161,32.235161
2035-01-01,6,0,Centerville 345,26.4557,0.0,0.0,-4.851977,-4.851977
2035-01-01,6,0,Fort Worth 10 345,202.878866,0.0,0.0,-3.447573,-3.447573
2035-01-01,6,0,Del Valle 345,111.740603,0.0,0.0,9.693944,9.693944
2035-01-01,6,0,Texas City 2 345,164.295564,0.0,0.0,1.175651,1.175651
2035-01-01,6,0,Electra 345,900.739346,0.0,0.0,88.506781,88.506781
2035-01-01,6,0,Odessa 8 345,868.504135,0.0,0.0,32.05274,32.05274
2035-01-01,6,0,Weatherford 2 345,168.24143,0.0,0.0,5.526244,5.526244
2035-01-01,6,0,Burnet 345,501.68123,0.0,0.0,13.299843,13.299843
2035-01-01,6,0,Feeeport 345,136.555302,0.0,0.0,1.486065,1.486065
2035-01-01,6,0,Waco 2 345,284.437979,0.0,0.0,-54.399835,-54.399835
2035-01-01,6,0,San Antonio 33 345,464.487412,0.0,0.0,10.181114,10.181114
2035-01-01,6,0,Calliham 345,59.900458,0.0,0.0,17.935759,17.935759
2035-01-01,6,0,Eden 345,19.56625,0.0,0.0,26.225445,26.225445
2035-01-01,6,0,Tomball 1 345,293.593685,0.0,0.0,-0.435388,-0.435388
2035-01-01,6,0,Houston 46 345,412.724927,0.0,0.0,1.960854,1.960854
2035-01-01,6,0,Houston 45 345,277.210632,0.0,0.0,2.212926,2.212926
2035-01-01,6,0,Camp Wood 345,454.334713,0.0,0.0,22.866956,22.866956
2035-01-01,6,0,Sarita 1 345,124.627332,0.0,0.0,14.673798,14.673798
2035-01-01,6,0,Brownsville 2 345,178.520743,0.0,0.0,14.784683,14.784683
2035-01-01,6,0,Laredo 5 345,241.424725,0.0,0.0,15.514205,15.514205
2035-01-01,6,0,Snyder 2 345,63.212922,0.0,0.0,-432.225542,-432.225542
2035-01-01,6,0,Panhandle 3 345,30.072432,0.0,0.0,-1000.0,-1000.0
2035-01-01,6,0,Allen 1 345,236.720632,0.0,0.0,17.389938,17.389938
2035-01-01,6,0,Castell 345,78.773026,0.0,0.0,15.860691,15.860691
2035-01-01,6,0,Mexia 345,76.991162,0.0,0.0,-16.163101,-16.163101
2035-01-01,6,0,Bastrop 2 345,114.829946,0.0,0.0,4.450396,4.450396
2035-01-01,6,0,Bayside 1 345,55.432953,0.0,0.0,13.053962,13.053962
2035-01-01,6,0,Tyler 8 345,151.462484,0.0,0.0,-12.551234,-12.551234
2035-01-01,6,0,Blue Ridge 345,326.413904,0.0,0.0,19.44578,19.44578
2035-01-01,6,0,San Antonio 2 345,908.557075,0.0,0.0,26.60365,26.60365
2035-01-01,6,0,Houston 12 345,378.943415,0.0,0.0,2.076979,2.076979
2035-01-01,6,0,San Perlita 345,70.43168,0.0,0.0,14.799023,14.799023
2035-01-01,6,0,Houston 48 345,425.571118,0.0,0.0,1.175651,1.175651
2035-01-01,6,0,Throckmorton 345,1.070435,0.0,0.0,235.84171,235.84171
2035-01-01,6,0,San Antonio 29 345,92.605399,0.0,0.0,11.594597,11.594597
2035-01-01,6,0,Houston 11 345,569.200143,0.0,0.0,1.486065,1.486065
2035-01-01,6,0,East Bernard 1 345,115.355461,0.0,0.0,3.958528,3.958528
2035-01-01,6,0,Meyersville 345,352.128941,0.0,0.0,8.036387,8.036387
2035-01-01,6,0,Conroe 7 345,35.944588,0.0,0.0,-0.458363,-0.458363
2035-01-01,6,0,Loving 345,43.223811,0.0,0.0,88.506781,88.506781
2035-01-01,6,0,Merkel 2 345,165.064833,0.0,0.0,-317.044987,-317.044987
2035-01-01,6,0,Montgomery 2 345,39.720369,0.0,0.0,-1.100832,-1.100832
2035-01-01,6,0,Houston 20 345,226.896743,0.0,0.0,1.614988,1.614988
2035-01-01,6,0,Fort Worth 12 345,199.461489,0.0,0.0,-1.62911,-1.62911
2035-01-01,6,0,Alto 345,120.333185,0.0,0.0,-5.63331,-5.63331
2035-01-01,6,0,Reagan 345,149.689136,0.0,0.0,0.521001,0.521001
2035-01-01,6,0,Pasadena 4 345,251.159873,0.0,0.0,1.065583,1.065583
2035-01-01,6,0,Coppell 345,298.542531,0.0,0.0,16.306206,16.306206
2035-01-01,6,0,Weatherford 4 345,209.358717,0.0,0.0,26.689101,26.689101
2035-01-01,6,0,Los Fresnos 1 345,107.286235,0.0,0.0,14.784683,14.784683
2035-01-01,6,0,North Richland Hills 1 345,680.355727,0.0,0.0,26.689101,26.689101
2035-01-01,6,0,Spring 3 345,139.029825,0.0,0.0,-0.727678,-0.727678
2035-01-01,6,0,New Caney 345,325.515039,0.0,0.0,-0.074147,-0.074147
2035-01-01,6,0,Glen Rose 2 345,43.303951,0.0,0.0,-2.755293,-2.755293
2035-01-01,6,0,Austin 27 345,562.728522,0.0,0.0,7.662952,7.662952
2035-01-01,6,0,Dallas 3 345,406.164154,0.0,0.0,3.05859,3.05859
2035-01-01,6,0,Bryan 5 345,32.135505,0.0,0.0,0.521001,0.521001
2035-01-01,6,0,Wadsworth 2 345,27.578138,0.0,0.0,1.960854,1.960854
2035-01-01,6,0,Edinburg 1 345,584.506439,0.0,0.0,14.844021,14.844021
2035-01-01,6,0,Agua Dulce 345,173.760442,0.0,0.0,13.562911,13.562911
2035-01-01,6,0,Plano 2 345,795.819572,0.0,0.0,16.477706,16.477706
2035-01-01,6,0,Frost 345,103.517336,0.0,0.0,3.684225,3.684225
2035-01-01,6,0,Katy 2 345,325.169459,0.0,0.0,2.479887,2.479887
2035-01-01,6,0,Kennedale 2 345,497.534632,0.0,0.0,2.175104,2.175104
2035-01-01,6,0,Mission 3 345,335.516236,0.0,0.0,15.213552,15.213552
2035-01-01,6,0,Trent 2 345,49.13335,0.0,0.0,-317.044987,-317.044987
2035-01-01,6,0,Knox City 345,199.004279,0.0,0.0,-1000.0,-1000.0
2035-01-01,6,0,Tell 345,16.073487,0.0,0.0,-1000.0,-1000.0
2035-01-01,6,0,Whitesboro 345,23.106692,0.0,0.0,19.876859,19.876859
2035-01-01,6,0,Mount Enterprise 345,1.042249,0.0,0.0,-5.63331,-5.63331
2035-01-01,7,0,Tennessee Colony 345,28.96042,0.0,0.0,-2.240715,-17.802293
2035-01-01,7,0,Wheeler 345,185.08975,0.0,1188.395575,-1000.0,-1000.0
2035-01-01,7,0,Alpine 2 345,100.17848,0.0,0.0,16.168326,41.885618
2035-01-01,7,0,Rosharon 345,84.244509,0.0,0.0,3.326977,5.758132
2035-01-01,7,0,Sullivan City 345,26.74714,0.0,0.0,8.575872,33.500013
2035-01-01,7,0,Prosper 345,362.354718,0.0,0.0,23.204954,20.193111
2035-01-01,7,0,Eastland 345,25.464024,0.0,0.0,-145.001497,-153.403699
2035-01-01,7,0,Fischer 345,166.356304,0.0,0.0,7.562666,6.632516
2035-01-01,7,0,Bryan 1 345,61.755478,0.0,0.0,3.035465,1.948178
2035-01-01,7,0,Rowlett 1 345,643.221145,0.0,0.0,18.92964,16.236918
2035-01-01,7,0,Weatherford 3 345,27.11347,0.0,0.0,4.783275,0.708463
2035-01-01,7,0,Odonnell 345,242.855707,0.0,0.0,-549.418992,-557.979273
2035-01-01,7,0,Dallas 10 345,476.132324,0.0,0.0,3.329463,3.481667
2035-01-01,7,0,O'Donnell 345,51.704806,0.0,0.0,-567.269747,-575.490894
2035-01-01,7,0,Canyon Lake 1 345,42.540331,0.0,0.0,7.595535,6.421865
2035-01-01,7,0,Adrian 1 345,17.01859,0.0,0.0,-567.269747,-575.490894
2035-01-01,7,0,Austin 17 345,174.836596,0.0,0.0,7.392025,7.726139
2035-01-01,7,0,Taft 2 345,92.631434,0.0,0.0,8.301868,32.073241
2035-01-01,7,0,Dilley 1 345,62.257721,0.0,0.0,9.059205,25.267562
2035-01-01,7,0,Dallas 8 345,291.519569,0.0,0.0,6.553272,5.627176
2035-01-01,7,0,San Angelo 3 345,217.5622,0.0,0.0,14.891335,36.683316
2035-01-01,7,0,Carlsbad 345,144.539888,0.0,0.0,16.244369,42.195407
2035-01-01,7,0,Dale 345,140.998748,0.0,0.0,7.088283,7.397202
2035-01-01,7,0,Brenham 345,147.636707,0.0,0.0,3.681866,4.396348
2035-01-01,7,0,Raymondville 345,169.712423,0.0,0.0,8.411449,32.643843
2035-01-01,7,0,Mccamey 345,202.967234,0.0,0.0,16.168326,41.885618
2035-01-01,7,0,Fort Worth 16 345,621.124264,0.0,0.0,6.815819,4.663684
2035-01-01,7,0,Art 345,88.126461,0.0,0.0,10.00934,16.30773
2035-01-01,7,0,Austin 22 345,1034.660481,0.0,0.0,7.392025,7.726139
2035-01-01,7,0,Abilene 2 345,284.55137,0.0,0.0,-278.470557,-288.829511
2035-01-01,7,0,Campbellton 345,28.77019,0.0,0.0,10.016095,42.655926
2035-01-01,7,0,Corpus Christi 11 345,229.294498,0.0,0.0,8.311303,32.122372
2035-01-01,7,0,New Braunfels 2 345,264.129632,0.0,0.0,7.718772,7.479623
2035-01-01,7,0,Abilene 5 345,343.605184,0.0,0.0,-290.624782,-302.683235
2035-01-01,7,0,Rule 2 345,166.392798,0.0,0.0,-903.380469,-905.216077
2035-01-01,7,0,Cedar Creek 2 345,20.191613,0.0,0.0,6.981599,7.28167
2035-01-01,7,0,Fort Worth 15 345,154.177644,0.0,0.0,1.807697,-0.252107
2035-01-01,7,0,Lytle 345,40.740677,0.0,0.0,11.448947,52.984786
2035-01-01,7,0,Conroe 4 345,60.765343,0.0,0.0,2.017939,-0.392213
2035-01-01,7,0,Gordon 345,56.962744,0.0,0.0,-7.498898,-13.424184
2035-01-01,7,0,Melvin 345,68.153212,0.0,0.0,12.740455,27.663071
2035-01-01,7,0,Blum 345,158.494641,0.0,0.0,-7.940066,-1.430541
2035-01-01,7,0,Rockdale 2 345,44.178991,0.0,0.0,4.078069,3.722846
2035-01-01,7,0,Richards 2 345,2.757561,0.0,0.0,2.271006,-0.099919
2035-01-01,7,0,Tarpley 345,153.811767,0.0,0.0,10.365717,19.387017
2035-01-01,7,0,Bayside 3 345,66.686056,0.0,0.0,7.943037,30.204768
2035-01-01,7,0,San Antonio 25 345,711.733538,0.0,0.0,8.530555,12.373279
2035-01-01,7,0,Roscoe 2 345,36.709895,0.0,0.0,-388.222641,-399.845381
2035-01-01,7,0,Lopeno 345,124.599348,0.0,0.0,8.850411,34.929574
2035-01-01,7,0,Crane 2 345,456.611187,0.0,0.0,16.095565,41.589198
2035-01-01,7,0,Brownsville 1 345,159.485301,0.0,0.0,8.416947,32.672471
2035-01-01,7,0,San Antonio 14 345,245.511872,0.0,0.0,12.48644,60.463663
2035-01-01,7,0,Monahans 2 345,270.647457,0.0,0.0,16.168326,41.885618
2035-01-01,7,0,Centerville 345,26.43517,0.0,0.0,0.840624,-5.540627
2035-01-01,7,0,Fort Worth 10 345,207.033838,0.0,0.0,-0.111219,-3.778823
2035-01-01,7,0,Del Valle 345,112.373133,0.0,0.0,7.088283,7.397202
2035-01-01,7,0,Texas City 2 345,164.729283,0.0,0.0,3.20528,5.202946
2035-01-01,7,0,Electra 345,919.792669,0.0,0.0,93.030066,87.23674
2035-01-01,7,0,Odessa 8 345,872.352545,0.0,0.0,16.095565,41.589198
2035-01-01,7,0,Weatherford 2 345,171.690204,0.0,0.0,9.262171,4.814729
2035-01-01,7,0,Burnet 345,504.549625,0.0,0.0,8.592926,11.663624
2035-01-01,7,0,Feeeport 345,136.914911,0.0,0.0,3.326977,5.758132
2035-01-01,7,0,Waco 2 345,290.268266,0.0,0.0,-43.900692,-60.699356
2035-01-01,7,0,San Antonio 33 345,467.147462,0.0,0.0,7.466015,3.787251
2035-01-01,7,0,Calliham 345,58.481983,0.0,0.0,9.619531,38.934472
2035-01-01,7,0,Eden 345,19.575771,0.0,0.0,13.777349,31.974233
2035-01-01,7,0,Tomball 1 345,294.371962,0.0,0.0,2.582656,2.106066
2035-01-01,7,0,Houston 46 345,413.818169,0.0,0.0,3.512231,6.628545
2035-01-01,7,0,Houston 45 345,277.947629,0.0,0.0,3.610585,7.090658
2035-01-01,7,0,Camp Wood 345,454.756954,0.0,0.0,12.409399,27.197692
2035-01-01,7,0,Sarita 1 345,121.671986,0.0,0.0,8.368937,32.422478
2035-01-01,7,0,Brownsville 2 345,174.280599,0.0,0.0,8.411449,32.643843
2035-01-01,7,0,Laredo 5 345,235.699268,0.0,0.0,9.059205,25.267562
2035-01-01,7,0,Snyder 2 345,63.269915,0.0,0.0,-425.961675,-436.867437
2035-01-01,7,0,Panhandle 3 345,30.714023,0.0,0.0,-1000.0,-1000.0
2035-01-01,7,0,Allen 1 345,241.5755,0.0,0.0,20.340622,17.435526
2035-01-01,7,0,Castell 345,78.84252,0.0,0.0,9.666489,14.573775
2035-01-01,7,0,Mexia 345,78.564791,0.0,0.0,-3.675383,-23.814775
2035-01-01,7,0,Bastrop 2 345,115.483807,0.0,0.0,4.747402,4.862151
2035-01-01,7,0,Bayside 1 345,54.118909,0.0,0.0,7.747913,29.18873
2035-01-01,7,0,Tyler 8 345,151.352059,0.0,0.0,-2.240715,-17.802293
2035-01-01,7,0,Blue Ridge 345,333.108344,0.0,0.0,22.429737,19.464337
2035-01-01,7,0,San Antonio 2 345,913.751508,0.0,0.0,12.701902,62.016847
2035-01-01,7,0,Houston 12 345,379.950709,0.0,0.0,3.557541,6.841432
2035-01-01,7,0,San Perlita 345,68.755719,0.0,0.0,8.416947,32.672471
2035-01-01,7,0,Houston 48 345,426.700166,0.0,0.0,3.20528,5.202946
2035-01-01,7,0,Throckmorton 345,1.092047,0.0,0.0,242.015616,233.359776
2035-01-01,7,0,San Antonio 29 345,93.135089,0.0,0.0,7.959616,7.768379
2035-01-01,7,0,Houston 11 345,570.712538,0.0,0.0,3.326977,5.758132
2035-01-01,7,0,East Bernard 1 345,115.665158,0.0,0.0,4.274136,10.712061
2035-01-01,7,0,Meyersville 345,354.13553,0.0,0.0,5.824238,19.171927
2035-01-01,7,0,Conroe 7 345,36.037195,0.0,0.0,2.571055,2.127218
2035-01-01,7,0,Loving 345,44.108445,0.0,0.0,93.030066,87.23674
