Date,Hour,Minute,Generator,Output,Output DA,Curtailment,Unit Market Revenue,Unit Uplift Payment
2035-01-01,0,0,9,0.0,0.0,0.0,0.0,0.0
2035-01-01,0,0,17,0.0,0.0,0.0,0.0,0.0
2035-01-01,0,0,19,0.0,0.0,0.0,0.0,0.0
2035-01-01,0,0,20,0.0,0.0,0.0,0.0,0.0
2035-01-01,0,0,21,0.0,0.0,0.0,0.0,0.0
2035-01-01,0,0,22,0.0,0.0,0.0,0.0,0.0
2035-01-01,0,0,23,56.49,56.49,0.0,3663.632942,0.0
2035-01-01,0,0,24,99.95,99.95,0.0,6482.211234,0.0
2035-01-01,0,0,29,0.0,0.0,0.0,-0.0,0.0
2035-01-01,0,0,30,0.0,0.0,0.0,0.0,0.0
2035-01-01,0,0,31,9.14,9.14,0.0,595.63309,0.0
2035-01-01,0,0,32,0.0,0.0,0.0,0.0,0.0
2035-01-01,0,0,33,0.0,0.0,0.0,0.0,0.0
2035-01-01,0,0,34,0.0,0.0,0.0,0.0,0.0
2035-01-01,0,0,35,0.0,0.0,0.0,0.0,0.0
2035-01-01,0,0,36,0.0,0.0,0.0,0.0,0.0
2035-01-01,0,0,37,0.0,0.0,0.0,0.0,0.0
2035-01-01,0,0,38,0.0,0.0,0.0,0.0,0.0
2035-01-01,0,0,39,0.0,0.0,0.0,0.0,0.0
2035-01-01,0,0,40,0.0,0.0,0.0,0.0,0.0
2035-01-01,0,0,41,4.67,4.67,0.0,226.687537,0.0
2035-01-01,0,0,42,0.0,0.0,0.0,0.0,0.0
2035-01-01,0,0,43,0.0,0.0,0.0,0.0,0.0
2035-01-01,0,0,46,0.0,0.0,0.0,0.0,0.0
2035-01-01,0,0,52,9.69,9.69,0.0,631.475344,0.0
2035-01-01,0,0,53,15.39,15.39,0.0,1002.931429,0.0
2035-01-01,0,0,55,143.41,143.41,0.0,9300.789525,0.0
2035-01-01,0,0,56,0.0,0.0,0.0,0.0,0.0
2035-01-01,0,0,57,0.0,0.0,0.0,0.0,0.0
2035-01-01,0,0,58,0.0,0.0,0.0,0.0,0.0
2035-01-01,0,0,59,0.0,0.0,0.0,0.0,0.0
2035-01-01,0,0,63,170.0,170.0,0.0,13083.553361,0.0
2035-01-01,0,0,64,200.0,200.0,0.0,15392.415719,0.0
2035-01-01,0,0,65,0.0,0.0,0.0,0.0,0.0
2035-01-01,0,0,67,0.0,0.0,0.0,-0.0,0.0
2035-01-01,0,0,68,10.2,10.2,0.0,-4515.107656,0.0
2035-01-01,0,0,69,0.0,0.0,0.0,0.0,0.0
2035-01-01,0,0,74,0.0,0.0,0.0,0.0,0.0
2035-01-01,0,0,77,200.0,200.0,0.0,-66090.813554,0.0
2035-01-01,0,0,78,151.2,151.2,0.0,-49964.655047,0.0
2035-01-01,0,0,79,87.5,87.5,0.0,-28914.73093,0.0
2035-01-01,0,0,80,141.5,141.5,0.0,-46759.250589,0.0
2035-01-01,0,0,81,185.0,185.0,0.0,-61134.002537,0.0
2035-01-01,0,0,82,130.5,130.5,0.0,-43124.255844,0.0
2035-01-01,0,0,83,291.0,291.0,0.0,-96162.133721,0.0
2035-01-01,0,0,84,0.0,0.0,0.0,-0.0,0.0
2035-01-01,0,0,86,0.0,0.0,0.0,0.0,0.0
2035-01-01,0,0,87,0.0,0.0,0.0,0.0,0.0
2035-01-01,0,0,88,170.6,170.6,0.0,-56375.463962,0.0
2035-01-01,0,0,89,164.0,164.0,0.0,-54194.467114,0.0
2035-01-01,0,0,90,220.2,220.2,0.0,-72765.985723,0.0
2035-01-01,0,0,91,785.5,785.5,0.0,-259571.670233,0.0
2035-01-01,0,0,92,282.5,282.5,0.0,-93353.274145,0.0
2035-01-01,0,0,95,9.51,9.51,0.0,94.459056,0.0
2035-01-01,0,0,96,3.62,3.62,0.0,237.092093,0.0
2035-01-01,0,0,97,22.27,22.27,0.0,1458.574837,0.0
2035-01-01,0,0,99,0.0,0.0,0.0,0.0,0.0
2035-01-01,0,0,101,0.0,0.0,0.0,0.0,0.0
2035-01-01,0,0,102,24.15,24.15,0.0,-10690.181363,0.0
2035-01-01,0,0,103,21.0,21.0,0.0,-9295.809881,0.0
2035-01-01,0,0,104,3.9,3.9,0.0,-1726.364692,0.0
2035-01-01,0,0,106,0.0,0.0,0.0,0.0,0.0
2035-01-01,0,0,109,0.0,0.0,0.0,0.0,0.0
2035-01-01,0,0,110,338.6,338.6,0.0,-338600.0,0.0
2035-01-01,0,0,111,0.0,0.0,0.0,0.0,0.0
2035-01-01,0,0,113,143.72,143.72,0.0,-42524.612548,0.0
2035-01-01,0,0,115,143.72,143.72,0.0,-42524.612548,0.0
2035-01-01,0,0,116,0.0,0.0,0.0,-0.0,0.0
2035-01-01,0,0,117,9.58,9.58,0.0,-2834.579656,0.0
2035-01-01,0,0,119,200.0,200.0,0.0,15392.415719,0.0
2035-01-01,0,0,120,117.6,117.6,0.0,9050.740443,0.0
2035-01-01,0,0,123,0.0,0.0,0.0,0.0,0.0
2035-01-01,0,0,125,90.45,90.45,0.0,5866.093107,0.0
2035-01-01,0,0,126,0.0,0.0,0.0,0.0,0.0
2035-01-01,0,0,127,0.0,0.0,0.0,0.0,0.0
2035-01-01,0,0,128,129.54,129.54,0.0,8401.257061,0.0
2035-01-01,0,0,131,30.0,30.0,0.0,-12180.486648,0.0
2035-01-01,0,0,132,44.1,44.1,0.0,-17905.315373,0.0
2035-01-01,0,0,133,0.0,0.0,0.0,0.0,0.0
2035-01-01,0,0,134,0.0,0.0,0.0,0.0,0.0
2035-01-01,0,0,135,0.0,0.0,0.0,0.0,0.0
2035-01-01,0,0,136,0.0,0.0,0.0,0.0,0.0
2035-01-01,0,0,139,6.04,6.04,0.0,293.18902,0.0
2035-01-01,0,0,140,250.6,250.6,0.0,-250600.0,0.0
2035-01-01,0,0,141,230.0,230.0,0.0,-133366.818408,0.0
2035-01-01,0,0,142,0.0,0.0,0.0,-0.0,0.0
2035-01-01,0,0,143,40.73,40.73,0.0,2654.281813,0.0
2035-01-01,0,0,145,2.04,2.04,0.0,112.195845,0.0
2035-01-01,0,0,146,268.0,268.0,0.0,-268000.0,0.0
2035-01-01,0,0,152,0.0,0.0,0.0,0.0,0.0
2035-01-01,0,0,153,0.0,0.0,0.0,0.0,0.0
2035-01-01,0,0,154,0.0,0.0,0.0,0.0,0.0
2035-01-01,0,0,157,250.0,250.0,0.0,-144963.933053,0.0
2035-01-01,0,0,158,0.0,0.0,0.0,-0.0,0.0
2035-01-01,0,0,159,0.0,0.0,0.0,0.0,0.0
2035-01-01,0,0,160,0.0,0.0,0.0,0.0,0.0
2035-01-01,0,0,161,0.0,0.0,0.0,-0.0,0.0
2035-01-01,0,0,162,14.06,14.06,0.0,149.778605,0.0
2035-01-01,0,0,163,185.4,185.4,0.0,-185400.0,0.0
2035-01-01,0,0,164,0.0,0.0,0.0,0.0,0.0
2035-01-01,0,0,167,0.0,0.0,0.0,0.0,0.0
2035-01-01,0,0,168,0.0,0.0,0.0,0.0,0.0
2035-01-01,0,0,169,0.0,0.0,0.0,0.0,0.0
2035-01-01,0,0,170,0.0,0.0,0.0,0.0,0.0
2035-01-01,0,0,172,0.0,0.0,0.0,-0.0,0.0
2035-01-01,0,0,173,0.0,0.0,0.0,-0.0,0.0
2035-01-01,0,0,188,0.0,0.0,0.0,-0.0,0.0
2035-01-01,0,0,190,0.0,0.0,0.0,0.0,0.0
2035-01-01,0,0,191,0.0,0.0,0.0,0.0,0.0
2035-01-01,0,0,192,332.6,332.6,0.0,25597.58734,0.0
2035-01-01,0,0,194,176.5,176.5,0.0,-28506.065989,0.0
2035-01-01,0,0,196,0.0,0.0,0.0,0.0,0.0
2035-01-01,0,0,198,0.0,0.0,0.0,0.0,0.0
2035-01-01,0,0,199,0.0,0.0,0.0,-0.0,0.0
2035-01-01,0,0,200,0.0,0.0,0.0,-0.0,0.0
2035-01-01,0,0,204,0.0,0.0,0.0,0.0,0.0
2035-01-01,0,0,205,0.0,0.0,0.0,0.0,0.0
2035-01-01,0,0,206,65.45,65.45,0.0,4286.651238,0.0
2035-01-01,0,0,210,0.0,0.0,0.0,-0.0,0.0
2035-01-01,0,0,214,0.0,0.0,0.0,0.0,0.0
2035-01-01,0,0,217,0.0,0.0,0.0,-0.0,0.0
2035-01-01,0,0,218,0.0,0.0,0.0,-0.0,0.0
2035-01-01,0,0,219,0.0,0.0,0.0,-0.0,0.0
2035-01-01,0,0,221,0.0,0.0,0.0,0.0,0.0
2035-01-01,0,0,225,0.0,0.0,0.0,-0.0,0.0
2035-01-01,0,0,233,0.0,0.0,0.0,0.0,0.0
2035-01-01,0,0,236,0.0,0.0,0.0,0.0,0.0
2035-01-01,0,0,237,0.0,0.0,0.0,0.0,0.0
2035-01-01,0,0,238,0.0,0.0,0.0,0.0,0.0
2035-01-01,0,0,240,0.0,0.0,0.0,0.0,0.0
2035-01-01,0,0,245,0.0,0.0,0.0,0.0,0.0
2035-01-01,0,0,247,0.0,0.0,0.0,0.0,0.0
2035-01-01,0,0,248,0.0,0.0,0.0,0.0,0.0
2035-01-01,0,0,249,0.0,0.0,0.0,0.0,0.0
2035-01-01,0,0,251,9.9,9.9,0.0,162.270392,0.0
2035-01-01,0,0,252,0.0,0.0,0.0,0.0,0.0
2035-01-01,0,0,254,0.0,0.0,0.0,0.0,0.0
2035-01-01,0,0,255,0.0,0.0,0.0,0.0,0.0
2035-01-01,0,0,258,0.0,0.0,0.0,0.0,0.0
2035-01-01,0,0,260,0.0,0.0,0.0,0.0,0.0
2035-01-01,0,0,265,0.0,0.0,0.0,0.0,0.0
2035-01-01,0,0,266,3.91,3.91,0.0,189.796203,0.0
2035-01-01,0,0,267,4.8,4.8,0.0,232.997897,0.0
2035-01-01,0,0,270,579.0,579.0,0.0,-579000.0,0.0
2035-01-01,0,0,272,480.32,480.32,0.0,-142119.551203,0.0
2035-01-01,0,0,273,0.0,0.0,0.0,-0.0,0.0
2035-01-01,0,0,274,746.4,746.4,0.0,-746400.0,0.0
2035-01-01,0,0,275,1039.0,1039.0,0.0,-1039000.0,0.0
2035-01-01,0,0,276,0.0,0.0,0.0,-0.0,0.0
2035-01-01,0,0,277,0.0,0.0,0.0,-0.0,0.0
2035-01-01,0,0,278,0.0,0.0,0.0,-0.0,0.0
2035-01-01,0,0,279,264.6,264.6,0.0,-81958.363464,0.0
2035-01-01,0,0,281,4.1,4.1,0.0,267.18771,0.0
2035-01-01,0,0,282,0.0,0.0,0.0,0.0,0.0
2035-01-01,1,0,9,0.0,0.0,0.0,0.0,0.0
2035-01-01,1,0,17,0.0,0.0,0.0,0.0,0.0
2035-01-01,1,0,19,0.0,0.0,0.0,0.0,0.0
2035-01-01,1,0,20,0.0,0.0,0.0,0.0,0.0
2035-01-01,1,0,21,0.0,0.0,0.0,0.0,0.0
2035-01-01,1,0,22,0.0,0.0,0.0,0.0,0.0
2035-01-01,1,0,23,108.8,108.8,0.0,7220.784346,0.0
2035-01-01,1,0,24,192.5,192.5,0.0,12775.744363,0.0
2035-01-01,1,0,29,0.0,0.0,0.0,0.0,0.0
2035-01-01,1,0,30,0.0,0.0,0.0,0.0,0.0
2035-01-01,1,0,31,40.67,40.67,0.0,2710.739608,0.0
2035-01-01,1,0,32,0.0,0.0,0.0,0.0,0.0
2035-01-01,1,0,33,0.0,0.0,0.0,0.0,0.0
2035-01-01,1,0,34,0.0,0.0,0.0,0.0,0.0
2035-01-01,1,0,35,0.0,0.0,0.0,0.0,0.0
2035-01-01,1,0,36,0.0,0.0,0.0,0.0,0.0
2035-01-01,1,0,37,0.0,0.0,0.0,0.0,0.0
2035-01-01,1,0,38,0.0,0.0,0.0,0.0,0.0
2035-01-01,1,0,39,0.0,0.0,0.0,0.0,0.0
2035-01-01,1,0,40,0.0,0.0,0.0,0.0,0.0
2035-01-01,1,0,41,13.69,13.69,0.0,705.65682,0.0
2035-01-01,1,0,42,0.0,0.0,0.0,0.0,0.0
2035-01-01,1,0,43,0.0,0.0,0.0,0.0,0.0
2035-01-01,1,0,46,0.0,0.0,0.0,0.0,0.0
2035-01-01,1,0,52,43.3,43.3,0.0,2886.034547,0.0
2035-01-01,1,0,53,70.77,70.77,0.0,4716.966856,0.0
2035-01-01,1,0,55,276.23,276.23,0.0,18332.695404,0.0
2035-01-01,1,0,56,0.0,0.0,0.0,0.0,0.0
2035-01-01,1,0,57,0.0,0.0,0.0,0.0,0.0
2035-01-01,1,0,58,0.0,0.0,0.0,0.0,0.0
2035-01-01,1,0,59,0.0,0.0,0.0,0.0,0.0
2035-01-01,1,0,63,170.0,170.0,0.0,15750.455007,0.0
2035-01-01,1,0,64,200.0,200.0,0.0,18529.947067,0.0
2035-01-01,1,0,65,0.0,0.0,0.0,0.0,0.0
2035-01-01,1,0,67,0.0,0.0,0.0,-0.0,0.0
2035-01-01,1,0,68,10.2,10.2,0.0,-4423.06084,0.0
2035-01-01,1,0,69,0.0,0.0,0.0,0.0,0.0
2035-01-01,1,0,74,2.94,2.94,0.0,90.674835,0.0
2035-01-01,1,0,77,200.0,200.0,0.0,-63879.138827,0.0
2035-01-01,1,0,78,151.2,151.2,0.0,-48292.628953,0.0
2035-01-01,1,0,79,87.5,87.5,0.0,-27947.123237,0.0
2035-01-01,1,0,80,141.5,141.5,0.0,-45194.49072,0.0
2035-01-01,1,0,81,185.0,185.0,0.0,-59088.203415,0.0
2035-01-01,1,0,82,130.5,130.5,0.0,-41681.138085,0.0
2035-01-01,1,0,83,291.0,291.0,0.0,-92944.146993,0.0
2035-01-01,1,0,84,0.0,0.0,0.0,0.0,0.0
2035-01-01,1,0,86,0.0,0.0,0.0,0.0,0.0
2035-01-01,1,0,87,0.0,0.0,0.0,0.0,0.0
2035-01-01,1,0,88,170.6,170.6,0.0,-54488.90542,0.0
2035-01-01,1,0,89,164.0,164.0,0.0,-52380.893838,0.0
2035-01-01,1,0,90,220.2,220.2,0.0,-70330.931849,0.0
2035-01-01,1,0,91,785.5,785.5,0.0,-250885.317744,0.0
2035-01-01,1,0,92,282.5,282.5,0.0,-90229.283593,0.0
2035-01-01,1,0,95,29.18,29.18,0.0,713.327855,0.0
2035-01-01,1,0,96,13.09,13.09,0.0,876.368515,0.0
2035-01-01,1,0,97,80.48,80.48,0.0,5388.093052,0.0
2035-01-01,1,0,99,0.57,0.57,0.0,17.579815,0.0
2035-01-01,1,0,101,0.0,0.0,0.0,0.0,0.0
2035-01-01,1,0,102,24.15,24.15,0.0,-10472.24699,0.0
2035-01-01,1,0,103,21.0,21.0,0.0,-9106.30173,0.0
2035-01-01,1,0,104,3.9,3.9,0.0,-1691.170321,0.0
2035-01-01,1,0,106,0.0,0.0,0.0,0.0,0.0
2035-01-01,1,0,109,15.46,15.46,0.0,645.585355,0.0
2035-01-01,1,0,110,338.6,338.6,0.0,-338600.0,0.0
2035-01-01,1,0,111,0.0,0.0,0.0,0.0,0.0
2035-01-01,1,0,113,84.36,84.36,0.0,-24041.009561,0.0
2035-01-01,1,0,115,84.36,84.36,0.0,-24041.009561,0.0
2035-01-01,1,0,116,0.0,0.0,0.0,-0.0,0.0
2035-01-01,1,0,117,5.76,5.76,0.0,-1641.491407,0.0
2035-01-01,1,0,119,200.0,200.0,0.0,18529.947067,0.0
2035-01-01,1,0,120,117.6,117.6,0.0,10895.608875,0.0
2035-01-01,1,0,123,0.0,0.0,0.0,0.0,0.0
2035-01-01,1,0,125,174.2,174.2,0.0,11561.219055,0.0
2035-01-01,1,0,126,0.0,0.0,0.0,0.0,0.0
2035-01-01,1,0,127,0.0,0.0,0.0,0.0,0.0
2035-01-01,1,0,128,249.5,249.5,0.0,16558.692044,0.0
2035-01-01,1,0,131,30.0,30.0,0.0,-11891.962369,0.0
2035-01-01,1,0,132,44.1,44.1,0.0,-17481.184683,0.0
2035-01-01,1,0,133,0.0,0.0,0.0,0.0,0.0
2035-01-01,1,0,134,0.0,0.0,0.0,0.0,0.0
2035-01-01,1,0,135,0.0,0.0,0.0,0.0,0.0
2035-01-01,1,0,136,0.0,0.0,0.0,0.0,0.0
2035-01-01,1,0,139,17.68,17.68,0.0,911.323052,0.0
2035-01-01,1,0,140,250.6,250.6,0.0,-250600.0,0.0
2035-01-01,1,0,141,230.0,230.0,0.0,-131802.184263,0.0
2035-01-01,1,0,142,0.0,0.0,0.0,-0.0,0.0
2035-01-01,1,0,143,96.32,96.32,0.0,6419.927195,0.0
2035-01-01,1,0,145,9.53,9.53,0.0,547.135735,0.0
2035-01-01,1,0,146,268.0,268.0,0.0,-268000.0,0.0
2035-01-01,1,0,152,0.0,0.0,0.0,0.0,0.0
2035-01-01,1,0,153,0.0,0.0,0.0,0.0,0.0
2035-01-01,1,0,154,0.0,0.0,0.0,0.0,0.0
2035-01-01,1,0,157,250.0,250.0,0.0,-143263.243765,0.0
2035-01-01,1,0,158,0.0,0.0,0.0,-0.0,0.0
2035-01-01,1,0,159,0.0,0.0,0.0,0.0,0.0
2035-01-01,1,0,160,0.0,0.0,0.0,0.0,0.0
2035-01-01,1,0,161,0.0,0.0,0.0,-0.0,0.0
2035-01-01,1,0,162,25.6,25.6,0.0,644.600844,0.0
2035-01-01,1,0,163,185.4,185.4,0.0,-185400.0,0.0
2035-01-01,1,0,164,0.0,0.0,0.0,0.0,0.0
2035-01-01,1,0,167,0.0,0.0,0.0,0.0,0.0
2035-01-01,1,0,168,0.0,0.0,0.0,0.0,0.0
2035-01-01,1,0,169,0.0,0.0,0.0,0.0,0.0
2035-01-01,1,0,170,0.0,0.0,0.0,0.0,0.0
2035-01-01,1,0,172,0.0,0.0,0.0,0.0,0.0
2035-01-01,1,0,173,0.0,0.0,0.0,0.0,0.0
2035-01-01,1,0,188,0.0,0.0,0.0,0.0,0.0
2035-01-01,1,0,190,0.0,0.0,0.0,0.0,0.0
2035-01-01,1,0,191,0.0,0.0,0.0,0.0,0.0
2035-01-01,1,0,192,332.6,332.6,0.0,30815.301972,0.0
2035-01-01,1,0,194,176.5,176.5,0.0,-26315.082424,0.0
2035-01-01,1,0,196,0.0,0.0,0.0,0.0,0.0
2035-01-01,1,0,198,0.0,0.0,0.0,0.0,0.0
2035-01-01,1,0,199,0.0,0.0,0.0,-0.0,0.0
2035-01-01,1,0,200,0.0,0.0,0.0,-0.0,0.0
2035-01-01,1,0,204,53.03,53.03,0.0,2273.955681,0.0
2035-01-01,1,0,205,81.8,81.8,0.0,3415.83972,0.0
2035-01-01,1,0,206,236.48,236.48,0.0,15832.209802,0.0
2035-01-01,1,0,210,0.0,0.0,0.0,0.0,0.0
2035-01-01,1,0,214,0.0,0.0,0.0,0.0,0.0
2035-01-01,1,0,217,0.0,0.0,0.0,0.0,0.0
2035-01-01,1,0,218,0.0,0.0,0.0,0.0,0.0
2035-01-01,1,0,219,0.0,0.0,0.0,0.0,0.0
2035-01-01,1,0,221,0.0,0.0,0.0,0.0,0.0
2035-01-01,1,0,225,0.0,0.0,0.0,0.0,0.0
2035-01-01,1,0,233,0.0,0.0,0.0,0.0,0.0
2035-01-01,1,0,236,0.0,0.0,0.0,0.0,0.0
2035-01-01,1,0,237,7.04,7.04,0.0,217.126137,0.0
2035-01-01,1,0,238,0.0,0.0,0.0,0.0,0.0
2035-01-01,1,0,240,0.0,0.0,0.0,0.0,0.0
2035-01-01,1,0,245,0.0,0.0,0.0,0.0,0.0
2035-01-01,1,0,247,0.0,0.0,0.0,0.0,0.0
2035-01-01,1,0,248,0.71,0.71,0.0,21.897664,0.0
2035-01-01,1,0,249,0.0,0.0,0.0,0.0,0.0
2035-01-01,1,0,251,6.71,6.71,0.0,149.861524,0.0
2035-01-01,1,0,252,0.0,0.0,0.0,0.0,0.0
2035-01-01,1,0,254,0.0,0.0,0.0,0.0,0.0
2035-01-01,1,0,255,0.0,0.0,0.0,0.0,0.0
2035-01-01,1,0,258,0.0,0.0,0.0,0.0,0.0
2035-01-01,1,0,260,0.0,0.0,0.0,0.0,0.0
2035-01-01,1,0,265,0.0,0.0,0.0,0.0,0.0
2035-01-01,1,0,266,11.45,11.45,0.0,590.195076,0.0
2035-01-01,1,0,267,14.07,14.07,0.0,725.244081,0.0
2035-01-01,1,0,270,579.0,579.0,0.0,-579000.0,0.0
2035-01-01,1,0,272,281.35,281.35,0.0,-80179.44571,0.0
2035-01-01,1,0,273,0.0,0.0,0.0,-0.0,0.0
2035-01-01,1,0,274,746.4,746.4,0.0,-746400.0,0.0
2035-01-01,1,0,275,1039.0,1039.0,0.0,-1039000.0,0.0
2035-01-01,1,0,276,0.0,0.0,0.0,-0.0,0.0
2035-01-01,1,0,277,0.0,0.0,0.0,-0.0,0.0
2035-01-01,1,0,278,0.0,0.0,0.0,-0.0,0.0
2035-01-01,1,0,279,264.6,264.6,0.0,-79056.789597,0.0
2035-01-01,1,0,281,16.79,16.79,0.0,1119.088223,0.0
2035-01-01,1,0,282,0.0,0.0,0.0,0.0,0.0
2035-01-01,2,0,9,0.0,0.0,0.0,0.0,0.0
2035-01-01,2,0,17,0.0,0.0,0.0,0.0,0.0
2035-01-01,2,0,19,0.0,0.0,0.0,0.0,0.0
2035-01-01,2,0,20,0.0,0.0,0.0,0.0,0.0
2035-01-01,2,0,21,0.0,0.0,0.0,0.0,0.0
2035-01-01,2,0,22,0.0,0.0,0.0,0.0,0.0
2035-01-01,2,0,23,108.8,108.8,0.0,8078.842439,0.0
2035-01-01,2,0,24,192.5,192.5,0.0,14293.907809,0.0
2035-01-01,2,0,29,0.0,0.0,0.0,0.0,0.0
2035-01-01,2,0,30,0.0,0.0,0.0,0.0,0.0
2035-01-01,2,0,31,23.52,23.52,0.0,1754.353138,0.0
2035-01-01,2,0,32,0.0,0.0,0.0,0.0,0.0
2035-01-01,2,0,33,0.0,0.0,0.0,0.0,0.0
2035-01-01,2,0,34,0.0,0.0,0.0,0.0,0.0
2035-01-01,2,0,35,0.0,0.0,0.0,0.0,0.0
2035-01-01,2,0,36,0.0,0.0,0.0,0.0,0.0
2035-01-01,2,0,37,0.0,0.0,0.0,0.0,0.0
2035-01-01,2,0,38,0.0,0.0,0.0,0.0,0.0
2035-01-01,2,0,39,0.0,0.0,0.0,0.0,0.0
2035-01-01,2,0,40,0.0,0.0,0.0,0.0,0.0
2035-01-01,2,0,41,13.12,13.12,0.0,744.749818,0.0
2035-01-01,2,0,42,0.0,0.0,0.0,0.0,0.0
2035-01-01,2,0,43,0.0,0.0,0.0,0.0,0.0
2035-01-01,2,0,46,0.0,0.0,0.0,0.0,0.0
2035-01-01,2,0,52,24.93,24.93,0.0,1859.524818,0.0
2035-01-01,2,0,53,39.6,39.6,0.0,2953.757834,0.0
2035-01-01,2,0,55,545.86,545.86,0.0,40532.324761,0.0
2035-01-01,2,0,56,0.0,0.0,0.0,0.0,0.0
2035-01-01,2,0,57,0.0,0.0,0.0,0.0,0.0
2035-01-01,2,0,58,0.0,0.0,0.0,0.0,0.0
2035-01-01,2,0,59,0.0,0.0,0.0,0.0,0.0
2035-01-01,2,0,63,170.0,170.0,0.0,13059.075282,0.0
2035-01-01,2,0,64,200.0,200.0,0.0,15363.617979,0.0
2035-01-01,2,0,65,0.0,0.0,0.0,0.0,0.0
2035-01-01,2,0,67,0.0,0.0,0.0,-0.0,0.0
2035-01-01,2,0,68,10.2,10.2,0.0,-4522.164328,0.0
2035-01-01,2,0,69,0.0,0.0,0.0,0.0,0.0
2035-01-01,2,0,74,0.0,0.0,0.0,0.0,0.0
2035-01-01,2,0,77,200.0,200.0,0.0,-66286.678037,0.0
2035-01-01,2,0,78,151.2,151.2,0.0,-50112.728596,0.0
2035-01-01,2,0,79,87.5,87.5,0.0,-29000.421641,0.0
2035-01-01,2,0,80,141.5,141.5,0.0,-46897.824711,0.0
2035-01-01,2,0,81,185.0,185.0,0.0,-61315.177184,0.0
2035-01-01,2,0,82,130.5,130.5,0.0,-43252.057419,0.0
2035-01-01,2,0,83,291.0,291.0,0.0,-96447.116544,0.0
2035-01-01,2,0,84,0.0,0.0,0.0,-0.0,0.0
2035-01-01,2,0,86,0.0,0.0,0.0,0.0,0.0
2035-01-01,2,0,87,0.0,0.0,0.0,0.0,0.0
2035-01-01,2,0,88,170.6,170.6,0.0,-56542.536366,0.0
2035-01-01,2,0,89,164.0,164.0,0.0,-54355.07599,0.0
2035-01-01,2,0,90,220.2,220.2,0.0,-72981.632519,0.0
2035-01-01,2,0,91,785.5,785.5,0.0,-260340.927991,0.0
2035-01-01,2,0,92,282.5,282.5,0.0,-93629.932727,0.0
2035-01-01,2,0,95,20.26,20.26,0.0,201.234539,0.0
2035-01-01,2,0,96,15.01,15.01,0.0,1124.860884,0.0
2035-01-01,2,0,97,92.3,92.3,0.0,6917.032619,0.0
2035-01-01,2,0,99,0.0,0.0,0.0,0.0,0.0
2035-01-01,2,0,101,0.0,0.0,0.0,0.0,0.0
2035-01-01,2,0,102,24.15,24.15,0.0,-10706.88907,0.0
2035-01-01,2,0,103,21.0,21.0,0.0,-9310.338322,0.0
2035-01-01,2,0,104,3.9,3.9,0.0,-1729.062831,0.0
2035-01-01,2,0,106,0.0,0.0,0.0,0.0,0.0
2035-01-01,2,0,109,23.45,23.45,0.0,1060.318063,0.0
2035-01-01,2,0,110,338.6,338.6,0.0,-338600.0,0.0
2035-01-01,2,0,111,0.0,0.0,0.0,0.0,0.0
2035-01-01,2,0,113,92.76,92.76,0.0,-27495.975848,0.0
2035-01-01,2,0,115,92.76,92.76,0.0,-27495.975848,0.0
2035-01-01,2,0,116,0.0,0.0,0.0,-0.0,0.0
2035-01-01,2,0,117,4.96,4.96,0.0,-1470.246229,0.0
2035-01-01,2,0,119,200.0,200.0,0.0,15363.617979,0.0
2035-01-01,2,0,120,117.6,117.6,0.0,9033.807371,0.0
2035-01-01,2,0,123,0.0,0.0,0.0,0.0,0.0
2035-01-01,2,0,125,174.2,174.2,0.0,12935.058391,0.0
2035-01-01,2,0,126,0.0,0.0,0.0,0.0,0.0
2035-01-01,2,0,127,0.0,0.0,0.0,0.0,0.0
2035-01-01,2,0,128,249.5,249.5,0.0,18526.389601,0.0
2035-01-01,2,0,131,30.0,30.0,0.0,-12202.606056,0.0
2035-01-01,2,0,132,44.1,44.1,0.0,-17937.830902,0.0
2035-01-01,2,0,133,0.0,0.0,0.0,0.0,0.0
2035-01-01,2,0,134,0.0,0.0,0.0,0.0,0.0
2035-01-01,2,0,135,0.0,0.0,0.0,0.0,0.0
2035-01-01,2,0,136,0.0,0.0,0.0,0.0,0.0
2035-01-01,2,0,139,16.94,16.94,0.0,961.590085,0.0
2035-01-01,2,0,140,250.6,250.6,0.0,-250600.0,0.0
2035-01-01,2,0,141,230.0,230.0,0.0,-133486.769424,0.0
2035-01-01,2,0,142,0.0,0.0,0.0,-0.0,0.0
2035-01-01,2,0,143,71.92,71.92,0.0,5364.501602,0.0
2035-01-01,2,0,145,9.1,9.1,0.0,579.549624,0.0
2035-01-01,2,0,146,268.0,268.0,0.0,-268000.0,0.0
2035-01-01,2,0,152,0.0,0.0,0.0,0.0,0.0
2035-01-01,2,0,153,0.0,0.0,0.0,0.0,0.0
2035-01-01,2,0,154,0.0,0.0,0.0,0.0,0.0
2035-01-01,2,0,157,250.0,250.0,0.0,-145094.314592,0.0
2035-01-01,2,0,158,0.0,0.0,0.0,-0.0,0.0
2035-01-01,2,0,159,0.0,0.0,0.0,0.0,0.0
2035-01-01,2,0,160,0.0,0.0,0.0,0.0,0.0
2035-01-01,2,0,161,0.0,0.0,0.0,-0.0,0.0
2035-01-01,2,0,162,39.45,39.45,0.0,420.16281,0.0
2035-01-01,2,0,163,185.4,185.4,0.0,-185400.0,0.0
2035-01-01,2,0,164,0.0,0.0,0.0,0.0,0.0
2035-01-01,2,0,167,0.0,0.0,0.0,0.0,0.0
2035-01-01,2,0,168,0.0,0.0,0.0,0.0,0.0
2035-01-01,2,0,169,0.0,0.0,0.0,0.0,0.0
2035-01-01,2,0,170,0.0,0.0,0.0,0.0,0.0
2035-01-01,2,0,172,0.0,0.0,0.0,-0.0,0.0
2035-01-01,2,0,173,0.0,0.0,0.0,-0.0,0.0
2035-01-01,2,0,188,0.0,0.0,0.0,-0.0,0.0
2035-01-01,2,0,190,0.0,0.0,0.0,0.0,0.0
2035-01-01,2,0,191,0.0,0.0,0.0,0.0,0.0
2035-01-01,2,0,192,332.6,332.6,0.0,25549.696699,0.0
2035-01-01,2,0,194,176.5,176.5,0.0,-28549.858642,0.0
2035-01-01,2,0,196,0.0,0.0,0.0,0.0,0.0
2035-01-01,2,0,198,0.0,0.0,0.0,0.0,0.0
2035-01-01,2,0,199,2.23,2.23,0.0,-148.251726,0.0
2035-01-01,2,0,200,0.0,0.0,0.0,-0.0,0.0
2035-01-01,2,0,204,92.6,92.6,0.0,4309.621548,0.0
2035-01-01,2,0,205,115.14,115.14,0.0,5206.184299,0.0
2035-01-01,2,0,206,271.22,271.22,0.0,20325.434312,0.0
2035-01-01,2,0,210,0.0,0.0,0.0,0.0,0.0
2035-01-01,2,0,214,0.0,0.0,0.0,0.0,0.0
2035-01-01,2,0,217,0.0,0.0,0.0,0.0,0.0
2035-01-01,2,0,218,0.0,0.0,0.0,0.0,0.0
2035-01-01,2,0,219,0.0,0.0,0.0,0.0,0.0
2035-01-01,2,0,221,0.0,0.0,0.0,0.0,0.0
2035-01-01,2,0,225,0.0,0.0,0.0,0.0,0.0
2035-01-01,2,0,233,0.0,0.0,0.0,0.0,0.0
2035-01-01,2,0,236,0.0,0.0,0.0,0.0,0.0
2035-01-01,2,0,237,0.0,0.0,0.0,0.0,0.0
2035-01-01,2,0,238,0.0,0.0,0.0,0.0,0.0
2035-01-01,2,0,240,0.0,0.0,0.0,0.0,0.0
2035-01-01,2,0,245,0.0,0.0,0.0,0.0,0.0
2035-01-01,2,0,247,0.0,0.0,0.0,0.0,0.0
2035-01-01,2,0,248,0.0,0.0,0.0,0.0,0.0
2035-01-01,2,0,249,0.0,0.0,0.0,0.0,0.0
2035-01-01,2,0,251,0.0,0.0,0.0,0.0,0.0
2035-01-01,2,0,252,0.0,0.0,0.0,0.0,0.0
2035-01-01,2,0,254,0.0,0.0,0.0,0.0,0.0
2035-01-01,2,0,255,0.0,0.0,0.0,0.0,0.0
2035-01-01,2,0,258,0.0,0.0,0.0,0.0,0.0
2035-01-01,2,0,260,0.0,0.0,0.0,0.0,0.0
2035-01-01,2,0,265,0.0,0.0,0.0,0.0,0.0
2035-01-01,2,0,266,10.97,10.97,0.0,622.706212,0.0
2035-01-01,2,0,267,13.48,13.48,0.0,765.185026,0.0
2035-01-01,2,0,270,579.0,579.0,0.0,-579000.0,0.0
2035-01-01,2,0,272,400.13,400.13,0.0,-118606.778957,0.0
2035-01-01,2,0,273,0.0,0.0,0.0,-0.0,0.0
2035-01-01,2,0,274,746.39,746.39,0.0,-746390.0,0.0
2035-01-01,2,0,275,1038.99,1038.99,0.0,-1038990.0,0.0
2035-01-01,2,0,276,0.0,0.0,0.0,-0.0,0.0
2035-01-01,2,0,277,0.0,0.0,0.0,-0.0,0.0
2035-01-01,2,0,278,0.0,0.0,0.0,-0.0,0.0
2035-01-01,2,0,279,264.6,264.6,0.0,-82147.13362,0.0
2035-01-01,2,0,281,10.56,10.56,0.0,787.668756,0.0
2035-01-01,2,0,282,0.0,0.0,0.0,0.0,0.0
2035-01-01,3,0,9,0.0,0.0,0.0,0.0,0.0
2035-01-01,3,0,17,0.0,0.0,0.0,0.0,0.0
2035-01-01,3,0,19,0.0,0.0,0.0,0.0,0.0
2035-01-01,3,0,20,0.0,0.0,0.0,0.0,0.0
2035-01-01,3,0,21,0.0,0.0,0.0,0.0,0.0
2035-01-01,3,0,22,0.0,0.0,0.0,0.0,0.0
2035-01-01,3,0,23,108.8,108.8,0.0,6272.69099,0.0
2035-01-01,3,0,24,192.5,192.5,0.0,11098.281393,0.0
2035-01-01,3,0,29,0.0,0.0,0.0,0.0,0.0
2035-01-01,3,0,30,0.0,0.0,0.0,0.0,0.0
2035-01-01,3,0,31,30.11,30.11,0.0,1743.989648,0.0
2035-01-01,3,0,32,0.0,0.0,0.0,0.0,0.0
2035-01-01,3,0,33,0.0,0.0,0.0,0.0,0.0
2035-01-01,3,0,34,0.0,0.0,0.0,0.0,0.0
2035-01-01,3,0,35,0.0,0.0,0.0,0.0,0.0
2035-01-01,3,0,36,0.0,0.0,0.0,0.0,0.0
2035-01-01,3,0,37,0.0,0.0,0.0,0.0,0.0
2035-01-01,3,0,38,0.0,0.0,0.0,0.0,0.0
2035-01-01,3,0,39,0.0,0.0,0.0,0.0,0.0
2035-01-01,3,0,40,0.0,0.0,0.0,0.0,0.0
2035-01-01,3,0,41,14.75,14.75,0.0,645.100986,0.0
2035-01-01,3,0,42,0.0,0.0,0.0,0.0,0.0
2035-01-01,3,0,43,0.0,0.0,0.0,0.0,0.0
2035-01-01,3,0,46,0.0,0.0,0.0,0.0,0.0
2035-01-01,3,0,52,31.91,31.91,0.0,1848.246751,0.0
2035-01-01,3,0,53,50.7,50.7,0.0,2936.575064,0.0
2035-01-01,3,0,55,623.0,623.0,0.0,35918.074325,0.0
2035-01-01,3,0,56,0.0,0.0,0.0,0.0,0.0
2035-01-01,3,0,57,0.0,0.0,0.0,0.0,0.0
2035-01-01,3,0,58,0.0,0.0,0.0,0.0,0.0
2035-01-01,3,0,59,0.0,0.0,0.0,0.0,0.0
2035-01-01,3,0,63,170.0,170.0,0.0,14913.261653,0.0
2035-01-01,3,0,64,200.0,200.0,0.0,17545.01371,0.0
2035-01-01,3,0,65,0.0,0.0,0.0,0.0,0.0
2035-01-01,3,0,67,0.0,0.0,0.0,-0.0,0.0
2035-01-01,3,0,68,10.2,10.2,0.0,-4443.025498,0.0
2035-01-01,3,0,69,0.0,0.0,0.0,0.0,0.0
2035-01-01,3,0,74,0.0,0.0,0.0,0.0,0.0
2035-01-01,3,0,77,200.0,200.0,0.0,-64328.427413,0.0
2035-01-01,3,0,78,151.2,151.2,0.0,-48632.291124,0.0
2035-01-01,3,0,79,87.5,87.5,0.0,-28143.686993,0.0
2035-01-01,3,0,80,141.5,141.5,0.0,-45512.362395,0.0
2035-01-01,3,0,81,185.0,185.0,0.0,-59503.795357,0.0
2035-01-01,3,0,82,130.5,130.5,0.0,-41974.298887,0.0
2035-01-01,3,0,83,291.0,291.0,0.0,-93597.861886,0.0
2035-01-01,3,0,84,0.0,0.0,0.0,0.0,0.0
2035-01-01,3,0,86,0.0,0.0,0.0,0.0,0.0
2035-01-01,3,0,87,0.0,0.0,0.0,0.0,0.0
2035-01-01,3,0,88,170.6,170.6,0.0,-54872.148584,0.0
2035-01-01,3,0,89,164.0,164.0,0.0,-52749.310479,0.0
2035-01-01,3,0,90,220.2,220.2,0.0,-70825.598582,0.0
2035-01-01,3,0,91,785.5,785.5,0.0,-252649.898666,0.0
2035-01-01,3,0,92,282.5,282.5,0.0,-90863.903721,0.0
2035-01-01,3,0,95,31.98,31.98,0.0,621.876038,0.0
2035-01-01,3,0,96,17.29,17.29,0.0,1006.275683,0.0
2035-01-01,3,0,97,106.35,106.35,0.0,6189.555747,0.0
2035-01-01,3,0,99,0.0,0.0,0.0,0.0,0.0
2035-01-01,3,0,101,0.0,0.0,0.0,0.0,0.0
2035-01-01,3,0,102,24.15,24.15,0.0,-10519.516253,0.0
2035-01-01,3,0,103,21.0,21.0,0.0,-9147.405437,0.0
2035-01-01,3,0,104,3.9,3.9,0.0,-1698.803867,0.0
2035-01-01,3,0,106,0.0,0.0,0.0,0.0,0.0
2035-01-01,3,0,109,41.41,41.41,0.0,1430.541531,0.0
2035-01-01,3,0,110,338.6,338.6,0.0,-338600.0,0.0
2035-01-01,3,0,111,0.0,0.0,0.0,0.0,0.0
2035-01-01,3,0,113,78.82,78.82,0.0,-22676.007749,0.0
2035-01-01,3,0,115,78.82,78.82,0.0,-22676.007749,0.0
2035-01-01,3,0,116,0.0,0.0,0.0,-0.0,0.0
2035-01-01,3,0,117,4.05,4.05,0.0,-1165.158987,0.0
2035-01-01,3,0,119,200.0,200.0,0.0,17545.01371,0.0
2035-01-01,3,0,120,117.6,117.6,0.0,10316.468061,0.0
2035-01-01,3,0,123,0.0,0.0,0.0,0.0,0.0
2035-01-01,3,0,125,174.2,174.2,0.0,10043.223993,0.0
2035-01-01,3,0,126,0.0,0.0,0.0,0.0,0.0
2035-01-01,3,0,127,0.0,0.0,0.0,0.0,0.0
2035-01-01,3,0,128,249.5,249.5,0.0,14384.525753,0.0
2035-01-01,3,0,131,30.0,30.0,0.0,-11954.542355,0.0
2035-01-01,3,0,132,44.1,44.1,0.0,-17573.177263,0.0
2035-01-01,3,0,133,0.0,0.0,0.0,0.0,0.0
2035-01-01,3,0,134,0.0,0.0,0.0,0.0,0.0
2035-01-01,3,0,135,0.0,0.0,0.0,0.0,0.0
2035-01-01,3,0,136,1.21,1.21,0.0,19.157481,0.0
2035-01-01,3,0,139,19.05,19.05,0.0,833.164325,0.0
2035-01-01,3,0,140,250.6,250.6,0.0,-250600.0,0.0
2035-01-01,3,0,141,230.0,230.0,0.0,-132141.548367,0.0
2035-01-01,3,0,142,0.0,0.0,0.0,-0.0,0.0
2035-01-01,3,0,143,49.82,49.82,0.0,2885.604925,0.0
2035-01-01,3,0,145,9.48,9.48,0.0,466.835419,0.0
2035-01-01,3,0,146,268.0,268.0,0.0,-268000.0,0.0
2035-01-01,3,0,152,0.0,0.0,0.0,0.0,0.0
2035-01-01,3,0,153,0.0,0.0,0.0,0.0,0.0
2035-01-01,3,0,154,0.0,0.0,0.0,0.0,0.0
2035-01-01,3,0,157,250.0,250.0,0.0,-143632.11779,0.0
2035-01-01,3,0,158,0.0,0.0,0.0,-0.0,0.0
2035-01-01,3,0,159,0.0,0.0,0.0,0.0,0.0
2035-01-01,3,0,160,0.0,0.0,0.0,0.0,0.0
2035-01-01,3,0,161,0.0,0.0,0.0,-0.0,0.0
2035-01-01,3,0,162,48.75,48.75,0.0,984.041758,0.0
2035-01-01,3,0,163,185.4,185.4,0.0,-185400.0,0.0
2035-01-01,3,0,164,0.0,0.0,0.0,0.0,0.0
2035-01-01,3,0,167,0.0,0.0,0.0,0.0,0.0
2035-01-01,3,0,168,0.0,0.0,0.0,0.0,0.0
2035-01-01,3,0,169,0.0,0.0,0.0,0.0,0.0
2035-01-01,3,0,170,0.0,0.0,0.0,0.0,0.0
2035-01-01,3,0,172,0.0,0.0,0.0,0.0,0.0
2035-01-01,3,0,173,0.0,0.0,0.0,0.0,0.0
2035-01-01,3,0,188,0.0,0.0,0.0,0.0,0.0
2035-01-01,3,0,190,0.0,0.0,0.0,0.0,0.0
2035-01-01,3,0,191,0.0,0.0,0.0,0.0,0.0
2035-01-01,3,0,192,332.6,332.6,0.0,29177.3578,0.0
2035-01-01,3,0,194,176.5,176.5,0.0,-26933.864926,0.0
2035-01-01,3,0,196,0.0,0.0,0.0,0.0,0.0
2035-01-01,3,0,198,0.0,0.0,0.0,0.0,0.0
2035-01-01,3,0,199,5.75,5.75,0.0,-349.182316,0.0
2035-01-01,3,0,200,0.0,0.0,0.0,-0.0,0.0
2035-01-01,3,0,204,171.27,171.27,0.0,6097.118813,0.0
2035-01-01,3,0,205,219.08,219.08,0.0,7568.293617,0.0
2035-01-01,3,0,206,312.52,312.52,0.0,18188.622117,0.0
2035-01-01,3,0,210,0.0,0.0,0.0,-0.0,0.0
2035-01-01,3,0,214,0.0,0.0,0.0,0.0,0.0
2035-01-01,3,0,217,0.0,0.0,0.0,0.0,0.0
2035-01-01,3,0,218,0.0,0.0,0.0,0.0,0.0
2035-01-01,3,0,219,0.0,0.0,0.0,0.0,0.0
2035-01-01,3,0,221,0.0,0.0,0.0,0.0,0.0
2035-01-01,3,0,225,0.0,0.0,0.0,0.0,0.0
2035-01-01,3,0,233,0.0,0.0,0.0,0.0,0.0
2035-01-01,3,0,236,0.0,0.0,0.0,0.0,0.0
2035-01-01,3,0,237,0.0,0.0,0.0,0.0,0.0
2035-01-01,3,0,238,0.0,0.0,0.0,0.0,0.0
2035-01-01,3,0,240,0.0,0.0,0.0,0.0,0.0
2035-01-01,3,0,245,0.0,0.0,0.0,0.0,0.0
2035-01-01,3,0,247,0.0,0.0,0.0,0.0,0.0
2035-01-01,3,0,248,0.0,0.0,0.0,0.0,0.0
2035-01-01,3,0,249,0.0,0.0,0.0,0.0,0.0
2035-01-01,3,0,251,0.0,0.0,0.0,0.0,0.0
2035-01-01,3,0,252,0.0,0.0,0.0,0.0,0.0
2035-01-01,3,0,254,0.0,0.0,0.0,0.0,0.0
2035-01-01,3,0,255,0.0,0.0,0.0,0.0,0.0
2035-01-01,3,0,258,0.0,0.0,0.0,0.0,0.0
2035-01-01,3,0,260,0.0,0.0,0.0,0.0,0.0
2035-01-01,3,0,265,0.0,0.0,0.0,0.0,0.0
2035-01-01,3,0,266,12.34,12.34,0.0,539.698046,0.0
2035-01-01,3,0,267,15.16,15.16,0.0,663.032607,0.0
2035-01-01,3,0,270,579.0,579.0,0.0,-579000.0,0.0
2035-01-01,3,0,272,321.97,321.97,0.0,-92628.701026,0.0
2035-01-01,3,0,273,0.0,0.0,0.0,-0.0,0.0
2035-01-01,3,0,274,746.4,746.4,0.0,-746400.0,0.0
2035-01-01,3,0,275,1039.0,1039.0,0.0,-1039000.0,0.0
2035-01-01,3,0,276,0.0,0.0,0.0,-0.0,0.0
2035-01-01,3,0,277,0.0,0.0,0.0,-0.0,0.0
2035-01-01,3,0,278,0.0,0.0,0.0,-0.0,0.0
2035-01-01,3,0,279,264.6,264.6,0.0,-79725.065563,0.0
2035-01-01,3,0,281,13.51,13.51,0.0,782.507478,0.0
2035-01-01,3,0,282,0.0,0.0,0.0,0.0,0.0
2035-01-01,4,0,9,0.0,0.0,0.0,0.0,0.0
2035-01-01,4,0,17,0.0,0.0,0.0,0.0,0.0
2035-01-01,4,0,19,25.32,25.32,0.0,234.902457,0.0
2035-01-01,4,0,20,30.7,30.7,0.0,284.81459,0.0
2035-01-01,4,0,21,0.0,0.0,0.0,0.0,0.0
2035-01-01,4,0,22,0.0,0.0,0.0,0.0,0.0
2035-01-01,4,0,23,98.16,98.16,0.0,2115.580884,0.0
2035-01-01,4,0,24,162.22,162.22,0.0,3496.225866,0.0
2035-01-01,4,0,29,0.0,0.0,0.0,0.0,0.0
2035-01-01,4,0,30,0.0,0.0,0.0,0.0,0.0
2035-01-01,4,0,31,37.5,37.5,0.0,811.86493,0.0
2035-01-01,4,0,32,0.0,0.0,0.0,0.0,0.0
2035-01-01,4,0,33,0.0,0.0,0.0,0.0,0.0
2035-01-01,4,0,34,0.0,0.0,0.0,0.0,0.0
2035-01-01,4,0,35,0.0,0.0,0.0,0.0,0.0
2035-01-01,4,0,36,0.0,0.0,0.0,0.0,0.0
2035-01-01,4,0,37,0.0,0.0,0.0,0.0,0.0
2035-01-01,4,0,38,0.0,0.0,0.0,0.0,0.0
2035-01-01,4,0,39,0.0,0.0,0.0,0.0,0.0
2035-01-01,4,0,40,0.0,0.0,0.0,0.0,0.0
2035-01-01,4,0,41,19.01,19.01,0.0,314.953666,0.0
2035-01-01,4,0,42,0.0,0.0,0.0,0.0,0.0
2035-01-01,4,0,43,0.0,0.0,0.0,0.0,0.0
2035-01-01,4,0,46,0.0,0.0,0.0,0.0,0.0
2035-01-01,4,0,52,39.75,39.75,0.0,860.576826,0.0
2035-01-01,4,0,53,63.15,63.15,0.0,1367.180543,0.0
2035-01-01,4,0,55,623.0,623.0,0.0,13427.128062,0.0
2035-01-01,4,0,56,0.0,0.0,0.0,0.0,0.0
2035-01-01,4,0,57,0.0,0.0,0.0,0.0,0.0
2035-01-01,4,0,58,0.0,0.0,0.0,0.0,0.0
2035-01-01,4,0,59,0.0,0.0,0.0,0.0,0.0
2035-01-01,4,0,63,170.0,170.0,0.0,15705.509589,0.0
2035-01-01,4,0,64,200.0,200.0,0.0,18477.070105,0.0
2035-01-01,4,0,65,2.05,2.05,0.0,19.273821,0.0
2035-01-01,4,0,67,0.0,0.0,0.0,-0.0,0.0
2035-01-01,4,0,68,10.2,10.2,0.0,-4352.175611,0.0
2035-01-01,4,0,69,0.0,0.0,0.0,0.0,0.0
2035-01-01,4,0,74,0.0,0.0,0.0,0.0,0.0
2035-01-01,4,0,77,200.0,200.0,0.0,-61963.070101,0.0
2035-01-01,4,0,78,151.2,151.2,0.0,-46844.080996,0.0
2035-01-01,4,0,79,87.5,87.5,0.0,-27108.843169,0.0
2035-01-01,4,0,80,141.5,141.5,0.0,-43838.872096,0.0
2035-01-01,4,0,81,185.0,185.0,0.0,-57315.839843,0.0
2035-01-01,4,0,82,130.5,130.5,0.0,-40430.903241,0.0
2035-01-01,4,0,83,291.0,291.0,0.0,-90156.266997,0.0
2035-01-01,4,0,84,0.0,0.0,0.0,0.0,0.0
2035-01-01,4,0,86,0.0,0.0,0.0,0.0,0.0
2035-01-01,4,0,87,0.0,0.0,0.0,0.0,0.0
2035-01-01,4,0,88,170.6,170.6,0.0,-52854.498796,0.0
2035-01-01,4,0,89,164.0,164.0,0.0,-50809.717483,0.0
2035-01-01,4,0,90,220.2,220.2,0.0,-68221.340181,0.0
2035-01-01,4,0,91,785.5,785.5,0.0,-243359.957821,0.0
2035-01-01,4,0,92,282.5,282.5,0.0,-87522.836517,0.0
2035-01-01,4,0,95,84.17,84.17,0.0,1636.751286,0.0
2035-01-01,4,0,96,19.95,19.95,0.0,433.94205,0.0
2035-01-01,4,0,97,122.69,122.69,0.0,2668.689228,0.0
2035-01-01,4,0,99,0.0,0.0,0.0,0.0,0.0
2035-01-01,4,0,101,0.0,0.0,0.0,0.0,0.0
2035-01-01,4,0,102,24.15,24.15,0.0,-10304.415785,0.0
2035-01-01,4,0,103,21.0,21.0,0.0,-8960.361552,0.0
2035-01-01,4,0,104,3.9,3.9,0.0,-1664.067145,0.0
2035-01-01,4,0,106,0.0,0.0,0.0,0.0,0.0
2035-01-01,4,0,109,70.49,70.49,0.0,917.693331,0.0
2035-01-01,4,0,110,338.6,338.6,0.0,-338600.0,0.0
2035-01-01,4,0,111,0.0,0.0,0.0,0.0,0.0
2035-01-01,4,0,113,45.0,45.0,0.0,-12555.677368,0.0
2035-01-01,4,0,115,45.0,45.0,0.0,-12555.677368,0.0
2035-01-01,4,0,116,0.0,0.0,0.0,-0.0,0.0
2035-01-01,4,0,117,3.0,3.0,0.0,-837.045158,0.0
2035-01-01,4,0,119,200.0,200.0,0.0,18477.070105,0.0
2035-01-01,4,0,120,117.6,117.6,0.0,10864.517222,0.0
2035-01-01,4,0,123,0.0,0.0,0.0,0.0,0.0
2035-01-01,4,0,125,148.85,148.85,0.0,3208.070645,0.0
2035-01-01,4,0,126,0.0,0.0,0.0,0.0,0.0
2035-01-01,4,0,127,0.0,0.0,0.0,0.0,0.0
2035-01-01,4,0,128,202.15,202.15,0.0,4356.812099,0.0
2035-01-01,4,0,131,30.0,30.0,0.0,-11669.769895,0.0
2035-01-01,4,0,132,44.1,44.1,0.0,-17154.561746,0.0
2035-01-01,4,0,133,2.82,2.82,0.0,26.12904,0.0
2035-01-01,4,0,134,0.0,0.0,0.0,0.0,0.0
2035-01-01,4,0,135,3.89,3.89,0.0,36.04325,0.0
2035-01-01,4,0,136,2.79,2.79,0.0,26.250272,0.0
2035-01-01,4,0,139,24.55,24.55,0.0,406.739216,0.0
2035-01-01,4,0,140,250.6,250.6,0.0,-250600.0,0.0
2035-01-01,4,0,141,230.0,230.0,0.0,-130597.259906,0.0
2035-01-01,4,0,142,0.0,0.0,0.0,-0.0,0.0
2035-01-01,4,0,143,64.2,64.2,0.0,1389.912761,0.0
2035-01-01,4,0,145,10.7,10.7,0.0,197.572735,0.0
2035-01-01,4,0,146,268.0,268.0,0.0,-268000.0,0.0
2035-01-01,4,0,152,0.0,0.0,0.0,0.0,0.0
2035-01-01,4,0,153,0.0,0.0,0.0,0.0,0.0
2035-01-01,4,0,154,0.0,0.0,0.0,0.0,0.0
2035-01-01,4,0,157,250.0,250.0,0.0,-141953.543376,0.0
2035-01-01,4,0,158,0.0,0.0,0.0,-0.0,0.0
2035-01-01,4,0,159,0.0,0.0,0.0,0.0,0.0
2035-01-01,4,0,160,0.0,0.0,0.0,0.0,0.0
2035-01-01,4,0,161,0.0,0.0,0.0,-0.0,0.0
2035-01-01,4,0,162,48.75,48.75,0.0,989.272521,0.0
2035-01-01,4,0,163,185.4,185.4,0.0,-185400.0,0.0
2035-01-01,4,0,164,0.0,0.0,0.0,0.0,0.0
2035-01-01,4,0,167,0.0,0.0,0.0,0.0,0.0
2035-01-01,4,0,168,0.0,0.0,0.0,0.0,0.0
2035-01-01,4,0,169,0.0,0.0,0.0,0.0,0.0
2035-01-01,4,0,170,0.0,0.0,0.0,0.0,0.0
2035-01-01,4,0,172,0.0,0.0,0.0,0.0,0.0
2035-01-01,4,0,173,0.0,0.0,0.0,0.0,0.0
2035-01-01,4,0,188,0.0,0.0,0.0,0.0,0.0
2035-01-01,4,0,190,0.0,0.0,0.0,0.0,0.0
2035-01-01,4,0,191,0.0,0.0,0.0,0.0,0.0
2035-01-01,4,0,192,332.6,332.6,0.0,30727.367585,0.0
2035-01-01,4,0,194,176.5,176.5,0.0,-25632.493354,0.0
2035-01-01,4,0,196,0.0,0.0,0.0,0.0,0.0
2035-01-01,4,0,198,0.0,0.0,0.0,0.0,0.0
2035-01-01,4,0,199,11.79,11.79,0.0,-539.365576,0.0
2035-01-01,4,0,200,0.0,0.0,0.0,-0.0,0.0
2035-01-01,4,0,204,304.45,304.45,0.0,4094.652712,0.0
2035-01-01,4,0,205,372.92,372.92,0.0,4854.960945,0.0
2035-01-01,4,0,206,360.51,360.51,0.0,7841.626486,0.0
2035-01-01,4,0,210,0.0,0.0,0.0,0.0,0.0
2035-01-01,4,0,214,0.0,0.0,0.0,0.0,0.0
2035-01-01,4,0,217,0.0,0.0,0.0,0.0,0.0
2035-01-01,4,0,218,0.0,0.0,0.0,0.0,0.0
2035-01-01,4,0,219,0.0,0.0,0.0,0.0,0.0
2035-01-01,4,0,221,0.0,0.0,0.0,0.0,0.0
2035-01-01,4,0,225,0.0,0.0,0.0,0.0,0.0
2035-01-01,4,0,233,0.0,0.0,0.0,0.0,0.0
2035-01-01,4,0,236,0.0,0.0,0.0,0.0,0.0
2035-01-01,4,0,237,0.0,0.0,0.0,0.0,0.0
2035-01-01,4,0,238,0.0,0.0,0.0,0.0,0.0
2035-01-01,4,0,240,0.0,0.0,0.0,0.0,0.0
2035-01-01,4,0,245,2.46,2.46,0.0,21.695889,0.0
2035-01-01,4,0,247,5.43,5.43,0.0,47.889707,0.0
2035-01-01,4,0,248,0.0,0.0,0.0,0.0,0.0
2035-01-01,4,0,249,4.74,4.74,0.0,41.804275,0.0
2035-01-01,4,0,251,8.77,8.77,0.0,84.247235,0.0
2035-01-01,4,0,252,13.23,13.23,0.0,124.38666,0.0
2035-01-01,4,0,254,0.0,0.0,0.0,0.0,0.0
2035-01-01,4,0,255,0.0,0.0,0.0,0.0,0.0
2035-01-01,4,0,258,0.0,0.0,0.0,0.0,0.0
2035-01-01,4,0,260,0.0,0.0,0.0,0.0,0.0
2035-01-01,4,0,265,0.0,0.0,0.0,0.0,0.0
2035-01-01,4,0,266,15.89,15.89,0.0,263.262164,0.0
2035-01-01,4,0,267,19.53,19.53,0.0,323.568916,0.0
2035-01-01,4,0,270,579.0,579.0,0.0,-579000.0,0.0
2035-01-01,4,0,272,150.39,150.39,0.0,-41961.073763,0.0
2035-01-01,4,0,273,0.0,0.0,0.0,-0.0,0.0
2035-01-01,4,0,274,746.4,746.4,0.0,-746400.0,0.0
2035-01-01,4,0,275,1039.0,1039.0,0.0,-1039000.0,0.0
2035-01-01,4,0,276,0.0,0.0,0.0,-0.0,0.0
2035-01-01,4,0,277,0.0,0.0,0.0,-0.0,0.0
2035-01-01,4,0,278,0.0,0.0,0.0,-0.0,0.0
2035-01-01,4,0,279,264.6,264.6,0.0,-77094.752752,0.0
2035-01-01,4,0,281,16.83,16.83,0.0,364.364981,0.0
2035-01-01,4,0,282,0.0,0.0,0.0,0.0,0.0
2035-01-01,5,0,9,0.0,0.0,0.0,0.0,0.0
2035-01-01,5,0,17,0.0,0.0,0.0,0.0,0.0
2035-01-01,5,0,19,42.5,42.5,0.0,325.258224,0.0
2035-01-01,5,0,20,51.55,51.55,0.0,394.519092,0.0
2035-01-01,5,0,21,0.0,0.0,0.0,0.0,0.0
2035-01-01,5,0,22,0.0,0.0,0.0,0.0,0.0
2035-01-01,5,0,23,108.8,108.8,0.0,1458.997028,0.0
2035-01-01,5,0,24,192.5,192.5,0.0,2581.405586,0.0
2035-01-01,5,0,29,0.0,0.0,0.0,0.0,0.0
2035-01-01,5,0,30,0.0,0.0,0.0,0.0,0.0
2035-01-01,5,0,31,36.52,36.52,0.0,491.410655,0.0
2035-01-01,5,0,32,0.0,0.0,0.0,0.0,0.0
2035-01-01,5,0,33,0.0,0.0,0.0,0.0,0.0
2035-01-01,5,0,34,0.0,0.0,0.0,0.0,0.0
2035-01-01,5,0,35,0.0,0.0,0.0,0.0,0.0
2035-01-01,5,0,36,0.0,0.0,0.0,0.0,0.0
2035-01-01,5,0,37,0.0,0.0,0.0,0.0,0.0
2035-01-01,5,0,38,0.0,0.0,0.0,0.0,0.0
2035-01-01,5,0,39,0.0,0.0,0.0,0.0,0.0
2035-01-01,5,0,40,0.0,0.0,0.0,0.0,0.0
2035-01-01,5,0,41,21.31,21.31,0.0,235.569453,0.0
2035-01-01,5,0,42,0.0,0.0,0.0,0.0,0.0
2035-01-01,5,0,43,0.0,0.0,0.0,0.0,0.0
2035-01-01,5,0,46,0.0,0.0,0.0,0.0,0.0
2035-01-01,5,0,52,38.71,38.71,0.0,520.879148,0.0
2035-01-01,5,0,53,61.5,61.5,0.0,827.539849,0.0
2035-01-01,5,0,55,460.36,460.36,0.0,6173.381173,0.0
2035-01-01,5,0,56,0.0,0.0,0.0,0.0,0.0
2035-01-01,5,0,57,0.0,0.0,0.0,0.0,0.0
2035-01-01,5,0,58,0.0,0.0,0.0,0.0,0.0
2035-01-01,5,0,59,0.0,0.0,0.0,0.0,0.0
2035-01-01,5,0,63,170.0,170.0,0.0,15963.014473,0.0
2035-01-01,5,0,64,200.0,200.0,0.0,18780.017027,0.0
2035-01-01,5,0,65,2.57,2.57,0.0,19.820479,0.0
2035-01-01,5,0,67,0.0,0.0,0.0,-0.0,0.0
2035-01-01,5,0,68,10.2,10.2,0.0,-4323.556,0.0
2035-01-01,5,0,69,0.0,0.0,0.0,0.0,0.0
2035-01-01,5,0,74,0.0,0.0,0.0,0.0,0.0
2035-01-01,5,0,77,200.0,200.0,0.0,-61220.530533,0.0
2035-01-01,5,0,78,151.2,151.2,0.0,-46282.721083,0.0
2035-01-01,5,0,79,87.5,87.5,0.0,-26783.982108,0.0
2035-01-01,5,0,80,141.5,141.5,0.0,-43313.525352,0.0
2035-01-01,5,0,81,185.0,185.0,0.0,-56628.990743,0.0
2035-01-01,5,0,82,130.5,130.5,0.0,-39946.396173,0.0
2035-01-01,5,0,83,291.0,291.0,0.0,-89075.871926,0.0
2035-01-01,5,0,84,0.0,0.0,0.0,0.0,0.0
2035-01-01,5,0,86,0.0,0.0,0.0,0.0,0.0
2035-01-01,5,0,87,0.0,0.0,0.0,0.0,0.0
2035-01-01,5,0,88,170.6,170.6,0.0,-52221.112545,0.0
2035-01-01,5,0,89,164.0,164.0,0.0,-50200.835037,0.0
2035-01-01,5,0,90,220.2,220.2,0.0,-67403.804117,0.0
2035-01-01,5,0,91,785.5,785.5,0.0,-240443.63367,0.0
2035-01-01,5,0,92,282.5,282.5,0.0,-86473.999379,0.0
2035-01-01,5,0,95,36.0,36.0,0.0,700.048073,0.0
2035-01-01,5,0,96,21.04,21.04,0.0,284.125042,0.0
2035-01-01,5,0,97,129.37,129.37,0.0,1747.017901,0.0
2035-01-01,5,0,99,0.0,0.0,0.0,0.0,0.0
2035-01-01,5,0,101,0.0,0.0,0.0,0.0,0.0
2035-01-01,5,0,102,24.15,24.15,0.0,-10236.654647,0.0
2035-01-01,5,0,103,21.0,21.0,0.0,-8901.438823,0.0
2035-01-01,5,0,104,3.9,3.9,0.0,-1653.124353,0.0
2035-01-01,5,0,106,0.0,0.0,0.0,0.0,0.0
2035-01-01,5,0,109,93.96,93.96,0.0,880.714272,0.0
2035-01-01,5,0,110,338.6,338.6,0.0,-338600.0,0.0
2035-01-01,5,0,111,0.0,0.0,0.0,0.0,0.0
2035-01-01,5,0,113,106.15,106.15,0.0,-29324.093708,0.0
2035-01-01,5,0,115,106.15,106.15,0.0,-29324.093708,0.0
2035-01-01,5,0,116,0.0,0.0,0.0,-0.0,0.0
2035-01-01,5,0,117,5.11,5.11,0.0,-1411.64502,0.0
2035-01-01,5,0,119,200.0,200.0,0.0,18780.017027,0.0
2035-01-01,5,0,120,117.6,117.6,0.0,11042.650012,0.0
2035-01-01,5,0,123,0.0,0.0,0.0,0.0,0.0
2035-01-01,5,0,125,174.2,174.2,0.0,2336.004432,0.0
2035-01-01,5,0,126,0.0,0.0,0.0,0.0,0.0
2035-01-01,5,0,127,0.0,0.0,0.0,0.0,0.0
2035-01-01,5,0,128,249.5,249.5,0.0,3345.769838,0.0
2035-01-01,5,0,131,30.0,30.0,0.0,-11580.060626,0.0
2035-01-01,5,0,132,44.1,44.1,0.0,-17022.68912,0.0
2035-01-01,5,0,133,2.07,2.07,0.0,15.83046,0.0
2035-01-01,5,0,134,0.0,0.0,0.0,0.0,0.0
2035-01-01,5,0,135,2.95,2.95,0.0,22.560317,0.0
2035-01-01,5,0,136,3.25,3.25,0.0,25.075355,0.0
2035-01-01,5,0,139,27.51,27.51,0.0,304.106789,0.0
2035-01-01,5,0,140,250.6,250.6,0.0,-250600.0,0.0
2035-01-01,5,0,141,230.0,230.0,0.0,-130110.776803,0.0
2035-01-01,5,0,142,0.0,0.0,0.0,-0.0,0.0
2035-01-01,5,0,143,107.65,107.65,0.0,1448.531135,0.0
2035-01-01,5,0,145,12.86,12.86,0.0,153.672382,0.0
2035-01-01,5,0,146,268.0,268.0,0.0,-268000.0,0.0
2035-01-01,5,0,152,0.0,0.0,0.0,0.0,0.0
2035-01-01,5,0,153,0.0,0.0,0.0,0.0,0.0
2035-01-01,5,0,154,0.0,0.0,0.0,0.0,0.0
2035-01-01,5,0,157,250.0,250.0,0.0,-141424.757394,0.0
2035-01-01,5,0,158,0.0,0.0,0.0,-0.0,0.0
2035-01-01,5,0,159,0.0,0.0,0.0,0.0,0.0
2035-01-01,5,0,160,0.0,0.0,0.0,0.0,0.0
2035-01-01,5,0,161,0.0,0.0,0.0,-0.0,0.0
2035-01-01,5,0,162,48.75,48.75,0.0,990.983248,0.0
2035-01-01,5,0,163,185.4,185.4,0.0,-185400.0,0.0
2035-01-01,5,0,164,0.0,0.0,0.0,0.0,0.0
2035-01-01,5,0,167,0.0,0.0,0.0,0.0,0.0
2035-01-01,5,0,168,0.0,0.0,0.0,0.0,0.0
2035-01-01,5,0,169,0.0,0.0,0.0,0.0,0.0
2035-01-01,5,0,170,0.0,0.0,0.0,0.0,0.0
2035-01-01,5,0,172,0.0,0.0,0.0,0.0,0.0
2035-01-01,5,0,173,0.0,0.0,0.0,0.0,0.0
2035-01-01,5,0,188,0.0,0.0,0.0,0.0,0.0
2035-01-01,5,0,190,0.0,0.0,0.0,0.0,0.0
2035-01-01,5,0,191,0.0,0.0,0.0,0.0,0.0
2035-01-01,5,0,192,332.6,332.6,0.0,31231.168316,0.0
2035-01-01,5,0,194,176.5,176.5,0.0,-25210.274648,0.0
2035-01-01,5,0,196,0.0,0.0,0.0,0.0,0.0
2035-01-01,5,0,198,0.0,0.0,0.0,0.0,0.0
2035-01-01,5,0,199,17.34,17.34,0.0,-700.791401,0.0
2035-01-01,5,0,200,0.0,0.0,0.0,-0.0,0.0
2035-01-01,5,0,204,395.39,395.39,0.0,3786.881909,0.0
2035-01-01,5,0,205,497.04,497.04,0.0,4658.899762,0.0
2035-01-01,5,0,206,380.16,380.16,0.0,5133.69657,0.0
2035-01-01,5,0,210,0.0,0.0,0.0,0.0,0.0
2035-01-01,5,0,214,0.0,0.0,0.0,0.0,0.0
2035-01-01,5,0,217,0.0,0.0,0.0,0.0,0.0
2035-01-01,5,0,218,0.0,0.0,0.0,0.0,0.0
2035-01-01,5,0,219,0.0,0.0,0.0,0.0,0.0
2035-01-01,5,0,221,0.0,0.0,0.0,0.0,0.0
2035-01-01,5,0,225,0.0,0.0,0.0,0.0,0.0
2035-01-01,5,0,233,0.0,0.0,0.0,0.0,0.0
2035-01-01,5,0,236,0.0,0.0,0.0,0.0,0.0
2035-01-01,5,0,237,0.0,0.0,0.0,0.0,0.0
2035-01-01,5,0,238,0.0,0.0,0.0,0.0,0.0
2035-01-01,5,0,240,0.0,0.0,0.0,0.0,0.0
2035-01-01,5,0,245,3.77,3.77,0.0,28.032796,0.0
2035-01-01,5,0,247,7.37,7.37,0.0,54.801514,0.0
2035-01-01,5,0,248,0.0,0.0,0.0,0.0,0.0
2035-01-01,5,0,249,7.25,7.25,0.0,53.909223,0.0
2035-01-01,5,0,251,12.02,12.02,0.0,93.867837,0.0
2035-01-01,5,0,252,16.55,16.55,0.0,127.637717,0.0
2035-01-01,5,0,254,0.0,0.0,0.0,0.0,0.0
2035-01-01,5,0,255,0.0,0.0,0.0,0.0,0.0
2035-01-01,5,0,258,0.0,0.0,0.0,0.0,0.0
2035-01-01,5,0,260,0.0,0.0,0.0,0.0,0.0
2035-01-01,5,0,265,0.0,0.0,0.0,0.0,0.0
2035-01-01,5,0,266,17.82,17.82,0.0,196.989566,0.0
2035-01-01,5,0,267,21.89,21.89,0.0,241.981011,0.0
2035-01-01,5,0,270,579.0,579.0,0.0,-579000.0,0.0
2035-01-01,5,0,272,364.92,364.92,0.0,-100809.68701,0.0
2035-01-01,5,0,273,0.0,0.0,0.0,-0.0,0.0
2035-01-01,5,0,274,746.4,746.4,0.0,-746400.0,0.0
2035-01-01,5,0,275,1039.0,1039.0,0.0,-1039000.0,0.0
2035-01-01,5,0,276,0.0,0.0,0.0,-0.0,0.0
2035-01-01,5,0,277,0.0,0.0,0.0,-0.0,0.0
2035-01-01,5,0,278,0.0,0.0,0.0,-0.0,0.0
2035-01-01,5,0,279,264.6,264.6,0.0,-76262.824612,0.0
2035-01-01,5,0,281,16.39,16.39,0.0,220.542734,0.0
2035-01-01,5,0,282,0.0,0.0,0.0,0.0,0.0
2035-01-01,6,0,9,0.0,0.0,0.0,0.0,0.0
2035-01-01,6,0,17,0.0,0.0,0.0,0.0,0.0
2035-01-01,6,0,19,67.73,67.73,0.0,983.674584,0.0
2035-01-01,6,0,20,82.14,82.14,0.0,1192.957778,0.0
2035-01-01,6,0,21,0.0,0.0,0.0,0.0,0.0
2035-01-01,6,0,22,0.0,0.0,0.0,0.0,0.0
2035-01-01,6,0,23,108.8,108.8,0.0,3487.338139,0.0
2035-01-01,6,0,24,192.5,192.5,0.0,6170.152497,0.0
2035-01-01,6,0,29,0.0,0.0,0.0,0.0,0.0
2035-01-01,6,0,30,0.0,0.0,0.0,0.0,0.0
2035-01-01,6,0,31,34.69,34.69,0.0,1118.23775,0.0
2035-01-01,6,0,32,0.0,0.0,0.0,0.0,0.0
2035-01-01,6,0,33,0.0,0.0,0.0,0.0,0.0
2035-01-01,6,0,34,0.0,0.0,0.0,0.0,0.0
2035-01-01,6,0,35,0.0,0.0,0.0,0.0,0.0
2035-01-01,6,0,36,0.0,0.0,0.0,0.0,0.0
2035-01-01,6,0,37,0.0,0.0,0.0,0.0,0.0
2035-01-01,6,0,38,0.0,0.0,0.0,0.0,0.0
2035-01-01,6,0,39,0.0,0.0,0.0,0.0,0.0
2035-01-01,6,0,40,0.0,0.0,0.0,0.0,0.0
2035-01-01,6,0,41,25.12,25.12,0.0,574.417927,0.0
2035-01-01,6,0,42,0.0,0.0,0.0,0.0,0.0
2035-01-01,6,0,43,0.0,0.0,0.0,0.0,0.0
2035-01-01,6,0,46,0.0,0.0,0.0,0.0,0.0
2035-01-01,6,0,52,36.77,36.77,0.0,1185.286886,0.0
2035-01-01,6,0,53,58.39,58.39,0.0,1882.211076,0.0
2035-01-01,6,0,55,186.9,186.9,0.0,5990.657152,0.0
2035-01-01,6,0,56,0.0,0.0,0.0,0.0,0.0
2035-01-01,6,0,57,0.0,0.0,0.0,0.0,0.0
2035-01-01,6,0,58,0.0,0.0,0.0,0.0,0.0
2035-01-01,6,0,59,0.0,0.0,0.0,0.0,0.0
2035-01-01,6,0,63,170.0,170.0,0.0,15046.152834,0.0
2035-01-01,6,0,64,200.0,200.0,0.0,17701.356275,0.0
2035-01-01,6,0,65,3.16,3.16,0.0,46.719598,0.0
2035-01-01,6,0,67,0.0,0.0,0.0,-0.0,0.0
2035-01-01,6,0,68,10.2,10.2,0.0,-4408.70053,0.0
2035-01-01,6,0,69,0.0,0.0,0.0,0.0,0.0
2035-01-01,6,0,74,0.0,0.0,0.0,0.0,0.0
2035-01-01,6,0,77,200.0,200.0,0.0,-63408.997489,0.0
2035-01-01,6,0,78,151.2,151.2,0.0,-47937.202102,0.0
2035-01-01,6,0,79,87.5,87.5,0.0,-27741.436401,0.0
2035-01-01,6,0,80,141.5,141.5,0.0,-44861.865723,0.0
2035-01-01,6,0,81,185.0,185.0,0.0,-58653.322677,0.0
2035-01-01,6,0,82,130.5,130.5,0.0,-41374.370862,0.0
2035-01-01,6,0,83,291.0,291.0,0.0,-92260.091346,0.0
2035-01-01,6,0,84,0.0,0.0,0.0,-0.0,0.0
2035-01-01,6,0,86,0.0,0.0,0.0,0.0,0.0
2035-01-01,6,0,87,0.0,0.0,0.0,0.0,0.0
2035-01-01,6,0,88,170.6,170.6,0.0,-54087.874858,0.0
2035-01-01,6,0,89,164.0,164.0,0.0,-51995.377941,0.0
2035-01-01,6,0,90,220.2,220.2,0.0,-69813.306235,0.0
2035-01-01,6,0,91,785.5,785.5,0.0,-249038.837638,0.0
2035-01-01,6,0,92,282.5,282.5,0.0,-89565.208953,0.0
2035-01-01,6,0,95,36.0,36.0,0.0,700.048073,0.0
2035-01-01,6,0,96,22.28,22.28,0.0,722.447036,0.0
2035-01-01,6,0,97,137.03,137.03,0.0,4443.308678,0.0
2035-01-01,6,0,99,0.0,0.0,0.0,0.0,0.0
2035-01-01,6,0,101,0.0,0.0,0.0,0.0,0.0
2035-01-01,6,0,102,24.15,24.15,0.0,-10438.246843,0.0
2035-01-01,6,0,103,21.0,21.0,0.0,-9076.736385,0.0
2035-01-01,6,0,104,3.9,3.9,0.0,-1685.679614,0.0
2035-01-01,6,0,106,0.0,0.0,0.0,0.0,0.0
2035-01-01,6,0,109,123.37,123.37,0.0,1956.733477,0.0
2035-01-01,6,0,110,338.6,338.6,0.0,-338600.0,0.0
2035-01-01,6,0,111,0.0,0.0,0.0,0.0,0.0
2035-01-01,6,0,113,137.43,137.43,0.0,-39127.520918,0.0
2035-01-01,6,0,115,137.43,137.43,0.0,-39127.520918,0.0
2035-01-01,6,0,116,0.0,0.0,0.0,-0.0,0.0
2035-01-01,6,0,117,5.45,5.45,0.0,-1551.662585,0.0
2035-01-01,6,0,119,200.0,200.0,0.0,17701.356275,0.0
2035-01-01,6,0,120,117.6,117.6,0.0,10408.39749,0.0
2035-01-01,6,0,123,0.0,0.0,0.0,0.0,0.0
2035-01-01,6,0,125,174.2,174.2,0.0,5583.587351,0.0
2035-01-01,6,0,126,0.0,0.0,0.0,0.0,0.0
2035-01-01,6,0,127,0.0,0.0,0.0,0.0,0.0
2035-01-01,6,0,128,249.5,249.5,0.0,7997.158691,0.0
2035-01-01,6,0,131,30.0,30.0,0.0,-11846.949424,0.0
2035-01-01,6,0,132,44.1,44.1,0.0,-17415.015654,0.0
2035-01-01,6,0,133,2.96,2.96,0.0,42.916623,0.0
2035-01-01,6,0,134,0.0,0.0,0.0,0.0,0.0
2035-01-01,6,0,135,3.96,3.96,0.0,57.415482,0.0
2035-01-01,6,0,136,3.75,3.75,0.0,55.496336,0.0
2035-01-01,6,0,139,32.44,32.44,0.0,741.804042,0.0
2035-01-01,6,0,140,250.6,250.6,0.0,-250600.0,0.0
2035-01-01,6,0,141,230.0,230.0,0.0,-131558.084214,0.0
2035-01-01,6,0,142,0.0,0.0,0.0,-0.0,0.0
2035-01-01,6,0,143,167.34,167.34,0.0,5394.231914,0.0
2035-01-01,6,0,145,15.5,15.5,0.0,406.494396,0.0
2035-01-01,6,0,146,268.0,268.0,0.0,-268000.0,0.0
2035-01-01,6,0,152,0.0,0.0,0.0,0.0,0.0
2035-01-01,6,0,153,0.0,0.0,0.0,0.0,0.0
2035-01-01,6,0,154,0.0,0.0,0.0,0.0,0.0
2035-01-01,6,0,157,250.0,250.0,0.0,-142997.917624,0.0
2035-01-01,6,0,158,0.0,0.0,0.0,-0.0,0.0
2035-01-01,6,0,159,0.0,0.0,0.0,0.0,0.0
2035-01-01,6,0,160,0.0,0.0,0.0,0.0,0.0
2035-01-01,6,0,161,0.0,0.0,0.0,-0.0,0.0
2035-01-01,6,0,162,48.75,48.75,0.0,984.555585,0.0
2035-01-01,6,0,163,185.4,185.4,0.0,-185400.0,0.0
2035-01-01,6,0,164,0.0,0.0,0.0,0.0,0.0
2035-01-01,6,0,167,0.0,0.0,0.0,0.0,0.0
2035-01-01,6,0,168,0.0,0.0,0.0,0.0,0.0
2035-01-01,6,0,169,0.0,0.0,0.0,0.0,0.0
2035-01-01,6,0,170,0.0,0.0,0.0,0.0,0.0
2035-01-01,6,0,172,0.0,0.0,0.0,0.0,0.0
2035-01-01,6,0,173,0.0,0.0,0.0,0.0,0.0
2035-01-01,6,0,188,0.0,0.0,0.0,0.0,0.0
2035-01-01,6,0,190,0.0,0.0,0.0,0.0,0.0
2035-01-01,6,0,191,0.0,0.0,0.0,0.0,0.0
2035-01-01,6,0,192,332.6,332.6,0.0,29437.355485,0.0
2035-01-01,6,0,194,176.5,176.5,0.0,-26563.714208,0.0
2035-01-01,6,0,196,0.0,0.0,0.0,0.0,0.0
2035-01-01,6,0,198,0.0,0.0,0.0,0.0,0.0
2035-01-01,6,0,199,24.47,24.47,0.0,-1331.163967,0.0
2035-01-01,6,0,200,0.0,0.0,0.0,-0.0,0.0
2035-01-01,6,0,204,510.32,510.32,0.0,8548.052358,0.0
2035-01-01,6,0,205,652.65,652.65,0.0,10351.480133,0.0
2035-01-01,6,0,206,402.65,402.65,0.0,13056.252203,0.0
2035-01-01,6,0,210,0.0,0.0,0.0,-0.0,0.0
2035-01-01,6,0,214,0.0,0.0,0.0,0.0,0.0
2035-01-01,6,0,217,0.0,0.0,0.0,0.0,0.0
2035-01-01,6,0,218,0.0,0.0,0.0,0.0,0.0
2035-01-01,6,0,219,0.0,0.0,0.0,0.0,0.0
2035-01-01,6,0,221,0.0,0.0,0.0,0.0,0.0
2035-01-01,6,0,225,0.0,0.0,0.0,0.0,0.0
2035-01-01,6,0,233,0.0,0.0,0.0,0.0,0.0
2035-01-01,6,0,236,0.0,0.0,0.0,0.0,0.0
2035-01-01,6,0,237,0.0,0.0,0.0,0.0,0.0
2035-01-01,6,0,238,0.0,0.0,0.0,0.0,0.0
2035-01-01,6,0,240,0.0,0.0,0.0,0.0,0.0
2035-01-01,6,0,245,6.48,6.48,0.0,87.887666,0.0
2035-01-01,6,0,247,10.7,10.7,0.0,145.123151,0.0
2035-01-01,6,0,248,0.0,0.0,0.0,0.0,0.0
2035-01-01,6,0,249,12.47,12.47,0.0,169.129505,0.0
2035-01-01,6,0,251,17.01,17.01,0.0,258.782514,0.0
2035-01-01,6,0,252,20.4,20.4,0.0,301.607528,0.0
2035-01-01,6,0,254,0.0,0.0,0.0,0.0,0.0
2035-01-01,6,0,255,0.0,0.0,0.0,0.0,0.0
2035-01-01,6,0,258,0.0,0.0,0.0,0.0,0.0
2035-01-01,6,0,260,0.0,0.0,0.0,0.0,0.0
2035-01-01,6,0,265,0.0,0.0,0.0,0.0,0.0
2035-01-01,6,0,266,21.01,21.01,0.0,480.434739,0.0
2035-01-01,6,0,267,25.82,25.82,0.0,590.424796,0.0
2035-01-01,6,0,270,579.0,579.0,0.0,-579000.0,0.0
2035-01-01,6,0,272,484.95,484.95,0.0,-138069.499156,0.0
2035-01-01,6,0,273,0.0,0.0,0.0,-0.0,0.0
2035-01-01,6,0,274,746.4,746.4,0.0,-746400.0,0.0
2035-01-01,6,0,275,1039.0,1039.0,0.0,-1039000.0,0.0
2035-01-01,6,0,276,0.0,0.0,0.0,-0.0,0.0
2035-01-01,6,0,277,0.0,0.0,0.0,-0.0,0.0
2035-01-01,6,0,278,0.0,0.0,0.0,-0.0,0.0
2035-01-01,6,0,279,264.6,264.6,0.0,-78764.238256,0.0
2035-01-01,6,0,281,15.6,15.6,0.0,502.868518,0.0
2035-01-01,6,0,282,0.0,0.0,0.0,0.0,0.0
2035-01-01,7,0,9,0.0,0.0,0.0,0.0,0.0
2035-01-01,7,0,17,0.0,0.0,0.0,0.0,0.0
2035-01-01,7,0,19,102.4,102.4,0.0,3289.330846,0.0
2035-01-01,7,0,20,124.19,124.19,0.0,3989.277322,0.0
2035-01-01,7,0,21,0.0,0.0,0.0,0.0,0.0
2035-01-01,7,0,22,0.0,0.0,0.0,0.0,0.0
2035-01-01,7,0,23,108.8,108.8,0.0,4524.904706,0.0
2035-01-01,7,0,24,192.5,192.5,0.0,8005.920551,0.0
2035-01-01,7,0,29,0.0,0.0,0.0,0.0,0.0
2035-01-01,7,0,30,0.0,0.0,0.0,0.0,0.0
2035-01-01,7,0,31,81.04,81.04,0.0,3394.41051,0.0
2035-01-01,7,0,32,0.0,0.0,0.0,0.0,0.0
2035-01-01,7,0,33,0.0,0.0,0.0,0.0,0.0
2035-01-01,7,0,34,0.0,0.0,0.0,0.0,0.0
2035-01-01,7,0,35,0.0,0.0,0.0,0.0,0.0
2035-01-01,7,0,36,0.0,0.0,0.0,0.0,0.0
2035-01-01,7,0,37,0.0,0.0,0.0,0.0,0.0
2035-01-01,7,0,38,0.0,0.0,0.0,0.0,0.0
2035-01-01,7,0,39,0.0,0.0,0.0,0.0,0.0
2035-01-01,7,0,40,0.0,0.0,0.0,0.0,0.0
2035-01-01,7,0,41,22.47,22.47,0.0,611.132149,0.0
2035-01-01,7,0,42,0.0,0.0,0.0,0.0,0.0
2035-01-01,7,0,43,0.0,0.0,0.0,0.0,0.0
2035-01-01,7,0,46,0.0,0.0,0.0,0.0,0.0
2035-01-01,7,0,52,85.9,85.9,0.0,3597.974615,0.0
2035-01-01,7,0,53,136.52,136.52,0.0,5718.224615,0.0
2035-01-01,7,0,55,186.9,186.9,0.0,7773.021044,0.0
2035-01-01,7,0,56,0.0,0.0,0.0,0.0,0.0
2035-01-01,7,0,57,0.0,0.0,0.0,0.0,0.0
2035-01-01,7,0,58,0.0,0.0,0.0,0.0,0.0
2035-01-01,7,0,59,0.0,0.0,0.0,0.0,0.0
2035-01-01,7,0,63,170.0,170.0,0.0,14830.245802,0.0
2035-01-01,7,0,64,200.0,200.0,0.0,17447.348003,0.0
2035-01-01,7,0,65,3.88,3.88,0.0,126.658111,0.0
2035-01-01,7,0,67,0.0,0.0,0.0,-0.0,0.0
2035-01-01,7,0,68,10.2,10.2,0.0,-4456.047858,0.0
2035-01-01,7,0,69,0.0,0.0,0.0,0.0,0.0
2035-01-01,7,0,74,0.0,0.0,0.0,0.0,0.0
2035-01-01,7,0,77,200.0,200.0,0.0,-64676.935827,0.0
2035-01-01,7,0,78,151.2,151.2,0.0,-48895.763485,0.0
2035-01-01,7,0,79,87.5,87.5,0.0,-28296.159424,0.0
2035-01-01,7,0,80,141.5,141.5,0.0,-45758.932098,0.0
2035-01-01,7,0,81,185.0,185.0,0.0,-59826.16564,0.0
2035-01-01,7,0,82,130.5,130.5,0.0,-42201.700627,0.0
2035-01-01,7,0,83,291.0,291.0,0.0,-94104.941628,0.0
2035-01-01,7,0,84,0.0,0.0,0.0,-0.0,0.0
2035-01-01,7,0,86,0.0,0.0,0.0,0.0,0.0
2035-01-01,7,0,87,0.0,0.0,0.0,0.0,0.0
2035-01-01,7,0,88,170.6,170.6,0.0,-55169.42626,0.0
2035-01-01,7,0,89,164.0,164.0,0.0,-53035.087378,0.0
2035-01-01,7,0,90,220.2,220.2,0.0,-71209.306345,0.0
2035-01-01,7,0,91,785.5,785.5,0.0,-254018.66546,0.0
2035-01-01,7,0,92,282.5,282.5,0.0,-91356.171855,0.0
2035-01-01,7,0,95,36.0,36.0,0.0,700.716127,0.0
2035-01-01,7,0,96,23.48,23.48,0.0,990.748159,0.0
2035-01-01,7,0,97,144.39,144.39,0.0,6092.594831,0.0
2035-01-01,7,0,99,0.0,0.0,0.0,0.0,0.0
2035-01-01,7,0,101,0.0,0.0,0.0,0.0,0.0
2035-01-01,7,0,102,24.15,24.15,0.0,-10550.348604,0.0
2035-01-01,7,0,103,21.0,21.0,0.0,-9174.216177,0.0
2035-01-01,7,0,104,3.9,3.9,0.0,-1703.783004,0.0
2035-01-01,7,0,106,0.0,0.0,0.0,0.0,0.0
2035-01-01,7,0,109,158.84,158.84,0.0,2314.898447,0.0
2035-01-01,7,0,110,338.6,338.6,0.0,-338600.0,0.0
2035-01-01,7,0,111,0.0,0.0,0.0,0.0,0.0
2035-01-01,7,0,113,75.93,75.93,0.0,-21930.824735,0.0
2035-01-01,7,0,115,75.93,75.93,0.0,-21930.824735,0.0
2035-01-01,7,0,116,0.0,0.0,0.0,-0.0,0.0
2035-01-01,7,0,117,3.11,3.11,0.0,-898.259778,0.0
2035-01-01,7,0,119,200.0,200.0,0.0,17447.348003,0.0
2035-01-01,7,0,120,117.6,117.6,0.0,10259.040626,0.0
2035-01-01,7,0,123,0.0,0.0,0.0,0.0,0.0
2035-01-01,7,0,125,174.2,174.2,0.0,7244.838233,0.0
2035-01-01,7,0,126,0.0,0.0,0.0,0.0,0.0
2035-01-01,7,0,127,0.0,0.0,0.0,0.0,0.0
2035-01-01,7,0,128,249.5,249.5,0.0,10376.504818,0.0
2035-01-01,7,0,131,30.0,30.0,0.0,-11995.361441,0.0
2035-01-01,7,0,132,44.1,44.1,0.0,-17633.181319,0.0
2035-01-01,7,0,133,5.0,5.0,0.0,160.366205,0.0
2035-01-01,7,0,134,0.0,0.0,0.0,0.0,0.0
2035-01-01,7,0,135,6.7,6.7,0.0,214.890715,0.0
2035-01-01,7,0,136,4.32,4.32,0.0,141.145074,0.0
2035-01-01,7,0,139,29.02,29.02,0.0,789.277034,0.0
2035-01-01,7,0,140,250.6,250.6,0.0,-250600.0,0.0
2035-01-01,7,0,141,230.0,230.0,0.0,-132362.905599,0.0
2035-01-01,7,0,142,0.0,0.0,0.0,-0.0,0.0
2035-01-01,7,0,143,108.39,108.39,0.0,4539.982171,0.0
2035-01-01,7,0,145,18.62,18.62,0.0,595.360225,0.0
2035-01-01,7,0,146,268.0,268.0,0.0,-268000.0,0.0
2035-01-01,7,0,152,0.0,0.0,0.0,0.0,0.0
2035-01-01,7,0,153,0.0,0.0,0.0,0.0,0.0
2035-01-01,7,0,154,0.0,0.0,0.0,0.0,0.0
2035-01-01,7,0,157,237.53,237.53,0.0,-136696.35203,0.0
2035-01-01,7,0,158,0.0,0.0,0.0,-0.0,0.0
2035-01-01,7,0,159,0.0,0.0,0.0,0.0,0.0
2035-01-01,7,0,160,0.0,0.0,0.0,0.0,0.0
2035-01-01,7,0,161,0.0,0.0,0.0,-0.0,0.0
2035-01-01,7,0,162,48.75,48.75,0.0,984.414182,0.0
2035-01-01,7,0,163,185.4,185.4,0.0,-185400.0,0.0
2035-01-01,7,0,164,0.0,0.0,0.0,0.0,0.0
2035-01-01,7,0,167,0.0,0.0,0.0,0.0,0.0
2035-01-01,7,0,168,0.0,0.0,0.0,0.0,0.0
2035-01-01,7,0,169,0.0,0.0,0.0,0.0,0.0
2035-01-01,7,0,170,0.0,0.0,0.0,0.0,0.0
2035-01-01,7,0,172,0.0,0.0,0.0,0.0,0.0
2035-01-01,7,0,173,0.0,0.0,0.0,0.0,0.0
2035-01-01,7,0,188,0.0,0.0,0.0,0.0,0.0
2035-01-01,7,0,190,0.0,0.0,0.0,0.0,0.0
2035-01-01,7,0,191,0.0,0.0,0.0,0.0,0.0
2035-01-01,7,0,192,332.6,332.6,0.0,29014.939728,0.0
2035-01-01,7,0,194,176.5,176.5,0.0,-27075.752878,0.0
2035-01-01,7,0,196,0.0,0.0,0.0,0.0,0.0
2035-01-01,7,0,198,0.0,0.0,0.0,0.0,0.0
2035-01-01,7,0,199,33.41,33.41,0.0,-2027.965491,0.0
2035-01-01,7,0,200,0.0,0.0,0.0,-0.0,0.0
2035-01-01,7,0,204,649.64,649.64,0.0,10594.15394,0.0
2035-01-01,7,0,205,840.25,840.25,0.0,12245.614583,0.0
2035-01-01,7,0,206,424.27,424.27,0.0,17902.24537,0.0
2035-01-01,7,0,210,0.0,0.0,0.0,0.0,0.0
2035-01-01,7,0,214,0.0,0.0,0.0,0.0,0.0
2035-01-01,7,0,217,0.0,0.0,0.0,0.0,0.0
2035-01-01,7,0,218,0.0,0.0,0.0,0.0,0.0
2035-01-01,7,0,219,0.0,0.0,0.0,0.0,0.0
2035-01-01,7,0,221,0.0,0.0,0.0,0.0,0.0
2035-01-01,7,0,225,0.0,0.0,0.0,0.0,0.0
2035-01-01,7,0,233,0.0,0.0,0.0,0.0,0.0
2035-01-01,7,0,236,0.0,0.0,0.0,0.0,0.0
2035-01-01,7,0,237,0.0,0.0,0.0,0.0,0.0
2035-01-01,7,0,238,0.0,0.0,0.0,0.0,0.0
2035-01-01,7,0,240,0.0,0.0,0.0,0.0,0.0
2035-01-01,7,0,245,11.24,11.24,0.0,339.501591,0.0
2035-01-01,7,0,247,15.96,15.96,0.0,482.068095,0.0
2035-01-01,7,0,248,0.0,0.0,0.0,0.0,0.0
2035-01-01,7,0,249,21.61,21.61,0.0,652.725033,0.0
2035-01-01,7,0,251,23.95,23.95,0.0,802.325302,0.0
2035-01-01,7,0,252,25.06,25.06,0.0,818.054707,0.0
2035-01-01,7,0,254,0.0,0.0,0.0,0.0,0.0
2035-01-01,7,0,255,0.0,0.0,0.0,0.0,0.0
2035-01-01,7,0,258,0.0,0.0,0.0,0.0,0.0
2035-01-01,7,0,260,0.0,0.0,0.0,0.0,0.0
2035-01-01,7,0,265,0.0,0.0,0.0,0.0,0.0
2035-01-01,7,0,266,18.79,18.79,0.0,511.044641,0.0
2035-01-01,7,0,267,23.09,23.09,0.0,627.994718,0.0
2035-01-01,7,0,270,579.0,579.0,0.0,-579000.0,0.0
2035-01-01,7,0,272,270.16,270.16,0.0,-78030.180567,0.0
2035-01-01,7,0,273,0.0,0.0,0.0,-0.0,0.0
2035-01-01,7,0,274,746.4,746.4,0.0,-746400.0,0.0
2035-01-01,7,0,275,1039.0,1039.0,0.0,-1039000.0,0.0
2035-01-01,7,0,276,0.0,0.0,0.0,-0.0,0.0
2035-01-01,7,0,277,0.0,0.0,0.0,-0.0,0.0
2035-01-01,7,0,278,0.0,0.0,0.0,-0.0,0.0
2035-01-01,7,0,279,264.6,264.6,0.0,-80089.984052,0.0
2035-01-01,7,0,281,36.34,36.34,0.0,1522.12337,0.0
2035-01-01,7,0,282,0.0,0.0,0.0,0.0,0.0
2035-01-01,8,0,9,0.0,0.0,0.0,0.0,0.0
2035-01-01,8,0,17,0.0,0.0,0.0,0.0,0.0
2035-01-01,8,0,19,207.92,207.92,0.0,3726.515142,0.0
2035-01-01,8,0,20,258.78,258.78,0.0,4638.070357,0.0
2035-01-01,8,0,21,0.0,0.0,0.0,0.0,0.0
2035-01-01,8,0,22,0.0,0.0,0.0,0.0,0.0
2035-01-01,8,0,23,108.8,108.8,0.0,2783.637013,0.0
2035-01-01,8,0,24,192.5,192.5,0.0,4925.09306,0.0
2035-01-01,8,0,29,0.0,0.0,0.0,0.0,0.0
2035-01-01,8,0,30,0.0,0.0,0.0,0.0,0.0
2035-01-01,8,0,31,30.17,30.17,0.0,776.573766,0.0
2035-01-01,8,0,32,0.0,0.0,0.0,0.0,0.0
2035-01-01,8,0,33,0.0,0.0,0.0,0.0,0.0
2035-01-01,8,0,34,0.0,0.0,0.0,0.0,0.0
2035-01-01,8,0,35,0.0,0.0,0.0,0.0,0.0
2035-01-01,8,0,36,0.0,0.0,0.0,0.0,0.0
2035-01-01,8,0,37,0.0,0.0,0.0,0.0,0.0
2035-01-01,8,0,38,0.0,0.0,0.0,0.0,0.0
2035-01-01,8,0,39,0.0,0.0,0.0,0.0,0.0
2035-01-01,8,0,40,0.0,0.0,0.0,0.0,0.0
2035-01-01,8,0,41,13.5,13.5,0.0,242.752326,0.0
2035-01-01,8,0,42,0.0,0.0,0.0,0.0,0.0
2035-01-01,8,0,43,0.0,0.0,0.0,0.0,0.0
2035-01-01,8,0,46,0.0,0.0,0.0,0.0,0.0
2035-01-01,8,0,52,31.98,31.98,0.0,823.163044,0.0
2035-01-01,8,0,53,50.8,50.8,0.0,1307.588575,0.0
2035-01-01,8,0,55,186.9,186.9,0.0,4781.817625,0.0
2035-01-01,8,0,56,0.0,0.0,0.0,0.0,0.0
2035-01-01,8,0,57,0.0,0.0,0.0,0.0,0.0
2035-01-01,8,0,58,0.0,0.0,0.0,0.0,0.0
2035-01-01,8,0,59,0.0,0.0,0.0,0.0,0.0
2035-01-01,8,0,63,96.01,96.01,0.0,8835.506455,0.0
2035-01-01,8,0,64,112.86,112.86,0.0,10386.160385,0.0
2035-01-01,8,0,65,4.55,4.55,0.0,82.726924,0.0
2035-01-01,8,0,67,0.0,0.0,0.0,-0.0,0.0
2035-01-01,8,0,68,10.2,10.2,0.0,-4379.896449,0.0
2035-01-01,8,0,69,0.0,0.0,0.0,0.0,0.0
2035-01-01,8,0,74,2.28,2.28,0.0,35.44083,0.0
2035-01-01,8,0,77,147.17,147.17,0.0,-46133.076697,0.0
2035-01-01,8,0,78,111.12,111.12,0.0,-34832.557468,0.0
2035-01-01,8,0,79,64.1,64.1,0.0,-20093.29494,0.0
2035-01-01,8,0,80,103.96,103.96,0.0,-32588.12702,0.0
2035-01-01,8,0,81,136.09,136.09,0.0,-42659.851925,0.0
2035-01-01,8,0,82,95.84,95.84,0.0,-30042.767349,0.0
2035-01-01,8,0,83,214.4,214.4,0.0,-67207.526289,0.0
2035-01-01,8,0,84,0.0,0.0,0.0,-0.0,0.0
2035-01-01,8,0,86,0.0,0.0,0.0,0.0,0.0
2035-01-01,8,0,87,0.0,0.0,0.0,0.0,0.0
2035-01-01,8,0,88,123.33,123.33,0.0,-38660.001013,0.0
2035-01-01,8,0,89,119.02,119.02,0.0,-37308.954193,0.0
2035-01-01,8,0,90,155.3,155.3,0.0,-48681.571048,0.0
2035-01-01,8,0,91,486.84,486.84,0.0,-152608.731803,0.0
2035-01-01,8,0,92,194.81,194.81,0.0,-61066.689349,0.0
2035-01-01,8,0,95,36.0,36.0,0.0,807.470518,0.0
2035-01-01,8,0,96,29.26,29.26,0.0,757.891288,0.0
2035-01-01,8,0,97,179.95,179.95,0.0,4661.057325,0.0
2035-01-01,8,0,99,0.44,0.44,0.0,6.839458,0.0
2035-01-01,8,0,101,0.0,0.0,0.0,0.0,0.0
2035-01-01,8,0,102,24.15,24.15,0.0,-10370.048946,0.0
2035-01-01,8,0,103,21.0,21.0,0.0,-9017.433866,0.0
2035-01-01,8,0,104,3.9,3.9,0.0,-1674.666289,0.0
2035-01-01,8,0,106,0.0,0.0,0.0,0.0,0.0
2035-01-01,8,0,109,165.48,165.48,0.0,1912.246824,0.0
2035-01-01,8,0,110,338.6,338.6,0.0,-338600.0,0.0
2035-01-01,8,0,111,0.0,0.0,0.0,0.0,0.0
2035-01-01,8,0,113,141.55,141.55,0.0,-39855.217389,0.0
2035-01-01,8,0,115,141.55,141.55,0.0,-39855.217389,0.0
2035-01-01,8,0,116,0.0,0.0,0.0,-0.0,0.0
2035-01-01,8,0,117,7.33,7.33,0.0,-2063.855482,0.0
2035-01-01,8,0,119,112.86,112.86,0.0,10386.160385,0.0
2035-01-01,8,0,120,66.59,66.59,0.0,6128.073897,0.0
2035-01-01,8,0,123,0.0,0.0,0.0,0.0,0.0
2035-01-01,8,0,125,174.2,174.2,0.0,4456.889408,0.0
2035-01-01,8,0,126,0.0,0.0,0.0,0.0,0.0
2035-01-01,8,0,127,0.0,0.0,0.0,0.0,0.0
2035-01-01,8,0,128,249.5,249.5,0.0,6383.432304,0.0
2035-01-01,8,0,131,30.0,30.0,0.0,-11756.661928,0.0
2035-01-01,8,0,132,44.1,44.1,0.0,-17282.293033,0.0
2035-01-01,8,0,133,10.19,10.19,0.0,182.385087,0.0
2035-01-01,8,0,134,0.0,0.0,0.0,0.0,0.0
2035-01-01,8,0,135,13.65,13.65,0.0,244.313683,0.0
2035-01-01,8,0,136,5.74,5.74,0.0,104.444782,0.0
2035-01-01,8,0,139,17.44,17.44,0.0,313.600042,0.0
2035-01-01,8,0,140,250.6,250.6,0.0,-250600.0,0.0
2035-01-01,8,0,141,230.0,230.0,0.0,-131068.465452,0.0
2035-01-01,8,0,142,0.0,0.0,0.0,-0.0,0.0
2035-01-01,8,0,143,41.83,41.83,0.0,1076.70138,0.0
2035-01-01,8,0,145,22.89,22.89,0.0,471.005489,0.0
2035-01-01,8,0,146,268.0,268.0,0.0,-268000.0,0.0
2035-01-01,8,0,152,0.0,0.0,0.0,0.0,0.0
2035-01-01,8,0,153,0.0,0.0,0.0,0.0,0.0
2035-01-01,8,0,154,0.0,0.0,0.0,0.0,0.0
2035-01-01,8,0,157,192.06,192.06,0.0,-109447.867281,0.0
2035-01-01,8,0,158,0.0,0.0,0.0,-0.0,0.0
2035-01-01,8,0,159,0.0,0.0,0.0,0.0,0.0
2035-01-01,8,0,160,0.0,0.0,0.0,0.0,0.0
2035-01-01,8,0,161,0.0,0.0,0.0,-0.0,0.0
2035-01-01,8,0,162,48.75,48.75,0.0,1130.402771,0.0
2035-01-01,8,0,163,185.4,185.4,0.0,-185400.0,0.0
2035-01-01,8,0,164,0.0,0.0,0.0,0.0,0.0
2035-01-01,8,0,167,0.0,0.0,0.0,0.0,0.0
2035-01-01,8,0,168,0.0,0.0,0.0,0.0,0.0
2035-01-01,8,0,169,0.0,0.0,0.0,0.0,0.0
2035-01-01,8,0,170,0.0,0.0,0.0,0.0,0.0
2035-01-01,8,0,172,0.0,0.0,0.0,0.0,0.0
2035-01-01,8,0,173,0.0,0.0,0.0,0.0,0.0
2035-01-01,8,0,188,0.0,0.0,0.0,0.0,0.0
2035-01-01,8,0,190,0.0,0.0,0.0,0.0,0.0
2035-01-01,8,0,191,0.0,0.0,0.0,0.0,0.0
2035-01-01,8,0,192,332.6,332.6,0.0,30608.160056,0.0
2035-01-01,8,0,194,176.5,176.5,0.0,-25988.130822,0.0
2035-01-01,8,0,196,0.0,0.0,0.0,0.0,0.0
2035-01-01,8,0,198,0.0,0.0,0.0,0.0,0.0
2035-01-01,8,0,199,39.0,39.0,0.0,-1926.491123,0.0
2035-01-01,8,0,200,0.0,0.0,0.0,-0.0,0.0
2035-01-01,8,0,204,673.8,673.8,0.0,8369.644493,0.0
2035-01-01,8,0,205,875.39,875.39,0.0,10115.794945,0.0
2035-01-01,8,0,206,528.78,528.78,0.0,13696.437301,0.0
2035-01-01,8,0,210,0.0,0.0,0.0,0.0,0.0
2035-01-01,8,0,214,0.0,0.0,0.0,0.0,0.0
2035-01-01,8,0,217,0.0,0.0,0.0,0.0,0.0
2035-01-01,8,0,218,0.0,0.0,0.0,0.0,0.0
2035-01-01,8,0,219,0.0,0.0,0.0,0.0,0.0
2035-01-01,8,0,221,0.0,0.0,0.0,0.0,0.0
2035-01-01,8,0,225,0.0,0.0,0.0,0.0,0.0
2035-01-01,8,0,233,0.0,0.0,0.0,0.0,0.0
2035-01-01,8,0,236,0.0,0.0,0.0,0.0,0.0
2035-01-01,8,0,237,5.47,5.47,0.0,85.026904,0.0
2035-01-01,8,0,238,0.0,0.0,0.0,0.0,0.0
2035-01-01,8,0,240,0.0,0.0,0.0,0.0,0.0
2035-01-01,8,0,245,17.55,17.55,0.0,297.836559,0.0
2035-01-01,8,0,247,21.13,21.13,0.0,358.591823,0.0
2035-01-01,8,0,248,0.55,0.55,0.0,8.549323,0.0
2035-01-01,8,0,249,33.74,33.74,0.0,572.592906,0.0
2035-01-01,8,0,251,25.75,25.75,0.0,479.125831,0.0
2035-01-01,8,0,252,29.35,29.35,0.0,533.634111,0.0
2035-01-01,8,0,254,0.0,0.0,0.0,0.0,0.0
2035-01-01,8,0,255,0.0,0.0,0.0,0.0,0.0
2035-01-01,8,0,258,0.0,0.0,0.0,0.0,0.0
2035-01-01,8,0,260,0.0,0.0,0.0,0.0,0.0
2035-01-01,8,0,265,0.0,0.0,0.0,0.0,0.0
2035-01-01,8,0,266,11.29,11.29,0.0,203.012871,0.0
2035-01-01,8,0,267,13.88,13.88,0.0,249.585354,0.0
2035-01-01,8,0,270,579.0,579.0,0.0,-579000.0,0.0
2035-01-01,8,0,272,490.05,490.05,0.0,-137979.860694,0.0
2035-01-01,8,0,273,0.0,0.0,0.0,-0.0,0.0
2035-01-01,8,0,274,746.4,746.4,0.0,-746400.0,0.0
2035-01-01,8,0,275,1039.0,1039.0,0.0,-1039000.0,0.0
2035-01-01,8,0,276,0.0,0.0,0.0,-0.0,0.0
2035-01-01,8,0,277,0.0,0.0,0.0,-0.0,0.0
2035-01-01,8,0,278,0.0,0.0,0.0,-0.0,0.0
2035-01-01,8,0,279,264.6,264.6,0.0,-77886.094414,0.0
2035-01-01,8,0,281,13.54,13.54,0.0,348.518687,0.0
2035-01-01,8,0,282,0.0,0.0,0.0,0.0,0.0
2035-01-01,9,0,9,0.12,0.12,0.0,2.142673,0.0
2035-01-01,9,0,17,8.6,8.6,0.0,60.180279,0.0
2035-01-01,9,0,19,310.69,310.69,0.0,2174.117538,0.0
2035-01-01,9,0,20,385.8,385.8,0.0,2699.715299,0.0
2035-01-01,9,0,21,2.79,2.79,0.0,49.817147,0.0
2035-01-01,9,0,22,9.9,9.9,0.0,176.770522,0.0
2035-01-01,9,0,23,108.8,108.8,0.0,1942.690178,0.0
2035-01-01,9,0,24,192.5,192.5,0.0,3437.204589,0.0
2035-01-01,9,0,29,1.45,1.45,0.0,4.478419,0.0
2035-01-01,9,0,30,20.9,20.9,0.0,374.621282,0.0
2035-01-01,9,0,31,36.96,36.96,0.0,662.488163,0.0
2035-01-01,9,0,32,0.27,0.27,0.0,5.632132,0.0
2035-01-01,9,0,33,0.43,0.43,0.0,2.187213,0.0
2035-01-01,9,0,34,0.68,0.68,0.0,3.458848,0.0
2035-01-01,9,0,35,0.68,0.68,0.0,3.458848,0.0
2035-01-01,9,0,36,1.33,1.33,0.0,13.162428,0.0
2035-01-01,9,0,37,0.64,0.64,0.0,6.352615,0.0
2035-01-01,9,0,38,0.82,0.82,0.0,8.139289,0.0
2035-01-01,9,0,39,0.55,0.55,0.0,5.459279,0.0
2035-01-01,9,0,40,0.55,0.55,0.0,5.459279,0.0
2035-01-01,9,0,41,21.27,21.27,0.0,303.505221,0.0
2035-01-01,9,0,42,9.02,9.02,0.0,66.856064,0.0
2035-01-01,9,0,43,4.15,4.15,0.0,38.881906,0.0
2035-01-01,9,0,46,3.28,3.28,0.0,34.949811,0.0
2035-01-01,9,0,52,39.21,39.21,0.0,702.818205,0.0
2035-01-01,9,0,53,62.63,62.63,0.0,1122.609135,0.0
2035-01-01,9,0,55,186.9,186.9,0.0,3337.213183,0.0
2035-01-01,9,0,56,6.17,6.17,0.0,110.593938,0.0
2035-01-01,9,0,57,5.86,5.86,0.0,105.037355,0.0
2035-01-01,9,0,58,11.28,11.28,0.0,202.187946,0.0
2035-01-01,9,0,59,11.09,11.09,0.0,198.782298,0.0
2035-01-01,9,0,63,51.0,51.0,0.0,4826.329092,0.0
2035-01-01,9,0,64,60.0,60.0,0.0,5678.034226,0.0
2035-01-01,9,0,65,5.56,5.56,0.0,39.335127,0.0
2035-01-01,9,0,67,8.66,8.66,0.0,-4906.487955,0.0
2035-01-01,9,0,68,19.12,19.12,0.0,-8126.61494,0.0
2035-01-01,9,0,69,0.43,0.43,0.0,2.187213,0.0
2035-01-01,9,0,74,4.28,4.28,0.0,39.631055,0.0
2035-01-01,9,0,77,60.0,60.0,0.0,-18458.395104,0.0
2035-01-01,9,0,78,45.36,45.36,0.0,-13954.546699,0.0
2035-01-01,9,0,79,26.25,26.25,0.0,-8075.547858,0.0
2035-01-01,9,0,80,42.45,42.45,0.0,-13059.314536,0.0
2035-01-01,9,0,81,55.5,55.5,0.0,-17074.015472,0.0
2035-01-01,9,0,82,39.15,39.15,0.0,-12044.102806,0.0
2035-01-01,9,0,83,87.3,87.3,0.0,-26856.964877,0.0
2035-01-01,9,0,84,0.0,0.0,0.0,-0.0,0.0
2035-01-01,9,0,86,2.17,2.17,0.0,11.037795,0.0
2035-01-01,9,0,87,11.06,11.06,0.0,56.257151,0.0
2035-01-01,9,0,88,155.83,155.83,0.0,-47939.528485,0.0
2035-01-01,9,0,89,148.85,148.85,0.0,-45792.201855,0.0
2035-01-01,9,0,90,208.93,208.93,0.0,-64275.208153,0.0
2035-01-01,9,0,91,785.09,785.09,0.0,-241525.023542,0.0
2035-01-01,9,0,92,276.23,276.23,0.0,-84979.374662,0.0
2035-01-01,9,0,95,36.0,36.0,0.0,862.496051,0.0
2035-01-01,9,0,96,29.88,29.88,0.0,537.733135,0.0
2035-01-01,9,0,97,183.75,183.75,0.0,3306.842826,0.0
