Date,Hour,Minute,Generator,Dispatch,Dispatch DA,Headroom,Unit State,Unit Cost,Unit Market Revenue,Unit Uplift Payment
2035-01-01,0,0,1,0.0,0.0,0.0,False,0.0,0.0,0.0
2035-01-01,0,0,2,0.0,0.0,0.0,False,0.0,0.0,0.0
2035-01-01,0,0,3,0.0,0.0,0.0,False,0.0,0.0,0.0
2035-01-01,0,0,4,52.92,52.92,123.48,True,429.414049,-122.5082,0.0
2035-01-01,0,0,5,0.0,0.0,0.0,False,0.0,0.0,0.0
2035-01-01,0,0,6,0.0,0.0,0.0,False,0.0,0.0,0.0
2035-01-01,0,0,7,0.0,0.0,0.0,False,0.0,0.0,0.0
2035-01-01,0,0,8,0.0,0.0,0.0,False,0.0,0.0,0.0
2035-01-01,0,0,10,27.81,27.81,64.89,True,157.257206,-46.243744,0.0
2035-01-01,0,0,11,0.0,0.0,0.0,False,0.0,0.0,0.0
2035-01-01,0,0,12,78.0,78.0,182.0,True,243.359999,-129.701978,0.0
2035-01-01,0,0,13,0.0,0.0,0.0,False,0.0,0.0,0.0
2035-01-01,0,0,14,6.6,6.6,15.4,True,1.742399,-6.899811,0.0
2035-01-01,0,0,15,15.03,15.03,35.07,True,33.132132,-15.712752,0.0
2035-01-01,0,0,16,0.0,0.0,0.0,False,0.0,0.0,0.0
2035-01-01,0,0,18,432.0,432.0,0.0,True,5883.25143,6681.394239,0.0
2035-01-01,0,0,25,0.0,0.0,0.0,False,0.0,0.0,0.0
2035-01-01,0,0,26,0.0,0.0,0.0,False,0.0,0.0,0.0
2035-01-01,0,0,27,0.0,0.0,0.0,False,0.0,0.0,0.0
2035-01-01,0,0,28,7.71,7.71,17.99,True,6.53885,-17.848417,0.0
2035-01-01,0,0,44,108.0,108.0,0.0,True,212.552169,2835.311606,0.0
2035-01-01,0,0,45,54.9,54.9,0.0,True,27.368889,1762.495555,0.0
2035-01-01,0,0,47,60.0,60.0,0.0,True,74.152872,1926.22465,0.0
2035-01-01,0,0,48,44.0,44.0,0.0,True,27.95747,1412.564744,0.0
2035-01-01,0,0,49,639.0,639.0,0.0,True,3191.415702,5892.987419,0.0
2035-01-01,0,0,50,0.0,0.0,0.0,False,0.0,0.0,0.0
2035-01-01,0,0,51,242.0,242.0,0.0,True,1577.574231,1639.077408,0.0
2035-01-01,0,0,54,1152.8,1152.8,0.0,True,32292.001146,74764.313259,0.0
2035-01-01,0,0,60,201.6,201.6,0.0,True,581.078244,3158.596358,0.0
2035-01-01,0,0,61,201.0,201.0,0.0,True,965.414163,3149.195773,0.0
2035-01-01,0,0,62,283.2,283.2,0.0,True,1196.443307,4437.075836,0.0
2035-01-01,0,0,66,24.9,24.9,0.0,True,16.568484,395.804231,0.0
2035-01-01,0,0,70,57.33,57.33,133.77,True,449.186282,-122.930816,0.0
2035-01-01,0,0,71,0.0,0.0,0.0,False,0.0,0.0,0.0
2035-01-01,0,0,72,0.0,0.0,0.0,False,0.0,0.0,0.0
2035-01-01,0,0,73,16.8,16.8,39.2,True,62.0928,-36.023682,0.0
2035-01-01,0,0,75,0.0,0.0,0.0,False,0.0,0.0,0.0
2035-01-01,0,0,76,0.0,0.0,0.0,False,0.0,0.0,0.0
2035-01-01,0,0,85,168.0,168.0,0.0,True,814.553371,1137.871919,0.0
2035-01-01,0,0,93,0.0,0.0,0.0,False,0.0,0.0,0.0
2035-01-01,0,0,94,63.1,63.1,0.0,True,111.9376,427.379274,0.0
2035-01-01,0,0,98,150.0,150.0,0.0,True,463.01475,3863.193396,0.0
2035-01-01,0,0,100,618.7,618.7,0.0,True,4754.298376,14607.415196,0.0
2035-01-01,0,0,105,0.0,0.0,0.0,False,0.0,0.0,0.0
2035-01-01,0,0,107,0.0,0.0,0.0,False,0.0,0.0,0.0
2035-01-01,0,0,108,0.0,0.0,0.0,False,0.0,0.0,0.0
2035-01-01,0,0,112,250.0,250.0,0.0,True,1589.204168,2483.150776,0.0
2035-01-01,0,0,114,0.0,0.0,0.0,False,0.0,0.0,0.0
2035-01-01,0,0,118,225.0,225.0,0.0,True,1295.449874,17316.467684,0.0
2035-01-01,0,0,121,1097.4,1097.4,0.0,True,12420.993732,71515.071473,0.0
2035-01-01,0,0,122,0.0,0.0,0.0,False,0.0,0.0,0.0
2035-01-01,0,0,124,0.0,0.0,0.0,False,0.0,0.0,0.0
2035-01-01,0,0,129,0.0,0.0,0.0,False,0.0,0.0,0.0
2035-01-01,0,0,130,0.0,0.0,0.0,False,0.0,0.0,0.0
2035-01-01,0,0,137,200.0,200.0,0.0,True,651.776001,3167.090232,0.0
2035-01-01,0,0,138,201.6,201.6,0.0,True,687.122813,3192.426954,0.0
2035-01-01,0,0,144,15.63,15.63,36.47,True,61.074224,-25.990281,0.0
2035-01-01,0,0,147,0.0,0.0,0.0,False,0.0,0.0,0.0
2035-01-01,0,0,148,13.9,13.9,0.0,True,1.914971,358.513973,0.0
2035-01-01,0,0,149,10.0,10.0,0.0,True,1.682046,253.471382,0.0
2035-01-01,0,0,150,10.0,10.0,0.0,True,2.295608,253.471382,0.0
2035-01-01,0,0,151,40.7,40.7,0.0,True,12.251072,1031.628523,0.0
2035-01-01,0,0,155,30.0,30.0,0.0,True,21.633804,276.666076,0.0
2035-01-01,0,0,156,0.0,0.0,0.0,False,0.0,0.0,0.0
2035-01-01,0,0,165,0.0,0.0,0.0,False,0.0,0.0,0.0
2035-01-01,0,0,166,0.0,0.0,0.0,False,0.0,0.0,0.0
2035-01-01,0,0,171,0.0,0.0,0.0,False,0.0,0.0,0.0
2035-01-01,0,0,174,0.0,0.0,0.0,False,0.0,0.0,0.0
2035-01-01,0,0,175,759.202249,759.202249,92.997751,True,55694.005838,7540.854612,0.0
2035-01-01,0,0,176,555.24,555.24,1295.56,True,75017.588015,5514.978547,0.0
2035-01-01,0,0,177,0.0,0.0,0.0,False,0.0,0.0,0.0
2035-01-01,0,0,178,0.0,0.0,0.0,False,0.0,0.0,0.0
2035-01-01,0,0,179,0.0,0.0,0.0,False,0.0,0.0,0.0
2035-01-01,0,0,180,0.0,0.0,0.0,False,0.0,0.0,0.0
2035-01-01,0,0,181,0.0,0.0,0.0,False,0.0,0.0,0.0
2035-01-01,0,0,182,0.0,0.0,0.0,False,0.0,0.0,0.0
2035-01-01,0,0,183,0.0,0.0,0.0,False,0.0,0.0,0.0
2035-01-01,0,0,184,0.0,0.0,0.0,False,0.0,0.0,0.0
2035-01-01,0,0,185,0.0,0.0,0.0,False,0.0,0.0,0.0
2035-01-01,0,0,186,1036.0,1036.0,0.0,True,17622.789048,16778.307261,0.0
2035-01-01,0,0,187,0.0,0.0,0.0,False,0.0,0.0,0.0
2035-01-01,0,0,189,0.0,0.0,0.0,False,0.0,0.0,0.0
2035-01-01,0,0,193,1734.0,1734.0,0.0,True,80380.674544,133452.244282,0.0
2035-01-01,0,0,195,0.0,0.0,0.0,False,0.0,0.0,0.0
2035-01-01,0,0,197,427.7,427.7,0.0,True,5294.998653,94778.820201,0.0
2035-01-01,0,0,201,0.0,0.0,0.0,False,0.0,0.0,0.0
2035-01-01,0,0,202,0.0,0.0,0.0,False,0.0,0.0,0.0
2035-01-01,0,0,203,0.0,0.0,0.0,False,0.0,0.0,0.0
2035-01-01,0,0,207,0.0,0.0,0.0,False,0.0,0.0,0.0
2035-01-01,0,0,208,46.17,46.17,107.73,True,305.539208,-99.000799,0.0
2035-01-01,0,0,209,0.0,0.0,0.0,False,0.0,0.0,0.0
2035-01-01,0,0,211,0.0,0.0,0.0,False,0.0,0.0,0.0
2035-01-01,0,0,212,69.0,69.0,161.0,True,444.36,-312.086007,0.0
2035-01-01,0,0,213,10.5,10.5,24.5,True,2.572499,17.137287,0.0
2035-01-01,0,0,215,0.0,0.0,0.0,False,0.0,0.0,0.0
2035-01-01,0,0,216,14.4,14.4,33.6,True,39.398399,-13.651824,0.0
2035-01-01,0,0,220,0.0,0.0,0.0,False,0.0,0.0,0.0
2035-01-01,0,0,222,0.0,0.0,0.0,False,0.0,0.0,0.0
2035-01-01,0,0,223,135.96,135.96,317.24,True,1047.490224,-314.743289,0.0
2035-01-01,0,0,224,0.0,0.0,0.0,False,0.0,0.0,0.0
2035-01-01,0,0,226,30.81,30.81,71.89,True,237.314026,-66.06486,0.0
2035-01-01,0,0,227,0.0,0.0,0.0,False,0.0,0.0,0.0
2035-01-01,0,0,228,3.06,3.06,7.14,True,0.967573,-15.597348,0.0
2035-01-01,0,0,229,0.0,0.0,0.0,False,0.0,0.0,0.0
2035-01-01,0,0,230,0.0,0.0,0.0,False,0.0,0.0,0.0
2035-01-01,0,0,231,101.9,101.9,0.0,True,198.503759,690.173503,0.0
2035-01-01,0,0,232,0.0,0.0,0.0,False,0.0,0.0,0.0
2035-01-01,0,0,234,581.627684,581.627684,61.972316,True,5347.28994,3939.39172,0.0
2035-01-01,0,0,235,0.0,0.0,0.0,False,0.0,0.0,0.0
2035-01-01,0,0,239,15.0,15.0,0.0,True,1.570803,431.785155,0.0
2035-01-01,0,0,241,0.0,0.0,0.0,False,0.0,0.0,0.0
2035-01-01,0,0,242,0.0,0.0,0.0,False,0.0,0.0,0.0
2035-01-01,0,0,243,376.9,376.9,0.0,True,3772.128609,11426.366106,0.0
2035-01-01,0,0,244,215.2,215.2,0.0,True,1398.632914,6194.67769,0.0
2035-01-01,0,0,246,0.0,0.0,0.0,False,0.0,0.0,0.0
2035-01-01,0,0,250,0.0,0.0,0.0,False,0.0,0.0,0.0
2035-01-01,0,0,253,1088.2,1088.2,0.0,True,17656.652139,17211.226327,0.0
2035-01-01,0,0,256,932.0,932.0,0.0,True,13754.566069,22644.678483,0.0
2035-01-01,0,0,257,229.6,229.6,0.0,True,818.43493,2117.417702,0.0
2035-01-01,0,0,259,892.0,892.0,0.0,True,9825.504091,25211.918016,0.0
2035-01-01,0,0,261,0.0,0.0,0.0,False,0.0,0.0,0.0
2035-01-01,0,0,262,517.0,517.0,0.0,True,4038.347617,13572.74167,0.0
2035-01-01,0,0,263,263.6,263.6,0.0,True,556.551497,6920.26055,0.0
2035-01-01,0,0,264,44.2,44.2,0.0,True,24.73031,1160.377528,0.0
2035-01-01,0,0,268,0.0,0.0,0.0,False,0.0,0.0,0.0
2035-01-01,0,0,269,0.0,0.0,0.0,False,0.0,0.0,0.0
2035-01-01,0,0,271,0.0,0.0,0.0,False,0.0,0.0,0.0
2035-01-01,0,0,280,559.0,559.0,0.0,True,3053.508502,36428.763398,0.0
2035-01-01,1,0,1,0.0,0.0,0.0,False,0.0,0.0,0.0
2035-01-01,1,0,2,0.0,0.0,0.0,False,0.0,0.0,0.0
2035-01-01,1,0,3,0.0,0.0,0.0,False,0.0,0.0,0.0
2035-01-01,1,0,4,176.4,52.92,0.0,True,683.355767,1364.728373,0.0
2035-01-01,1,0,5,0.0,0.0,0.0,False,0.0,0.0,0.0
2035-01-01,1,0,6,0.0,0.0,0.0,False,0.0,0.0,0.0
2035-01-01,1,0,7,0.0,0.0,0.0,False,0.0,0.0,0.0
2035-01-01,1,0,8,0.0,0.0,0.0,False,0.0,0.0,0.0
2035-01-01,1,0,10,92.7,92.7,0.0,True,191.790772,549.765966,0.0
2035-01-01,1,0,11,0.0,0.0,0.0,False,0.0,0.0,0.0
2035-01-01,1,0,12,260.0,102.471043,0.0,True,639.125553,2025.37267,0.0
2035-01-01,1,0,13,0.0,0.0,0.0,False,0.0,0.0,0.0
2035-01-01,1,0,14,22.0,22.0,0.0,True,3.655396,142.814615,0.0
2035-01-01,1,0,15,50.1,50.1,0.0,True,51.326952,325.227827,0.0
2035-01-01,1,0,16,0.0,0.0,0.0,False,0.0,0.0,0.0
2035-01-01,1,0,18,432.0,432.0,0.0,True,5883.25143,9285.335776,0.0
2035-01-01,1,0,25,0.0,0.0,0.0,False,0.0,0.0,0.0
2035-01-01,1,0,26,0.0,0.0,0.0,False,0.0,0.0,0.0
2035-01-01,1,0,27,0.0,0.0,0.0,False,0.0,0.0,0.0
2035-01-01,1,0,28,25.7,7.71,0.0,True,12.298273,198.829474,0.0
2035-01-01,1,0,44,108.0,108.0,0.0,True,212.552169,3379.805599,0.0
2035-01-01,1,0,45,54.9,54.9,0.0,True,27.368889,2009.917414,0.0
2035-01-01,1,0,47,60.0,60.0,0.0,True,74.152872,2196.631053,0.0
2035-01-01,1,0,48,44.0,44.0,0.0,True,27.95747,1610.862772,0.0
2035-01-01,1,0,49,358.999076,639.0,280.000924,True,1677.380752,8648.374581,0.0
2035-01-01,1,0,50,0.0,0.0,0.0,False,0.0,0.0,0.0
2035-01-01,1,0,51,242.0,242.0,0.0,True,1577.574231,3290.073641,0.0
2035-01-01,1,0,54,834.25254,345.84,318.54746,True,26472.848022,31397.300607,0.0
2035-01-01,1,0,60,201.6,201.6,0.0,True,581.078244,4370.056623,0.0
2035-01-01,1,0,61,201.0,201.0,0.0,True,965.414163,4357.050502,0.0
2035-01-01,1,0,62,283.2,283.2,0.0,True,1196.443307,6138.889066,0.0
2035-01-01,1,0,66,24.9,24.9,0.0,True,16.568484,544.914779,0.0
2035-01-01,1,0,70,191.1,57.33,0.0,True,773.477423,1495.572145,0.0
2035-01-01,1,0,71,0.0,0.0,0.0,False,0.0,0.0,0.0
2035-01-01,1,0,72,0.0,0.0,0.0,False,0.0,0.0,0.0
2035-01-01,1,0,73,56.0,16.8,0.0,True,81.532526,438.2629,0.0
2035-01-01,1,0,75,0.0,0.0,0.0,False,0.0,0.0,0.0
2035-01-01,1,0,76,0.0,0.0,0.0,False,0.0,0.0,0.0
2035-01-01,1,0,85,168.0,168.0,0.0,True,814.553371,2284.018065,0.0
2035-01-01,1,0,93,0.0,0.0,0.0,False,0.0,0.0,0.0
2035-01-01,1,0,94,63.1,63.1,0.0,True,111.9376,857.866309,0.0
2035-01-01,1,0,98,150.0,150.0,0.0,True,463.01475,4626.267116,0.0
2035-01-01,1,0,100,185.61,618.7,433.09,True,803.85835,14605.240267,0.0
2035-01-01,1,0,105,0.0,0.0,0.0,False,0.0,0.0,0.0
2035-01-01,1,0,107,0.0,0.0,0.0,False,0.0,0.0,0.0
2035-01-01,1,0,108,0.0,0.0,0.0,False,0.0,0.0,0.0
2035-01-01,1,0,112,250.0,250.0,0.0,True,1589.204168,6111.44495,0.0
2035-01-01,1,0,114,0.0,0.0,0.0,False,0.0,0.0,0.0
2035-01-01,1,0,118,225.0,225.0,0.0,True,1295.449874,20846.19045,0.0
2035-01-01,1,0,121,1017.449389,1097.4,79.950611,True,11345.183703,72068.169457,0.0
2035-01-01,1,0,122,0.0,0.0,0.0,False,0.0,0.0,0.0
2035-01-01,1,0,124,13.2,13.2,0.0,True,6.774801,-62.519441,0.0
2035-01-01,1,0,129,0.0,0.0,0.0,False,0.0,0.0,0.0
2035-01-01,1,0,130,0.0,0.0,0.0,False,0.0,0.0,0.0
2035-01-01,1,0,137,200.0,200.0,0.0,True,651.776001,4365.867761,0.0
2035-01-01,1,0,138,201.6,201.6,0.0,True,687.122813,4400.794703,0.0
2035-01-01,1,0,144,52.1,52.1,0.0,True,84.457511,308.983893,0.0
2035-01-01,1,0,147,0.0,0.0,0.0,False,0.0,0.0,0.0
2035-01-01,1,0,148,13.9,13.9,0.0,True,1.914971,429.177506,0.0
2035-01-01,1,0,149,10.0,10.0,0.0,True,1.682046,304.715452,0.0
2035-01-01,1,0,150,10.0,10.0,0.0,True,2.295608,304.715452,0.0
2035-01-01,1,0,151,40.7,40.7,0.0,True,12.251072,1240.191889,0.0
2035-01-01,1,0,155,30.0,30.0,0.0,True,21.633804,474.618578,0.0
2035-01-01,1,0,156,0.0,0.0,0.0,False,0.0,0.0,0.0
2035-01-01,1,0,165,0.0,0.0,0.0,False,0.0,0.0,0.0
2035-01-01,1,0,166,0.0,0.0,0.0,False,0.0,0.0,0.0
2035-01-01,1,0,171,0.0,0.0,0.0,False,0.0,0.0,0.0
2035-01-01,1,0,174,0.0,0.0,0.0,False,0.0,0.0,0.0
2035-01-01,1,0,175,852.2,852.2,0.0,True,56617.715591,20832.693546,0.0
2035-01-01,1,0,176,700.603329,645.257449,1150.196671,True,77844.291305,22877.778066,0.0
2035-01-01,1,0,177,0.0,0.0,0.0,False,0.0,0.0,0.0
2035-01-01,1,0,178,0.0,0.0,0.0,False,0.0,0.0,0.0
2035-01-01,1,0,179,0.0,0.0,0.0,False,0.0,0.0,0.0
2035-01-01,1,0,180,0.0,0.0,0.0,False,0.0,0.0,0.0
2035-01-01,1,0,181,0.0,0.0,0.0,False,0.0,0.0,0.0
2035-01-01,1,0,182,0.0,0.0,0.0,False,0.0,0.0,0.0
2035-01-01,1,0,183,0.0,0.0,0.0,False,0.0,0.0,0.0
2035-01-01,1,0,184,0.0,0.0,0.0,False,0.0,0.0,0.0
2035-01-01,1,0,185,0.0,0.0,0.0,False,0.0,0.0,0.0
2035-01-01,1,0,186,1036.0,1036.0,0.0,True,17622.789048,32038.425604,0.0
2035-01-01,1,0,187,0.0,0.0,0.0,False,0.0,0.0,0.0
2035-01-01,1,0,189,0.0,0.0,0.0,False,0.0,0.0,0.0
2035-01-01,1,0,193,1734.0,1734.0,0.0,True,80380.674544,160654.641069,0.0
2035-01-01,1,0,195,0.0,0.0,0.0,False,0.0,0.0,0.0
2035-01-01,1,0,197,427.7,427.7,0.0,True,5294.998653,102474.756986,0.0
2035-01-01,1,0,201,0.0,0.0,0.0,False,0.0,0.0,0.0
2035-01-01,1,0,202,0.0,0.0,0.0,False,0.0,0.0,0.0
2035-01-01,1,0,203,0.0,0.0,0.0,False,0.0,0.0,0.0
2035-01-01,1,0,207,0.0,0.0,0.0,False,0.0,0.0,0.0
2035-01-01,1,0,208,153.9,46.17,0.0,True,426.47332,1204.440362,0.0
2035-01-01,1,0,209,0.0,0.0,0.0,False,0.0,0.0,0.0
2035-01-01,1,0,211,0.0,0.0,0.0,False,0.0,0.0,0.0
2035-01-01,1,0,212,230.0,69.0,0.0,True,716.720586,1502.185769,0.0
2035-01-01,1,0,213,35.0,35.0,0.0,True,12.593473,312.352681,0.0
2035-01-01,1,0,215,0.0,0.0,0.0,False,0.0,0.0,0.0
2035-01-01,1,0,216,48.0,48.0,0.0,True,51.944608,315.842595,0.0
2035-01-01,1,0,220,0.0,0.0,0.0,False,0.0,0.0,0.0
2035-01-01,1,0,222,0.0,0.0,0.0,False,0.0,0.0,0.0
2035-01-01,1,0,223,135.96,135.96,317.24,True,1047.490224,2311.965477,0.0
2035-01-01,1,0,224,0.0,0.0,0.0,False,0.0,0.0,0.0
2035-01-01,1,0,226,102.7,30.81,0.0,True,333.387037,803.742853,0.0
2035-01-01,1,0,227,0.0,0.0,0.0,False,0.0,0.0,0.0
2035-01-01,1,0,228,10.2,3.06,0.0,True,1.864236,61.300685,0.0
2035-01-01,1,0,229,275.49,275.49,0.0,True,1774.167269,774.18319,0.0
2035-01-01,1,0,230,0.0,0.0,0.0,False,0.0,0.0,0.0
2035-01-01,1,0,231,101.9,101.9,0.0,True,198.503759,1385.365719,0.0
2035-01-01,1,0,232,0.0,0.0,0.0,False,0.0,0.0,0.0
2035-01-01,1,0,234,643.6,643.6,0.0,True,5730.593112,8749.964444,0.0
2035-01-01,1,0,235,0.0,0.0,0.0,False,0.0,0.0,0.0
2035-01-01,1,0,239,15.0,15.0,0.0,True,1.570803,503.936414,0.0
2035-01-01,1,0,241,0.0,0.0,0.0,False,0.0,0.0,0.0
2035-01-01,1,0,242,0.0,0.0,0.0,False,0.0,0.0,0.0
2035-01-01,1,0,243,376.9,376.9,0.0,True,3772.128609,13186.538059,0.0
2035-01-01,1,0,244,215.2,215.2,0.0,True,1398.632914,7229.807753,0.0
2035-01-01,1,0,246,0.0,0.0,0.0,False,0.0,0.0,0.0
2035-01-01,1,0,250,0.0,0.0,0.0,False,0.0,0.0,0.0
2035-01-01,1,0,253,326.46,1088.2,761.74,True,6394.567897,14864.1301,0.0
2035-01-01,1,0,256,497.0667,279.6,434.9333,True,9979.499137,9919.685704,0.0
2035-01-01,1,0,257,229.6,229.6,0.0,True,818.43493,3632.414184,0.0
2035-01-01,1,0,259,861.359791,892.0,30.640209,True,9579.808251,29299.31494,0.0
2035-01-01,1,0,261,0.0,0.0,0.0,False,0.0,0.0,0.0
2035-01-01,1,0,262,517.0,517.0,0.0,True,4038.347617,16179.254578,0.0
2035-01-01,1,0,263,263.6,263.6,0.0,True,556.551497,8249.22922,0.0
2035-01-01,1,0,264,44.2,44.2,0.0,True,24.73031,1383.216736,0.0
2035-01-01,1,0,268,0.0,0.0,0.0,False,0.0,0.0,0.0
2035-01-01,1,0,269,0.0,0.0,0.0,False,0.0,0.0,0.0
2035-01-01,1,0,271,0.0,0.0,0.0,False,0.0,0.0,0.0
2035-01-01,1,0,280,559.0,559.0,0.0,True,3053.508502,37258.506044,0.0
2035-01-01,2,0,1,0.0,0.0,0.0,False,0.0,0.0,0.0
2035-01-01,2,0,2,0.0,0.0,0.0,False,0.0,0.0,0.0
2035-01-01,2,0,3,0.0,0.0,0.0,False,0.0,0.0,0.0
2035-01-01,2,0,4,131.145238,131.145238,45.254762,True,589.171784,293.926972,0.0
2035-01-01,2,0,5,0.0,0.0,0.0,False,0.0,0.0,0.0
2035-01-01,2,0,6,0.0,0.0,0.0,False,0.0,0.0,0.0
2035-01-01,2,0,7,0.0,0.0,0.0,False,0.0,0.0,0.0
2035-01-01,2,0,8,0.0,0.0,0.0,False,0.0,0.0,0.0
2035-01-01,2,0,10,92.7,92.7,0.0,True,191.790772,272.573083,0.0
2035-01-01,2,0,11,0.0,0.0,0.0,False,0.0,0.0,0.0
2035-01-01,2,0,12,260.0,260.0,0.0,True,639.125553,764.4984,0.0
2035-01-01,2,0,13,0.0,0.0,0.0,False,0.0,0.0,0.0
2035-01-01,2,0,14,22.0,22.0,0.0,True,3.655396,79.250997,0.0
2035-01-01,2,0,15,50.1,50.1,0.0,True,51.326952,180.476135,0.0
2035-01-01,2,0,16,0.0,0.0,0.0,False,0.0,0.0,0.0
2035-01-01,2,0,18,432.0,432.0,0.0,True,5883.25143,9203.553065,0.0
2035-01-01,2,0,25,0.0,0.0,0.0,False,0.0,0.0,0.0
2035-01-01,2,0,26,0.0,0.0,0.0,False,0.0,0.0,0.0
2035-01-01,2,0,27,0.0,0.0,0.0,False,0.0,0.0,0.0
2035-01-01,2,0,28,25.7,25.7,0.0,True,12.298273,57.599676,0.0
2035-01-01,2,0,44,108.0,108.0,0.0,True,212.552169,3549.852138,0.0
2035-01-01,2,0,45,54.9,54.9,0.0,True,27.368889,2148.881649,0.0
2035-01-01,2,0,47,60.0,60.0,0.0,True,74.152872,2348.504535,0.0
2035-01-01,2,0,48,44.0,44.0,0.0,True,27.95747,1722.236659,0.0
2035-01-01,2,0,49,639.0,639.0,0.0,True,3191.415702,9335.984359,0.0
2035-01-01,2,0,50,0.0,0.0,0.0,False,0.0,0.0,0.0
2035-01-01,2,0,51,242.0,242.0,0.0,True,1577.574231,2900.261092,0.0
2035-01-01,2,0,54,0.0,0.0,0.0,False,0.0,0.0,0.0
2035-01-01,2,0,60,201.6,201.6,0.0,True,581.078244,4338.532206,0.0
2035-01-01,2,0,61,201.0,201.0,0.0,True,965.414163,4325.619908,0.0
2035-01-01,2,0,62,283.2,283.2,0.0,True,1196.443307,6094.604765,0.0
2035-01-01,2,0,66,24.9,24.9,0.0,True,16.568484,541.949916,0.0
2035-01-01,2,0,70,191.1,191.1,0.0,True,773.477423,463.273062,0.0
2035-01-01,2,0,71,0.0,0.0,0.0,False,0.0,0.0,0.0
2035-01-01,2,0,72,0.0,0.0,0.0,False,0.0,0.0,0.0
2035-01-01,2,0,73,56.0,56.0,0.0,True,81.532526,135.757674,0.0
2035-01-01,2,0,75,0.0,0.0,0.0,False,0.0,0.0,0.0
2035-01-01,2,0,76,0.0,0.0,0.0,False,0.0,0.0,0.0
2035-01-01,2,0,85,168.0,168.0,0.0,True,814.553371,2013.404394,0.0
2035-01-01,2,0,93,0.0,0.0,0.0,False,0.0,0.0,0.0
2035-01-01,2,0,94,63.1,63.1,0.0,True,111.9376,756.225103,0.0
2035-01-01,2,0,98,150.0,150.0,0.0,True,463.01475,4850.221643,0.0
2035-01-01,2,0,100,618.7,618.7,0.0,True,4754.298376,18582.895219,0.0
2035-01-01,2,0,105,0.0,0.0,0.0,False,0.0,0.0,0.0
2035-01-01,2,0,107,0.0,0.0,0.0,False,0.0,0.0,0.0
2035-01-01,2,0,108,0.0,0.0,0.0,False,0.0,0.0,0.0
2035-01-01,2,0,112,250.0,250.0,0.0,True,1589.204168,2483.150776,0.0
2035-01-01,2,0,114,0.0,0.0,0.0,False,0.0,0.0,0.0
2035-01-01,2,0,118,225.0,225.0,0.0,True,1295.449874,17284.070226,0.0
2035-01-01,2,0,121,1097.4,1097.4,0.0,True,12420.993732,81854.895138,0.0
2035-01-01,2,0,122,0.0,0.0,0.0,False,0.0,0.0,0.0
2035-01-01,2,0,124,13.2,13.2,30.8,True,3.484801,-127.330513,0.0
2035-01-01,2,0,129,0.0,0.0,0.0,False,0.0,0.0,0.0
2035-01-01,2,0,130,0.0,0.0,0.0,False,0.0,0.0,0.0
2035-01-01,2,0,137,200.0,200.0,0.0,True,651.776001,4340.081539,0.0
2035-01-01,2,0,138,201.6,201.6,0.0,True,687.122813,4374.802192,0.0
2035-01-01,2,0,144,52.1,52.1,0.0,True,84.457511,153.193718,0.0
2035-01-01,2,0,147,0.0,0.0,0.0,False,0.0,0.0,0.0
2035-01-01,2,0,148,13.9,13.9,0.0,True,1.914971,450.016426,0.0
2035-01-01,2,0,149,10.0,10.0,0.0,True,1.682046,318.979444,0.0
2035-01-01,2,0,150,10.0,10.0,0.0,True,2.295608,318.979444,0.0
2035-01-01,2,0,151,40.7,40.7,0.0,True,12.251072,1298.246337,0.0
2035-01-01,2,0,155,30.0,30.0,0.0,True,21.633804,438.309125,0.0
2035-01-01,2,0,156,0.0,0.0,0.0,False,0.0,0.0,0.0
2035-01-01,2,0,165,0.0,0.0,0.0,False,0.0,0.0,0.0
2035-01-01,2,0,166,0.0,0.0,0.0,False,0.0,0.0,0.0
2035-01-01,2,0,171,0.0,0.0,0.0,False,0.0,0.0,0.0
2035-01-01,2,0,174,0.0,0.0,0.0,False,0.0,0.0,0.0
2035-01-01,2,0,175,658.037786,658.037786,194.162214,True,54689.17938,6536.028154,0.0
2035-01-01,2,0,176,555.24,555.24,1295.56,True,75017.588015,5514.978547,0.0
2035-01-01,2,0,177,0.0,0.0,0.0,False,0.0,0.0,0.0
2035-01-01,2,0,178,0.0,0.0,0.0,False,0.0,0.0,0.0
2035-01-01,2,0,179,0.0,0.0,0.0,False,0.0,0.0,0.0
2035-01-01,2,0,180,0.0,0.0,0.0,False,0.0,0.0,0.0
2035-01-01,2,0,181,0.0,0.0,0.0,False,0.0,0.0,0.0
2035-01-01,2,0,182,0.0,0.0,0.0,False,0.0,0.0,0.0
2035-01-01,2,0,183,0.0,0.0,0.0,False,0.0,0.0,0.0
2035-01-01,2,0,184,0.0,0.0,0.0,False,0.0,0.0,0.0
2035-01-01,2,0,185,0.0,0.0,0.0,False,0.0,0.0,0.0
2035-01-01,2,0,186,1036.0,1036.0,0.0,True,17622.789048,16688.85493,0.0
2035-01-01,2,0,187,0.0,0.0,0.0,False,0.0,0.0,0.0
2035-01-01,2,0,189,0.0,0.0,0.0,False,0.0,0.0,0.0
2035-01-01,2,0,193,1734.0,1734.0,0.0,True,80380.674544,133202.567875,0.0
2035-01-01,2,0,195,0.0,0.0,0.0,False,0.0,0.0,0.0
2035-01-01,2,0,197,427.7,427.7,0.0,True,5294.998653,94650.885007,0.0
2035-01-01,2,0,201,0.0,0.0,0.0,False,0.0,0.0,0.0
2035-01-01,2,0,202,0.0,0.0,0.0,False,0.0,0.0,0.0
2035-01-01,2,0,203,0.0,0.0,0.0,False,0.0,0.0,0.0
2035-01-01,2,0,207,0.0,0.0,0.0,False,0.0,0.0,0.0
2035-01-01,2,0,208,153.9,153.9,0.0,True,426.47332,373.091179,0.0
2035-01-01,2,0,209,0.0,0.0,0.0,False,0.0,0.0,0.0
2035-01-01,2,0,211,0.0,0.0,0.0,False,0.0,0.0,0.0
2035-01-01,2,0,212,69.0,69.0,161.0,True,444.36,-8.693622,0.0
2035-01-01,2,0,213,35.0,35.0,0.0,True,12.593473,226.552686,0.0
2035-01-01,2,0,215,0.0,0.0,0.0,False,0.0,0.0,0.0
2035-01-01,2,0,216,48.0,48.0,0.0,True,51.944608,177.922681,0.0
2035-01-01,2,0,220,0.0,0.0,0.0,False,0.0,0.0,0.0
2035-01-01,2,0,222,0.0,0.0,0.0,False,0.0,0.0,0.0
2035-01-01,2,0,223,135.96,135.96,317.24,True,1047.490224,304.717973,0.0
2035-01-01,2,0,224,0.0,0.0,0.0,False,0.0,0.0,0.0
2035-01-01,2,0,226,102.7,102.7,0.0,True,333.387037,248.969877,0.0
2035-01-01,2,0,227,0.0,0.0,0.0,False,0.0,0.0,0.0
2035-01-01,2,0,228,3.06,3.06,7.14,True,0.967573,-2.269246,0.0
2035-01-01,2,0,229,275.49,275.49,642.81,True,1770.877269,-204.298913,0.0
2035-01-01,2,0,230,0.0,0.0,0.0,False,0.0,0.0,0.0
2035-01-01,2,0,231,101.9,101.9,0.0,True,198.503759,1221.225642,0.0
2035-01-01,2,0,232,0.0,0.0,0.0,False,0.0,0.0,0.0
2035-01-01,2,0,234,643.6,643.6,0.0,True,5730.593112,7713.256359,0.0
2035-01-01,2,0,235,0.0,0.0,0.0,False,0.0,0.0,0.0
2035-01-01,2,0,239,15.0,15.0,0.0,True,1.570803,533.766338,0.0
2035-01-01,2,0,241,0.0,0.0,0.0,False,0.0,0.0,0.0
2035-01-01,2,0,242,0.0,0.0,0.0,False,0.0,0.0,0.0
2035-01-01,2,0,243,376.9,376.9,0.0,True,3772.128609,14030.421659,0.0
2035-01-01,2,0,244,215.2,215.2,0.0,True,1398.632914,7657.767726,0.0
2035-01-01,2,0,246,0.0,0.0,0.0,False,0.0,0.0,0.0
2035-01-01,2,0,250,0.0,0.0,0.0,False,0.0,0.0,0.0
2035-01-01,2,0,253,1088.2,1088.2,0.0,True,17656.652139,23591.964173,0.0
2035-01-01,2,0,256,0.0,0.0,0.0,False,0.0,0.0,0.0
2035-01-01,2,0,257,229.6,229.6,0.0,True,818.43493,3354.525835,0.0
2035-01-01,2,0,259,892.0,892.0,0.0,True,9825.504091,31242.876517,0.0
2035-01-01,2,0,261,0.0,0.0,0.0,False,0.0,0.0,0.0
2035-01-01,2,0,262,517.0,517.0,0.0,True,4038.347617,16993.273662,0.0
2035-01-01,2,0,263,263.6,263.6,0.0,True,556.551497,8664.268737,0.0
2035-01-01,2,0,264,44.2,44.2,0.0,True,24.73031,1452.809857,0.0
2035-01-01,2,0,268,0.0,0.0,0.0,False,0.0,0.0,0.0
2035-01-01,2,0,269,0.0,0.0,0.0,False,0.0,0.0,0.0
2035-01-01,2,0,271,0.0,0.0,0.0,False,0.0,0.0,0.0
2035-01-01,2,0,280,559.0,559.0,0.0,True,3053.508502,41695.722966,0.0
2035-01-01,3,0,1,0.0,0.0,0.0,False,0.0,0.0,0.0
2035-01-01,3,0,2,0.0,0.0,0.0,False,0.0,0.0,0.0
2035-01-01,3,0,3,0.0,0.0,0.0,False,0.0,0.0,0.0
2035-01-01,3,0,4,52.92,52.92,123.48,True,429.414049,18.39202,0.0
2035-01-01,3,0,5,0.0,0.0,0.0,False,0.0,0.0,0.0
2035-01-01,3,0,6,0.0,0.0,0.0,False,0.0,0.0,0.0
2035-01-01,3,0,7,0.0,0.0,0.0,False,0.0,0.0,0.0
2035-01-01,3,0,8,0.0,0.0,0.0,False,0.0,0.0,0.0
2035-01-01,3,0,10,92.7,92.7,0.0,True,191.790772,83.792019,0.0
2035-01-01,3,0,11,0.0,0.0,0.0,False,0.0,0.0,0.0
2035-01-01,3,0,12,78.0,78.0,182.0,True,243.359999,70.504611,0.0
2035-01-01,3,0,13,0.0,0.0,0.0,False,0.0,0.0,0.0
2035-01-01,3,0,14,22.0,22.0,0.0,True,3.655396,31.474496,0.0
2035-01-01,3,0,15,50.1,50.1,0.0,True,51.326952,71.676011,0.0
2035-01-01,3,0,16,0.0,0.0,0.0,False,0.0,0.0,0.0
2035-01-01,3,0,18,432.0,432.0,0.0,True,5883.25143,6703.600308,0.0
2035-01-01,3,0,25,0.0,0.0,0.0,False,0.0,0.0,0.0
2035-01-01,3,0,26,0.0,0.0,0.0,False,0.0,0.0,0.0
2035-01-01,3,0,27,0.0,0.0,0.0,False,0.0,0.0,0.0
2035-01-01,3,0,28,25.7,25.7,0.0,True,12.298273,8.931877,0.0
2035-01-01,3,0,44,108.0,108.0,0.0,True,212.552169,2669.791753,0.0
2035-01-01,3,0,45,54.9,54.9,0.0,True,27.368889,1631.187243,0.0
2035-01-01,3,0,47,60.0,60.0,0.0,True,74.152872,1782.718298,0.0
2035-01-01,3,0,48,44.0,44.0,0.0,True,27.95747,1307.326752,0.0
2035-01-01,3,0,49,639.0,639.0,0.0,True,3191.415702,6511.740093,0.0
2035-01-01,3,0,50,0.0,0.0,0.0,False,0.0,0.0,0.0
2035-01-01,3,0,51,242.0,242.0,0.0,True,1577.574231,1960.444999,0.0
2035-01-01,3,0,54,0.0,0.0,0.0,False,0.0,0.0,0.0
2035-01-01,3,0,60,201.6,201.6,0.0,True,581.078244,3162.995382,0.0
2035-01-01,3,0,61,201.0,201.0,0.0,True,965.414163,3153.581705,0.0
2035-01-01,3,0,62,283.2,283.2,0.0,True,1196.443307,4443.255417,0.0
2035-01-01,3,0,66,24.9,24.9,0.0,True,16.568484,395.513475,0.0
2035-01-01,3,0,70,57.33,57.33,133.77,True,449.186282,28.273985,0.0
2035-01-01,3,0,71,0.0,0.0,0.0,False,0.0,0.0,0.0
2035-01-01,3,0,72,0.0,0.0,0.0,False,0.0,0.0,0.0
2035-01-01,3,0,73,26.231345,26.231345,29.768655,True,66.744147,12.936763,0.0
2035-01-01,3,0,75,0.0,0.0,0.0,False,0.0,0.0,0.0
2035-01-01,3,0,76,0.0,0.0,0.0,False,0.0,0.0,0.0
2035-01-01,3,0,85,168.0,168.0,0.0,True,814.553371,1360.970082,0.0
2035-01-01,3,0,93,0.0,0.0,0.0,False,0.0,0.0,0.0
2035-01-01,3,0,94,63.1,63.1,0.0,True,111.9376,511.173882,0.0
2035-01-01,3,0,98,150.0,150.0,0.0,True,463.01475,3644.279968,0.0
2035-01-01,3,0,100,618.7,618.7,0.0,True,4754.298376,13899.331865,0.0
2035-01-01,3,0,105,0.0,0.0,0.0,False,0.0,0.0,0.0
2035-01-01,3,0,107,0.0,0.0,0.0,False,0.0,0.0,0.0
2035-01-01,3,0,108,0.0,0.0,0.0,False,0.0,0.0,0.0
2035-01-01,3,0,112,250.0,250.0,0.0,True,1589.204168,4861.44495,0.0
2035-01-01,3,0,114,0.0,0.0,0.0,False,0.0,0.0,0.0
2035-01-01,3,0,118,225.0,225.0,0.0,True,1295.449874,19738.140424,0.0
2035-01-01,3,0,121,1097.4,1097.4,0.0,True,12420.993732,63562.080373,0.0
2035-01-01,3,0,122,0.0,0.0,0.0,False,0.0,0.0,0.0
2035-01-01,3,0,124,13.2,13.2,30.8,True,3.484801,-120.280962,0.0
2035-01-01,3,0,129,0.0,0.0,0.0,False,0.0,0.0,0.0
2035-01-01,3,0,130,0.0,0.0,0.0,False,0.0,0.0,0.0
2035-01-01,3,0,137,200.0,200.0,0.0,True,651.776001,3166.525849,0.0
2035-01-01,3,0,138,201.6,201.6,0.0,True,687.122813,3191.858056,0.0
2035-01-01,3,0,144,52.1,52.1,0.0,True,84.457511,47.093465,0.0
2035-01-01,3,0,147,0.0,0.0,0.0,False,0.0,0.0,0.0
2035-01-01,3,0,148,13.9,13.9,0.0,True,1.914971,338.150942,0.0
2035-01-01,3,0,149,10.0,10.0,0.0,True,1.682046,239.475532,0.0
2035-01-01,3,0,150,10.0,10.0,0.0,True,2.295608,239.475532,0.0
2035-01-01,3,0,151,40.7,40.7,0.0,True,12.251072,974.665415,0.0
2035-01-01,3,0,155,30.0,30.0,0.0,True,21.633804,305.715497,0.0
2035-01-01,3,0,156,0.0,0.0,0.0,False,0.0,0.0,0.0
2035-01-01,3,0,165,0.0,0.0,0.0,False,0.0,0.0,0.0
2035-01-01,3,0,166,0.0,0.0,0.0,False,0.0,0.0,0.0
2035-01-01,3,0,171,0.0,0.0,0.0,False,0.0,0.0,0.0
2035-01-01,3,0,174,0.0,0.0,0.0,False,0.0,0.0,0.0
2035-01-01,3,0,175,852.2,852.2,0.0,True,56617.715591,16571.693546,0.0
2035-01-01,3,0,176,706.621958,706.621958,1144.178042,True,77961.328239,13740.815001,0.0
2035-01-01,3,0,177,0.0,0.0,0.0,False,0.0,0.0,0.0
2035-01-01,3,0,178,0.0,0.0,0.0,False,0.0,0.0,0.0
2035-01-01,3,0,179,0.0,0.0,0.0,False,0.0,0.0,0.0
2035-01-01,3,0,180,0.0,0.0,0.0,False,0.0,0.0,0.0
2035-01-01,3,0,181,0.0,0.0,0.0,False,0.0,0.0,0.0
2035-01-01,3,0,182,0.0,0.0,0.0,False,0.0,0.0,0.0
2035-01-01,3,0,183,0.0,0.0,0.0,False,0.0,0.0,0.0
2035-01-01,3,0,184,0.0,0.0,0.0,False,0.0,0.0,0.0
2035-01-01,3,0,185,0.0,0.0,0.0,False,0.0,0.0,0.0
2035-01-01,3,0,186,1036.0,1036.0,0.0,True,17622.789048,27180.572325,0.0
2035-01-01,3,0,187,0.0,0.0,0.0,False,0.0,0.0,0.0
2035-01-01,3,0,189,0.0,0.0,0.0,False,0.0,0.0,0.0
2035-01-01,3,0,193,1734.0,1734.0,0.0,True,80380.674544,152115.268865,0.0
2035-01-01,3,0,195,0.0,0.0,0.0,False,0.0,0.0,0.0
2035-01-01,3,0,197,427.7,427.7,0.0,True,5294.998653,100160.404837,0.0
2035-01-01,3,0,201,0.0,0.0,0.0,False,0.0,0.0,0.0
2035-01-01,3,0,202,0.0,0.0,0.0,False,0.0,0.0,0.0
2035-01-01,3,0,203,0.0,0.0,0.0,False,0.0,0.0,0.0
2035-01-01,3,0,207,0.0,0.0,0.0,False,0.0,0.0,0.0
2035-01-01,3,0,208,46.17,46.17,107.73,True,305.539208,22.770101,0.0
2035-01-01,3,0,209,0.0,0.0,0.0,False,0.0,0.0,0.0
2035-01-01,3,0,211,0.0,0.0,0.0,False,0.0,0.0,0.0
2035-01-01,3,0,212,69.0,69.0,161.0,True,444.36,-105.999968,0.0
2035-01-01,3,0,213,35.0,35.0,0.0,True,12.593473,130.025608,0.0
2035-01-01,3,0,215,0.0,0.0,0.0,False,0.0,0.0,0.0
2035-01-01,3,0,216,48.0,48.0,0.0,True,51.944608,72.659576,0.0
2035-01-01,3,0,220,0.0,0.0,0.0,False,0.0,0.0,0.0
2035-01-01,3,0,222,0.0,0.0,0.0,False,0.0,0.0,0.0
2035-01-01,3,0,223,135.96,135.96,317.24,True,1047.490224,47.252061,0.0
2035-01-01,3,0,224,0.0,0.0,0.0,False,0.0,0.0,0.0
2035-01-01,3,0,226,30.81,30.81,71.89,True,237.314026,15.194862,0.0
2035-01-01,3,0,227,0.0,0.0,0.0,False,0.0,0.0,0.0
2035-01-01,3,0,228,3.06,3.06,7.14,True,0.967573,-6.199868,0.0
2035-01-01,3,0,229,275.49,275.49,642.81,True,1770.877269,-558.170483,0.0
2035-01-01,3,0,230,0.0,0.0,0.0,False,0.0,0.0,0.0
2035-01-01,3,0,231,101.9,101.9,0.0,True,198.503759,825.493163,0.0
2035-01-01,3,0,232,0.0,0.0,0.0,False,0.0,0.0,0.0
2035-01-01,3,0,234,643.6,643.6,0.0,True,5730.593112,5213.811576,0.0
2035-01-01,3,0,235,0.0,0.0,0.0,False,0.0,0.0,0.0
2035-01-01,3,0,239,15.0,15.0,0.0,True,1.570803,403.217292,0.0
2035-01-01,3,0,241,0.0,0.0,0.0,False,0.0,0.0,0.0
2035-01-01,3,0,242,0.0,0.0,0.0,False,0.0,0.0,0.0
2035-01-01,3,0,243,376.9,376.9,0.0,True,3772.128609,10623.813668,0.0
2035-01-01,3,0,244,215.2,215.2,0.0,True,1398.632914,5784.824082,0.0
2035-01-01,3,0,246,0.0,0.0,0.0,False,0.0,0.0,0.0
2035-01-01,3,0,250,0.0,0.0,0.0,False,0.0,0.0,0.0
2035-01-01,3,0,253,1074.715434,1074.715434,13.484566,True,17443.37709,16997.951277,0.0
2035-01-01,3,0,256,0.0,0.0,0.0,False,0.0,0.0,0.0
2035-01-01,3,0,257,229.6,229.6,0.0,True,818.43493,2339.742606,0.0
2035-01-01,3,0,259,892.0,892.0,0.0,True,9825.504091,23581.352478,0.0
2035-01-01,3,0,261,0.0,0.0,0.0,False,0.0,0.0,0.0
2035-01-01,3,0,262,517.0,517.0,0.0,True,4038.347617,12780.392001,0.0
2035-01-01,3,0,263,263.6,263.6,0.0,True,556.551497,6516.2695,0.0
2035-01-01,3,0,264,44.2,44.2,0.0,True,24.73031,1092.636995,0.0
2035-01-01,3,0,268,0.0,0.0,0.0,False,0.0,0.0,0.0
2035-01-01,3,0,269,0.0,0.0,0.0,False,0.0,0.0,0.0
2035-01-01,3,0,271,0.0,0.0,0.0,False,0.0,0.0,0.0
2035-01-01,3,0,280,559.0,559.0,0.0,True,3053.508502,32377.622497,0.0
2035-01-01,4,0,1,0.0,0.0,0.0,False,0.0,0.0,0.0
2035-01-01,4,0,2,0.0,0.0,0.0,False,0.0,0.0,0.0
2035-01-01,4,0,3,0.0,0.0,0.0,False,0.0,0.0,0.0
2035-01-01,4,0,4,176.4,176.4,0.0,True,683.355767,511.657295,0.0
2035-01-01,4,0,5,0.0,0.0,0.0,False,0.0,0.0,0.0
2035-01-01,4,0,6,0.0,0.0,0.0,False,0.0,0.0,0.0
2035-01-01,4,0,7,0.0,0.0,0.0,False,0.0,0.0,0.0
2035-01-01,4,0,8,0.0,0.0,0.0,False,0.0,0.0,0.0
2035-01-01,4,0,10,92.7,92.7,0.0,True,191.790772,288.705157,0.0
2035-01-01,4,0,11,0.0,0.0,0.0,False,0.0,0.0,0.0
2035-01-01,4,0,12,260.0,260.0,0.0,True,639.125553,809.744776,0.0
2035-01-01,4,0,13,0.0,0.0,0.0,False,0.0,0.0,0.0
2035-01-01,4,0,14,22.0,22.0,0.0,True,3.655396,64.757359,0.0
2035-01-01,4,0,15,50.1,50.1,0.0,True,51.326952,147.470169,0.0
2035-01-01,4,0,16,0.0,0.0,0.0,False,0.0,0.0,0.0
2035-01-01,4,0,18,432.0,432.0,0.0,True,5883.25143,4007.814427,0.0
2035-01-01,4,0,25,0.0,0.0,0.0,False,0.0,0.0,0.0
2035-01-01,4,0,26,0.0,0.0,0.0,False,0.0,0.0,0.0
2035-01-01,4,0,27,0.0,0.0,0.0,False,0.0,0.0,0.0
2035-01-01,4,0,28,25.7,25.7,0.0,True,12.298273,74.544175,0.0
2035-01-01,4,0,44,108.0,108.0,0.0,True,212.552169,1055.515597,0.0
2035-01-01,4,0,45,54.9,54.9,0.0,True,27.368889,629.152483,0.0
2035-01-01,4,0,47,60.0,60.0,0.0,True,74.152872,687.598342,0.0
2035-01-01,4,0,48,44.0,44.0,0.0,True,27.95747,504.238784,0.0
2035-01-01,4,0,49,499.464801,499.464802,139.535199,True,2413.711118,2783.785502,0.0
2035-01-01,4,0,50,0.0,0.0,0.0,False,0.0,0.0,0.0
2035-01-01,4,0,51,242.0,242.0,0.0,True,1577.574231,1496.787168,0.0
2035-01-01,4,0,54,0.0,0.0,0.0,False,0.0,0.0,0.0
2035-01-01,4,0,60,201.6,201.6,0.0,True,581.078244,1884.759812,0.0
2035-01-01,4,0,61,201.0,201.0,0.0,True,965.414163,1879.150408,0.0
2035-01-01,4,0,62,283.2,283.2,0.0,True,1196.443307,2647.638784,0.0
2035-01-01,4,0,66,24.9,24.9,0.0,True,16.568484,234.810725,0.0
2035-01-01,4,0,70,191.1,191.1,0.0,True,773.477423,564.992939,0.0
2035-01-01,4,0,71,0.0,0.0,0.0,False,0.0,0.0,0.0
2035-01-01,4,0,72,0.0,0.0,0.0,False,0.0,0.0,0.0
2035-01-01,4,0,73,56.0,56.0,0.0,True,81.532526,165.565696,0.0
2035-01-01,4,0,75,0.0,0.0,0.0,False,0.0,0.0,0.0
2035-01-01,4,0,76,0.0,0.0,0.0,False,0.0,0.0,0.0
2035-01-01,4,0,85,168.0,168.0,0.0,True,814.553371,1039.091918,0.0
2035-01-01,4,0,93,0.0,0.0,0.0,False,0.0,0.0,0.0
2035-01-01,4,0,94,63.1,63.1,0.0,True,111.9376,390.277976,0.0
2035-01-01,4,0,98,150.0,150.0,0.0,True,463.01475,1665.847406,0.0
2035-01-01,4,0,100,439.453538,439.453537,179.246462,True,3071.159519,4008.485172,0.0
2035-01-01,4,0,105,0.0,0.0,0.0,False,0.0,0.0,0.0
2035-01-01,4,0,107,0.0,0.0,0.0,False,0.0,0.0,0.0
2035-01-01,4,0,108,0.0,0.0,0.0,False,0.0,0.0,0.0
2035-01-01,4,0,112,250.0,250.0,0.0,True,1589.204168,4861.44495,0.0
2035-01-01,4,0,114,0.0,0.0,0.0,False,0.0,0.0,0.0
2035-01-01,4,0,118,225.0,225.0,0.0,True,1295.449874,20786.703868,0.0
2035-01-01,4,0,121,1097.4,1097.4,0.0,True,12420.993732,23758.415323,0.0
2035-01-01,4,0,122,0.0,0.0,0.0,False,0.0,0.0,0.0
2035-01-01,4,0,124,13.2,13.2,30.8,True,3.484801,-8.080356,0.0
2035-01-01,4,0,129,0.0,0.0,0.0,False,0.0,0.0,0.0
2035-01-01,4,0,130,0.0,0.0,0.0,False,0.0,0.0,0.0
2035-01-01,4,0,137,200.0,200.0,0.0,True,651.776001,1881.739927,0.0
2035-01-01,4,0,138,201.6,201.6,0.0,True,687.122813,1896.793847,0.0
2035-01-01,4,0,144,52.1,52.1,0.0,True,84.457511,162.260395,0.0
2035-01-01,4,0,147,0.0,0.0,0.0,False,0.0,0.0,0.0
2035-01-01,4,0,148,13.9,13.9,0.0,True,1.914971,196.666146,0.0
2035-01-01,4,0,149,10.0,10.0,0.0,True,1.682046,139.167923,0.0
2035-01-01,4,0,150,10.0,10.0,0.0,True,2.295608,139.167923,0.0
2035-01-01,4,0,151,40.7,40.7,0.0,True,12.251072,566.413447,0.0
2035-01-01,4,0,155,30.0,30.0,0.0,True,21.633804,167.206107,0.0
2035-01-01,4,0,156,0.0,0.0,0.0,False,0.0,0.0,0.0
2035-01-01,4,0,165,0.0,0.0,0.0,False,0.0,0.0,0.0
2035-01-01,4,0,166,0.0,0.0,0.0,False,0.0,0.0,0.0
2035-01-01,4,0,171,0.0,0.0,0.0,False,0.0,0.0,0.0
2035-01-01,4,0,174,0.0,0.0,0.0,False,0.0,0.0,0.0
2035-01-01,4,0,175,852.2,852.2,0.0,True,56617.715591,16571.693546,0.0
2035-01-01,4,0,176,844.680489,844.680489,1006.119511,True,80645.984027,16425.470788,0.0
2035-01-01,4,0,177,0.0,0.0,0.0,False,0.0,0.0,0.0
2035-01-01,4,0,178,0.0,0.0,0.0,False,0.0,0.0,0.0
2035-01-01,4,0,179,0.0,0.0,0.0,False,0.0,0.0,0.0
2035-01-01,4,0,180,0.0,0.0,0.0,False,0.0,0.0,0.0
2035-01-01,4,0,181,0.0,0.0,0.0,False,0.0,0.0,0.0
2035-01-01,4,0,182,0.0,0.0,0.0,False,0.0,0.0,0.0
2035-01-01,4,0,183,0.0,0.0,0.0,False,0.0,0.0,0.0
2035-01-01,4,0,184,0.0,0.0,0.0,False,0.0,0.0,0.0
2035-01-01,4,0,185,0.0,0.0,0.0,False,0.0,0.0,0.0
2035-01-01,4,0,186,1036.0,1036.0,0.0,True,17622.789048,31259.089613,0.0
2035-01-01,4,0,187,0.0,0.0,0.0,False,0.0,0.0,0.0
2035-01-01,4,0,189,0.0,0.0,0.0,False,0.0,0.0,0.0
2035-01-01,4,0,193,1734.0,1734.0,0.0,True,80380.674544,160196.19781,0.0
2035-01-01,4,0,195,0.0,0.0,0.0,False,0.0,0.0,0.0
2035-01-01,4,0,197,427.7,427.7,0.0,True,5294.998653,103256.408437,0.0
2035-01-01,4,0,201,0.0,0.0,0.0,False,0.0,0.0,0.0
2035-01-01,4,0,202,0.0,0.0,0.0,False,0.0,0.0,0.0
2035-01-01,4,0,203,0.0,0.0,0.0,False,0.0,0.0,0.0
2035-01-01,4,0,207,0.0,0.0,0.0,False,0.0,0.0,0.0
2035-01-01,4,0,208,153.9,153.9,0.0,True,426.47332,455.010012,0.0
2035-01-01,4,0,209,0.0,0.0,0.0,False,0.0,0.0,0.0
2035-01-01,4,0,211,0.0,0.0,0.0,False,0.0,0.0,0.0
2035-01-01,4,0,212,230.0,230.0,0.0,True,716.720586,494.274502,0.0
2035-01-01,4,0,213,35.0,35.0,0.0,True,12.593473,150.157432,0.0
2035-01-01,4,0,215,0.0,0.0,0.0,False,0.0,0.0,0.0
2035-01-01,4,0,216,48.0,48.0,0.0,True,51.944608,160.925462,0.0
2035-01-01,4,0,220,0.0,0.0,0.0,False,0.0,0.0,0.0
2035-01-01,4,0,222,0.0,0.0,0.0,False,0.0,0.0,0.0
2035-01-01,4,0,223,135.96,135.96,317.24,True,1047.490224,394.35899,0.0
2035-01-01,4,0,224,0.0,0.0,0.0,False,0.0,0.0,0.0
2035-01-01,4,0,226,102.7,102.7,0.0,True,333.387037,303.635661,0.0
2035-01-01,4,0,227,0.0,0.0,0.0,False,0.0,0.0,0.0
2035-01-01,4,0,228,10.2,10.2,0.0,True,1.864236,18.681442,0.0
2035-01-01,4,0,229,275.49,275.49,642.81,True,1770.877269,504.563776,0.0
2035-01-01,4,0,230,0.0,0.0,0.0,False,0.0,0.0,0.0
2035-01-01,4,0,231,101.9,101.9,0.0,True,198.503759,630.258729,0.0
2035-01-01,4,0,232,0.0,0.0,0.0,False,0.0,0.0,0.0
2035-01-01,4,0,234,584.715392,584.715391,58.884608,True,5366.387633,3616.50618,0.0
2035-01-01,4,0,235,0.0,0.0,0.0,False,0.0,0.0,0.0
2035-01-01,4,0,239,15.0,15.0,0.0,True,1.570803,155.135352,0.0
2035-01-01,4,0,241,0.0,0.0,0.0,False,0.0,0.0,0.0
2035-01-01,4,0,242,0.0,0.0,0.0,False,0.0,0.0,0.0
2035-01-01,4,0,243,376.9,376.9,0.0,True,3772.128609,4041.306751,0.0
2035-01-01,4,0,244,215.2,215.2,0.0,True,1398.632914,2225.675187,0.0
2035-01-01,4,0,246,0.0,0.0,0.0,False,0.0,0.0,0.0
2035-01-01,4,0,250,0.0,0.0,0.0,False,0.0,0.0,0.0
2035-01-01,4,0,253,326.46,326.46,761.74,True,6394.567897,3069.332513,0.0
2035-01-01,4,0,256,0.0,0.0,0.0,False,0.0,0.0,0.0
2035-01-01,4,0,257,229.6,229.6,0.0,True,818.43493,1279.684075,0.0
2035-01-01,4,0,259,892.0,892.0,0.0,True,9825.504091,9054.803984,0.0
2035-01-01,4,0,261,0.0,0.0,0.0,False,0.0,0.0,0.0
2035-01-01,4,0,262,517.0,517.0,0.0,True,4038.347617,5052.792255,0.0
2035-01-01,4,0,263,263.6,263.6,0.0,True,556.551497,2576.23992,0.0
2035-01-01,4,0,264,44.2,44.2,0.0,True,24.73031,431.979531,0.0
2035-01-01,4,0,268,0.0,0.0,0.0,False,0.0,0.0,0.0
2035-01-01,4,0,269,0.0,0.0,0.0,False,0.0,0.0,0.0
2035-01-01,4,0,271,0.0,0.0,0.0,False,0.0,0.0,0.0
2035-01-01,4,0,280,559.0,559.0,0.0,True,3053.508502,12102.199896,0.0
2035-01-01,5,0,1,0.0,0.0,0.0,False,0.0,0.0,0.0
2035-01-01,5,0,2,0.0,0.0,0.0,False,0.0,0.0,0.0
2035-01-01,5,0,3,0.0,0.0,0.0,False,0.0,0.0,0.0
2035-01-01,5,0,4,176.4,176.4,0.0,True,683.355767,815.858312,0.0
2035-01-01,5,0,5,0.0,0.0,0.0,False,0.0,0.0,0.0
2035-01-01,5,0,6,0.0,0.0,0.0,False,0.0,0.0,0.0
2035-01-01,5,0,7,0.0,0.0,0.0,False,0.0,0.0,0.0
2035-01-01,5,0,8,0.0,0.0,0.0,False,0.0,0.0,0.0
2035-01-01,5,0,10,92.7,92.7,0.0,True,191.790772,438.130884,0.0
2035-01-01,5,0,11,0.0,0.0,0.0,False,0.0,0.0,0.0
2035-01-01,5,0,12,260.0,260.0,0.0,True,639.125553,1228.846062,0.0
2035-01-01,5,0,13,0.0,0.0,0.0,False,0.0,0.0,0.0
2035-01-01,5,0,14,22.0,22.0,0.0,True,3.655396,102.079497,0.0
2035-01-01,5,0,15,50.1,50.1,0.0,True,51.326952,232.462854,0.0
2035-01-01,5,0,16,0.0,0.0,0.0,False,0.0,0.0,0.0
2035-01-01,5,0,18,432.0,432.0,0.0,True,5883.25143,3306.154179,0.0
2035-01-01,5,0,25,0.0,0.0,0.0,False,0.0,0.0,0.0
2035-01-01,5,0,26,0.0,0.0,0.0,False,0.0,0.0,0.0
2035-01-01,5,0,27,0.0,0.0,0.0,False,0.0,0.0,0.0
2035-01-01,5,0,28,25.7,25.7,0.0,True,12.298273,118.863711,0.0
2035-01-01,5,0,44,108.0,108.0,0.0,True,212.552169,847.139151,0.0
2035-01-01,5,0,45,54.9,54.9,0.0,True,27.368889,474.300632,0.0
2035-01-01,5,0,47,60.0,60.0,0.0,True,74.152872,518.361347,0.0
2035-01-01,5,0,48,44.0,44.0,0.0,True,27.95747,380.131654,0.0
2035-01-01,5,0,49,639.0,639.0,0.0,True,3191.415702,3754.06414,0.0
2035-01-01,5,0,50,0.0,0.0,0.0,False,0.0,0.0,0.0
2035-01-01,5,0,51,242.0,242.0,0.0,True,1577.574231,1496.787168,0.0
2035-01-01,5,0,54,0.0,0.0,0.0,False,0.0,0.0,0.0
2035-01-01,5,0,60,201.6,201.6,0.0,True,581.078244,1549.730409,0.0
2035-01-01,5,0,61,201.0,201.0,0.0,True,965.414163,1545.118116,0.0
2035-01-01,5,0,62,283.2,283.2,0.0,True,1196.443307,2177.002241,0.0
2035-01-01,5,0,66,24.9,24.9,0.0,True,16.568484,192.369367,0.0
2035-01-01,5,0,70,191.1,191.1,0.0,True,773.477423,888.913051,0.0
2035-01-01,5,0,71,0.0,0.0,0.0,False,0.0,0.0,0.0
2035-01-01,5,0,72,0.0,0.0,0.0,False,0.0,0.0,0.0
2035-01-01,5,0,73,56.0,56.0,0.0,True,81.532526,260.487341,0.0
2035-01-01,5,0,75,34.2,34.2,0.0,True,139.747999,101.340075,0.0
2035-01-01,5,0,76,0.0,0.0,0.0,False,0.0,0.0,0.0
2035-01-01,5,0,85,168.0,168.0,0.0,True,814.553371,1039.091918,0.0
2035-01-01,5,0,93,0.0,0.0,0.0,False,0.0,0.0,0.0
2035-01-01,5,0,94,63.1,63.1,0.0,True,111.9376,390.277976,0.0
2035-01-01,5,0,98,150.0,150.0,0.0,True,463.01475,1274.492766,0.0
2035-01-01,5,0,100,185.61,185.61,433.09,True,803.85835,1399.185858,0.0
2035-01-01,5,0,105,0.0,0.0,0.0,False,0.0,0.0,0.0
2035-01-01,5,0,107,0.0,0.0,0.0,False,0.0,0.0,0.0
2035-01-01,5,0,108,0.0,0.0,0.0,False,0.0,0.0,0.0
2035-01-01,5,0,112,250.0,250.0,0.0,True,1589.204168,4861.44495,0.0
2035-01-01,5,0,114,0.0,0.0,0.0,False,0.0,0.0,0.0
2035-01-01,5,0,118,225.0,225.0,0.0,True,1295.449874,21127.519155,0.0
2035-01-01,5,0,121,1093.184912,1093.184912,4.215088,True,12364.275791,14709.822398,0.0
2035-01-01,5,0,122,0.0,0.0,0.0,False,0.0,0.0,0.0
2035-01-01,5,0,124,44.0,44.0,0.0,True,19.10498,130.379044,0.0
2035-01-01,5,0,129,0.0,0.0,0.0,False,0.0,0.0,0.0
2035-01-01,5,0,130,0.0,0.0,0.0,False,0.0,0.0,0.0
2035-01-01,5,0,137,200.0,200.0,0.0,True,651.776001,1543.098796,0.0
2035-01-01,5,0,138,201.6,201.6,0.0,True,687.122813,1555.443586,0.0
2035-01-01,5,0,144,52.1,52.1,0.0,True,84.457511,246.241845,0.0
2035-01-01,5,0,147,0.0,0.0,0.0,False,0.0,0.0,0.0
2035-01-01,5,0,148,13.9,13.9,0.0,True,1.914971,138.747318,0.0
2035-01-01,5,0,149,10.0,10.0,0.0,True,1.682046,98.707665,0.0
2035-01-01,5,0,150,10.0,10.0,0.0,True,2.295608,98.707665,0.0
2035-01-01,5,0,151,40.7,40.7,0.0,True,12.251072,401.740197,0.0
2035-01-01,5,0,155,30.0,30.0,0.0,True,21.633804,176.247143,0.0
2035-01-01,5,0,156,0.0,0.0,0.0,False,0.0,0.0,0.0
2035-01-01,5,0,165,0.0,0.0,0.0,False,0.0,0.0,0.0
2035-01-01,5,0,166,0.0,0.0,0.0,False,0.0,0.0,0.0
2035-01-01,5,0,171,0.0,0.0,0.0,False,0.0,0.0,0.0
2035-01-01,5,0,174,0.0,0.0,0.0,False,0.0,0.0,0.0
2035-01-01,5,0,175,852.2,852.2,0.0,True,56617.715591,16571.693546,0.0
2035-01-01,5,0,176,787.346692,787.346692,1063.453308,True,79531.083633,15310.570395,0.0
2035-01-01,5,0,177,0.0,0.0,0.0,False,0.0,0.0,0.0
2035-01-01,5,0,178,0.0,0.0,0.0,False,0.0,0.0,0.0
2035-01-01,5,0,179,0.0,0.0,0.0,False,0.0,0.0,0.0
2035-01-01,5,0,180,0.0,0.0,0.0,False,0.0,0.0,0.0
2035-01-01,5,0,181,0.0,0.0,0.0,False,0.0,0.0,0.0
2035-01-01,5,0,182,0.0,0.0,0.0,False,0.0,0.0,0.0
2035-01-01,5,0,183,0.0,0.0,0.0,False,0.0,0.0,0.0
2035-01-01,5,0,184,0.0,0.0,0.0,False,0.0,0.0,0.0
2035-01-01,5,0,185,0.0,0.0,0.0,False,0.0,0.0,0.0
2035-01-01,5,0,186,1036.0,1036.0,0.0,True,17622.789048,32592.556665,0.0
2035-01-01,5,0,187,0.0,0.0,0.0,False,0.0,0.0,0.0
2035-01-01,5,0,189,0.0,0.0,0.0,False,0.0,0.0,0.0
2035-01-01,5,0,193,1734.0,1734.0,0.0,True,80380.674544,162822.747623,0.0
2035-01-01,5,0,195,0.0,0.0,0.0,False,0.0,0.0,0.0
2035-01-01,5,0,197,427.7,427.7,0.0,True,5294.998653,104255.797421,0.0
2035-01-01,5,0,201,0.0,0.0,0.0,False,0.0,0.0,0.0
2035-01-01,5,0,202,0.0,0.0,0.0,False,0.0,0.0,0.0
2035-01-01,5,0,203,0.0,0.0,0.0,False,0.0,0.0,0.0
2035-01-01,5,0,207,0.0,0.0,0.0,False,0.0,0.0,0.0
2035-01-01,5,0,208,153.9,153.9,0.0,True,426.47332,715.875031,0.0
2035-01-01,5,0,209,0.0,0.0,0.0,False,0.0,0.0,0.0
2035-01-01,5,0,211,0.0,0.0,0.0,False,0.0,0.0,0.0
2035-01-01,5,0,212,230.0,230.0,0.0,True,716.720586,981.803196,0.0
2035-01-01,5,0,213,35.0,35.0,0.0,True,12.593473,184.960947,0.0
2035-01-01,5,0,215,0.0,0.0,0.0,False,0.0,0.0,0.0
2035-01-01,5,0,216,48.0,48.0,0.0,True,51.944608,232.281944,0.0
2035-01-01,5,0,220,0.0,0.0,0.0,False,0.0,0.0,0.0
2035-01-01,5,0,222,0.0,0.0,0.0,False,0.0,0.0,0.0
2035-01-01,5,0,223,135.96,135.96,317.24,True,1047.490224,628.821407,0.0
2035-01-01,5,0,224,0.0,0.0,0.0,False,0.0,0.0,0.0
2035-01-01,5,0,226,102.7,102.7,0.0,True,333.387037,477.715177,0.0
2035-01-01,5,0,227,0.0,0.0,0.0,False,0.0,0.0,0.0
2035-01-01,5,0,228,10.2,10.2,0.0,True,1.864236,41.987869,0.0
2035-01-01,5,0,229,275.49,275.49,642.81,True,1770.877269,1134.042957,0.0
2035-01-01,5,0,230,0.0,0.0,0.0,False,0.0,0.0,0.0
2035-01-01,5,0,231,101.9,101.9,0.0,True,198.503759,630.258729,0.0
2035-01-01,5,0,232,0.0,0.0,0.0,False,0.0,0.0,0.0
2035-01-01,5,0,234,541.053003,541.053003,102.546997,True,5096.332661,3346.451208,0.0
2035-01-01,5,0,235,0.0,0.0,0.0,False,0.0,0.0,0.0
2035-01-01,5,0,239,15.0,15.0,0.0,True,1.570803,121.644067,0.0
2035-01-01,5,0,241,0.0,0.0,0.0,False,0.0,0.0,0.0
2035-01-01,5,0,242,0.0,0.0,0.0,False,0.0,0.0,0.0
2035-01-01,5,0,243,376.9,376.9,0.0,True,3772.128609,3123.69932,0.0
2035-01-01,5,0,244,215.2,215.2,0.0,True,1398.632914,1745.186886,0.0
2035-01-01,5,0,246,0.0,0.0,0.0,False,0.0,0.0,0.0
2035-01-01,5,0,250,0.0,0.0,0.0,False,0.0,0.0,0.0
2035-01-01,5,0,253,326.46,326.46,761.74,True,6394.567897,2517.740723,0.0
2035-01-01,5,0,256,0.0,0.0,0.0,False,0.0,0.0,0.0
2035-01-01,5,0,257,229.6,229.6,0.0,True,818.43493,1348.878132,0.0
2035-01-01,5,0,259,877.071025,877.071025,14.928975,True,9705.792536,7033.003683,0.0
2035-01-01,5,0,261,0.0,0.0,0.0,False,0.0,0.0,0.0
2035-01-01,5,0,262,517.0,517.0,0.0,True,4038.347617,4055.286493,0.0
2035-01-01,5,0,263,263.6,263.6,0.0,True,556.551497,2067.64704,0.0
2035-01-01,5,0,264,44.2,44.2,0.0,True,24.73031,346.699542,0.0
2035-01-01,5,0,268,0.0,0.0,0.0,False,0.0,0.0,0.0
2035-01-01,5,0,269,0.0,0.0,0.0,False,0.0,0.0,0.0
2035-01-01,5,0,271,0.0,0.0,0.0,False,0.0,0.0,0.0
2035-01-01,5,0,280,559.0,559.0,0.0,True,3053.508502,7521.866274,0.0
2035-01-01,6,0,1,0.0,0.0,0.0,False,0.0,0.0,0.0
2035-01-01,6,0,2,0.0,0.0,0.0,False,0.0,0.0,0.0
2035-01-01,6,0,3,0.0,0.0,0.0,False,0.0,0.0,0.0
2035-01-01,6,0,4,52.92,52.92,123.48,True,429.414049,56.390675,0.0
2035-01-01,6,0,5,0.0,0.0,0.0,False,0.0,0.0,0.0
2035-01-01,6,0,6,0.0,0.0,0.0,False,0.0,0.0,0.0
2035-01-01,6,0,7,53.19,53.19,0.0,True,559.694632,56.678382,0.0
2035-01-01,6,0,8,0.0,0.0,0.0,False,0.0,0.0,0.0
2035-01-01,6,0,10,92.7,92.7,0.0,True,191.790772,137.758231,0.0
2035-01-01,6,0,11,0.0,0.0,0.0,False,0.0,0.0,0.0
2035-01-01,6,0,12,78.0,78.0,182.0,True,243.359999,115.913075,0.0
2035-01-01,6,0,13,0.0,0.0,0.0,False,0.0,0.0,0.0
2035-01-01,6,0,14,22.0,22.0,0.0,True,3.655396,11.462019,0.0
2035-01-01,6,0,15,47.089708,47.089708,3.010292,True,49.758587,24.533778,0.0
2035-01-01,6,0,16,0.0,0.0,0.0,False,0.0,0.0,0.0
2035-01-01,6,0,18,432.0,432.0,0.0,True,5883.25143,6274.13879,0.0
2035-01-01,6,0,25,0.0,0.0,0.0,False,0.0,0.0,0.0
2035-01-01,6,0,26,0.0,0.0,0.0,False,0.0,0.0,0.0
2035-01-01,6,0,27,0.0,0.0,0.0,False,0.0,0.0,0.0
2035-01-01,6,0,28,25.7,25.7,0.0,True,12.298273,27.385494,0.0
2035-01-01,6,0,44,108.0,108.0,0.0,True,212.552169,1120.426937,0.0
2035-01-01,6,0,45,54.9,54.9,0.0,True,27.368889,730.161396,0.0
2035-01-01,6,0,47,60.0,60.0,0.0,True,74.152872,797.990597,0.0
2035-01-01,6,0,48,44.0,44.0,0.0,True,27.95747,585.193104,0.0
2035-01-01,6,0,49,191.7,191.7,447.3,True,857.474099,853.140817,0.0
2035-01-01,6,0,50,0.0,0.0,0.0,False,0.0,0.0,0.0
2035-01-01,6,0,51,242.0,242.0,0.0,True,1577.574231,1944.805546,0.0
2035-01-01,6,0,54,0.0,0.0,0.0,False,0.0,0.0,0.0
2035-01-01,6,0,60,201.6,201.6,0.0,True,581.078244,2958.237604,0.0
2035-01-01,6,0,61,201.0,201.0,0.0,True,965.414163,2949.433326,0.0
2035-01-01,6,0,62,283.2,283.2,0.0,True,1196.443307,4155.619492,0.0
2035-01-01,6,0,66,24.9,24.9,0.0,True,16.568484,369.616131,0.0
2035-01-01,6,0,70,57.33,57.33,133.77,True,449.186282,67.400051,0.0
2035-01-01,6,0,71,0.0,0.0,0.0,False,0.0,0.0,0.0
2035-01-01,6,0,72,0.0,0.0,0.0,False,0.0,0.0,0.0
2035-01-01,6,0,73,56.0,56.0,0.0,True,81.532526,65.836435,0.0
2035-01-01,6,0,75,34.2,34.2,79.8,True,136.457999,-192.659188,0.0
2035-01-01,6,0,76,0.0,0.0,0.0,False,0.0,0.0,0.0
2035-01-01,6,0,85,168.0,168.0,0.0,True,814.553371,1350.112941,0.0
2035-01-01,6,0,93,0.0,0.0,0.0,False,0.0,0.0,0.0
2035-01-01,6,0,94,63.1,63.1,0.0,True,111.9376,507.095992,0.0
2035-01-01,6,0,98,150.0,150.0,0.0,True,463.01475,2327.130695,0.0
2035-01-01,6,0,100,591.034737,591.034737,27.665263,True,4492.724018,5588.218371,0.0
2035-01-01,6,0,105,0.0,0.0,0.0,False,0.0,0.0,0.0
2035-01-01,6,0,107,0.0,0.0,0.0,False,0.0,0.0,0.0
2035-01-01,6,0,108,0.0,0.0,0.0,False,0.0,0.0,0.0
2035-01-01,6,0,112,250.0,250.0,0.0,True,1589.204168,4861.44495,0.0
2035-01-01,6,0,114,0.0,0.0,0.0,False,0.0,0.0,0.0
2035-01-01,6,0,118,225.0,225.0,0.0,True,1295.449874,19914.025809,0.0
2035-01-01,6,0,121,1097.4,1097.4,0.0,True,12420.993732,35374.866155,0.0
2035-01-01,6,0,122,0.0,0.0,0.0,False,0.0,0.0,0.0
2035-01-01,6,0,124,13.2,13.2,30.8,True,3.484801,-74.359686,0.0
2035-01-01,6,0,129,0.0,0.0,0.0,False,0.0,0.0,0.0
2035-01-01,6,0,130,0.0,0.0,0.0,False,0.0,0.0,0.0
2035-01-01,6,0,137,200.0,200.0,0.0,True,651.776001,2959.804569,0.0
2035-01-01,6,0,138,201.6,201.6,0.0,True,687.122813,2983.483005,0.0
2035-01-01,6,0,144,52.1,52.1,0.0,True,84.457511,77.42399,0.0
2035-01-01,6,0,147,0.0,0.0,0.0,False,0.0,0.0,0.0
2035-01-01,6,0,148,13.9,13.9,0.0,True,1.914971,369.790741,0.0
2035-01-01,6,0,149,10.0,10.0,0.0,True,1.682046,260.03138,0.0
2035-01-01,6,0,150,10.0,10.0,0.0,True,2.295608,260.03138,0.0
2035-01-01,6,0,151,40.7,40.7,0.0,True,12.251072,1058.327717,0.0
2035-01-01,6,0,155,30.0,30.0,0.0,True,21.633804,133.511865,0.0
2035-01-01,6,0,156,0.0,0.0,0.0,False,0.0,0.0,0.0
2035-01-01,6,0,165,0.0,0.0,0.0,False,0.0,0.0,0.0
2035-01-01,6,0,166,0.0,0.0,0.0,False,0.0,0.0,0.0
2035-01-01,6,0,171,0.0,0.0,0.0,False,0.0,0.0,0.0
2035-01-01,6,0,174,125.4,125.4,0.0,True,4039.4144,159.95645,0.0
2035-01-01,6,0,175,852.2,852.2,0.0,True,56617.715591,16571.693546,0.0
2035-01-01,6,0,176,818.586429,818.586429,1032.213571,True,80138.564685,15918.051446,0.0
2035-01-01,6,0,177,0.0,0.0,0.0,False,0.0,0.0,0.0
2035-01-01,6,0,178,0.0,0.0,0.0,False,0.0,0.0,0.0
2035-01-01,6,0,179,0.0,0.0,0.0,False,0.0,0.0,0.0
2035-01-01,6,0,180,0.0,0.0,0.0,False,0.0,0.0,0.0
2035-01-01,6,0,181,0.0,0.0,0.0,False,0.0,0.0,0.0
2035-01-01,6,0,182,0.0,0.0,0.0,False,0.0,0.0,0.0
2035-01-01,6,0,183,0.0,0.0,0.0,False,0.0,0.0,0.0
2035-01-01,6,0,184,0.0,0.0,0.0,False,0.0,0.0,0.0
2035-01-01,6,0,185,0.0,0.0,0.0,False,0.0,0.0,0.0
2035-01-01,6,0,186,1036.0,1036.0,0.0,True,17622.789048,27649.908745,0.0
2035-01-01,6,0,187,0.0,0.0,0.0,False,0.0,0.0,0.0
2035-01-01,6,0,189,0.0,0.0,0.0,False,0.0,0.0,0.0
2035-01-01,6,0,193,1734.0,1734.0,0.0,True,80380.674544,153470.758902,0.0
2035-01-01,6,0,195,0.0,0.0,0.0,False,0.0,0.0,0.0
2035-01-01,6,0,197,427.7,427.7,0.0,True,5294.998653,100869.499448,0.0
2035-01-01,6,0,201,0.0,0.0,0.0,False,0.0,0.0,0.0
2035-01-01,6,0,202,0.0,0.0,0.0,False,0.0,0.0,0.0
2035-01-01,6,0,203,0.0,0.0,0.0,False,0.0,0.0,0.0
2035-01-01,6,0,207,0.0,0.0,0.0,False,0.0,0.0,0.0
2035-01-01,6,0,208,153.9,153.9,0.0,True,426.47332,180.932632,0.0
2035-01-01,6,0,209,0.0,0.0,0.0,False,0.0,0.0,0.0
2035-01-01,6,0,211,0.0,0.0,0.0,False,0.0,0.0,0.0
2035-01-01,6,0,212,69.0,69.0,161.0,True,444.36,-31.627048,0.0
2035-01-01,6,0,213,35.0,35.0,0.0,True,12.593473,138.548497,0.0
2035-01-01,6,0,215,0.0,0.0,0.0,False,0.0,0.0,0.0
2035-01-01,6,0,216,48.0,48.0,0.0,True,51.944608,94.120997,0.0
2035-01-01,6,0,220,0.0,0.0,0.0,False,0.0,0.0,0.0
2035-01-01,6,0,222,0.0,0.0,0.0,False,0.0,0.0,0.0
2035-01-01,6,0,223,135.96,135.96,317.24,True,1047.490224,144.876722,0.0
2035-01-01,6,0,224,0.0,0.0,0.0,False,0.0,0.0,0.0
2035-01-01,6,0,226,30.81,30.81,71.89,True,237.314026,36.221796,0.0
2035-01-01,6,0,227,0.0,0.0,0.0,False,0.0,0.0,0.0
2035-01-01,6,0,228,3.06,3.06,7.14,True,0.967573,-3.9791,0.0
2035-01-01,6,0,229,275.49,275.49,642.81,True,1770.877269,-358.236008,0.0
2035-01-01,6,0,230,0.0,0.0,0.0,False,0.0,0.0,0.0
2035-01-01,6,0,231,101.9,101.9,0.0,True,198.503759,818.90779,0.0
2035-01-01,6,0,232,0.0,0.0,0.0,False,0.0,0.0,0.0
2035-01-01,6,0,234,643.6,643.6,0.0,True,5730.593112,5172.218387,0.0
2035-01-01,6,0,235,0.0,0.0,0.0,False,0.0,0.0,0.0
2035-01-01,6,0,239,15.0,15.0,0.0,True,1.570803,165.789215,0.0
2035-01-01,6,0,241,0.0,0.0,0.0,False,0.0,0.0,0.0
2035-01-01,6,0,242,0.0,0.0,0.0,False,0.0,0.0,0.0
2035-01-01,6,0,243,376.9,376.9,0.0,True,3772.128609,4370.003624,0.0
2035-01-01,6,0,244,215.2,215.2,0.0,True,1398.632914,2378.522607,0.0
2035-01-01,6,0,246,0.0,0.0,0.0,False,0.0,0.0,0.0
2035-01-01,6,0,250,0.0,0.0,0.0,False,0.0,0.0,0.0
2035-01-01,6,0,253,758.034514,758.034514,330.165486,True,12513.335482,11207.299814,0.0
2035-01-01,6,0,256,0.0,0.0,0.0,False,0.0,0.0,0.0
2035-01-01,6,0,257,229.6,229.6,0.0,True,818.43493,1021.810807,0.0
2035-01-01,6,0,259,892.0,892.0,0.0,True,9825.504091,9493.003065,0.0
2035-01-01,6,0,261,0.0,0.0,0.0,False,0.0,0.0,0.0
2035-01-01,6,0,262,517.0,517.0,0.0,True,4038.347617,5363.525247,0.0
2035-01-01,6,0,263,263.6,263.6,0.0,True,556.551497,2734.671673,0.0
2035-01-01,6,0,264,44.2,44.2,0.0,True,24.73031,458.545098,0.0
2035-01-01,6,0,268,0.0,0.0,0.0,False,0.0,0.0,0.0
2035-01-01,6,0,269,0.0,0.0,0.0,False,0.0,0.0,0.0
2035-01-01,6,0,271,0.0,0.0,0.0,False,0.0,0.0,0.0
2035-01-01,6,0,280,559.0,559.0,0.0,True,3053.508502,18019.45524,0.0
2035-01-01,7,0,1,0.0,0.0,0.0,False,0.0,0.0,0.0
2035-01-01,7,0,2,0.0,0.0,0.0,False,0.0,0.0,0.0
2035-01-01,7,0,3,0.0,0.0,0.0,False,0.0,0.0,0.0
2035-01-01,7,0,4,176.4,176.4,0.0,True,683.355767,883.073902,0.0
2035-01-01,7,0,5,0.0,0.0,0.0,False,0.0,0.0,0.0
2035-01-01,7,0,6,0.0,0.0,0.0,False,0.0,0.0,0.0
2035-01-01,7,0,7,177.3,177.3,0.0,True,795.791919,887.579381,0.0
2035-01-01,7,0,8,0.0,0.0,0.0,False,0.0,0.0,0.0
2035-01-01,7,0,10,92.7,92.7,0.0,True,191.790772,533.778828,0.0
2035-01-01,7,0,11,0.0,0.0,0.0,False,0.0,0.0,0.0
2035-01-01,7,0,12,260.0,260.0,0.0,True,639.125553,1497.114296,0.0
2035-01-01,7,0,13,0.0,0.0,0.0,False,0.0,0.0,0.0
2035-01-01,7,0,14,22.0,6.6,0.0,True,3.655396,59.604132,0.0
2035-01-01,7,0,15,50.1,15.03,0.0,True,51.326952,135.734865,0.0
2035-01-01,7,0,16,0.0,0.0,0.0,False,0.0,0.0,0.0
2035-01-01,7,0,18,432.0,129.6,0.0,True,5883.25143,6676.397366,0.0
2035-01-01,7,0,25,0.0,0.0,0.0,False,0.0,0.0,0.0
2035-01-01,7,0,26,0.0,0.0,0.0,False,0.0,0.0,0.0
2035-01-01,7,0,27,0.0,0.0,0.0,False,0.0,0.0,0.0
2035-01-01,7,0,28,25.7,25.7,0.0,True,12.298273,128.656458,0.0
2035-01-01,7,0,44,108.0,108.0,0.0,True,212.552169,834.423017,0.0
2035-01-01,7,0,45,54.9,54.9,0.0,True,27.368889,640.332963,0.0
2035-01-01,7,0,47,60.0,60.0,0.0,True,74.152872,699.817446,0.0
2035-01-01,7,0,48,44.0,44.0,0.0,True,27.95747,513.19946,0.0
2035-01-01,7,0,49,191.7,191.7,447.3,True,857.474099,932.074348,0.0
2035-01-01,7,0,50,0.0,0.0,0.0,False,0.0,0.0,0.0
2035-01-01,7,0,51,242.0,242.0,0.0,True,1577.574231,4639.606336,0.0
2035-01-01,7,0,54,0.0,0.0,0.0,False,0.0,0.0,0.0
2035-01-01,7,0,60,201.6,201.6,0.0,True,581.078244,6536.371621,0.0
2035-01-01,7,0,61,201.0,201.0,0.0,True,965.414163,6516.918134,0.0
2035-01-01,7,0,62,283.2,283.2,0.0,True,1196.443307,9182.045849,0.0
2035-01-01,7,0,66,24.9,24.9,0.0,True,16.568484,815.781349,0.0
2035-01-01,7,0,70,191.1,191.1,0.0,True,773.477423,994.283054,0.0
2035-01-01,7,0,71,0.0,0.0,0.0,False,0.0,0.0,0.0
2035-01-01,7,0,72,0.0,0.0,0.0,False,0.0,0.0,0.0
2035-01-01,7,0,73,56.0,56.0,0.0,True,81.532526,291.364997,0.0
2035-01-01,7,0,75,34.2,34.2,79.8,True,136.457999,-214.994704,0.0
2035-01-01,7,0,76,0.0,0.0,0.0,False,0.0,0.0,0.0
2035-01-01,7,0,85,168.0,168.0,0.0,True,814.553371,3220.883738,0.0
2035-01-01,7,0,93,0.0,0.0,0.0,False,0.0,0.0,0.0
2035-01-01,7,0,94,63.1,63.1,0.0,True,111.9376,1209.748594,0.0
2035-01-01,7,0,98,150.0,150.0,0.0,True,463.01475,3790.134333,0.0
2035-01-01,7,0,100,185.61,618.7,433.09,True,803.85835,1481.508295,0.0
2035-01-01,7,0,105,0.0,0.0,0.0,False,0.0,0.0,0.0
2035-01-01,7,0,107,0.0,0.0,0.0,False,0.0,0.0,0.0
2035-01-01,7,0,108,0.0,0.0,0.0,False,0.0,0.0,0.0
2035-01-01,7,0,112,250.0,250.0,0.0,True,1589.204168,4866.084214,0.0
2035-01-01,7,0,114,0.0,0.0,0.0,False,0.0,0.0,0.0
2035-01-01,7,0,118,225.0,225.0,0.0,True,1295.449874,19628.266503,0.0
2035-01-01,7,0,121,1097.4,1097.4,0.0,True,12420.993732,45965.277561,0.0
2035-01-01,7,0,122,0.0,0.0,0.0,False,0.0,0.0,0.0
2035-01-01,7,0,124,31.125902,13.2,12.874098,True,12.558583,-73.889314,0.0
2035-01-01,7,0,129,0.0,0.0,0.0,False,0.0,0.0,0.0
2035-01-01,7,0,130,0.0,0.0,0.0,False,0.0,0.0,0.0
2035-01-01,7,0,137,200.0,200.0,0.0,True,651.776001,6534.494155,0.0
2035-01-01,7,0,138,201.6,201.6,0.0,True,687.122813,6586.770108,0.0
2035-01-01,7,0,144,52.1,52.1,0.0,True,84.457511,299.998672,0.0
2035-01-01,7,0,147,0.0,0.0,0.0,False,0.0,0.0,0.0
2035-01-01,7,0,148,13.9,13.9,0.0,True,1.914971,862.034171,0.0
2035-01-01,7,0,149,10.0,10.0,0.0,True,1.682046,604.636633,0.0
2035-01-01,7,0,150,10.0,10.0,0.0,True,2.295608,604.636633,0.0
2035-01-01,7,0,151,40.7,40.7,0.0,True,12.251072,2460.871098,0.0
2035-01-01,7,0,155,30.0,30.0,0.0,True,21.633804,145.86453,0.0
2035-01-01,7,0,156,0.0,0.0,0.0,False,0.0,0.0,0.0
2035-01-01,7,0,165,0.0,0.0,0.0,False,0.0,0.0,0.0
2035-01-01,7,0,166,0.0,0.0,0.0,False,0.0,0.0,0.0
2035-01-01,7,0,171,0.0,0.0,0.0,False,0.0,0.0,0.0
2035-01-01,7,0,174,126.611891,125.4,291.388109,True,4040.159347,440.635976,0.0
2035-01-01,7,0,175,852.2,852.2,0.0,True,56617.715591,16587.507869,0.0
2035-01-01,7,0,176,1201.994196,1156.200301,648.805804,True,88235.482685,23531.817132,0.0
2035-01-01,7,0,177,0.0,0.0,0.0,False,0.0,0.0,0.0
2035-01-01,7,0,178,0.0,0.0,0.0,False,0.0,0.0,0.0
2035-01-01,7,0,179,0.0,0.0,0.0,False,0.0,0.0,0.0
2035-01-01,7,0,180,0.0,0.0,0.0,False,0.0,0.0,0.0
2035-01-01,7,0,181,0.0,0.0,0.0,False,0.0,0.0,0.0
2035-01-01,7,0,182,0.0,0.0,0.0,False,0.0,0.0,0.0
2035-01-01,7,0,183,0.0,0.0,0.0,False,0.0,0.0,0.0
2035-01-01,7,0,184,0.0,0.0,0.0,False,0.0,0.0,0.0
2035-01-01,7,0,185,0.0,0.0,0.0,False,0.0,0.0,0.0
2035-01-01,7,0,186,1036.0,1036.0,0.0,True,17622.789048,26782.944294,0.0
2035-01-01,7,0,187,0.0,0.0,0.0,False,0.0,0.0,0.0
2035-01-01,7,0,189,0.0,0.0,0.0,False,0.0,0.0,0.0
2035-01-01,7,0,193,1734.0,1734.0,0.0,True,80380.674544,151268.507183,0.0
2035-01-01,7,0,195,0.0,0.0,0.0,False,0.0,0.0,0.0
2035-01-01,7,0,197,427.7,427.7,0.0,True,5294.998653,99807.976235,0.0
2035-01-01,7,0,201,0.0,0.0,0.0,False,0.0,0.0,0.0
2035-01-01,7,0,202,0.0,0.0,0.0,False,0.0,0.0,0.0
2035-01-01,7,0,203,0.0,0.0,0.0,False,0.0,0.0,0.0
2035-01-01,7,0,207,0.0,0.0,0.0,False,0.0,0.0,0.0
2035-01-01,7,0,208,153.9,153.9,0.0,True,426.47332,800.733448,0.0
2035-01-01,7,0,209,0.0,0.0,0.0,False,0.0,0.0,0.0
2035-01-01,7,0,211,0.0,0.0,0.0,False,0.0,0.0,0.0
2035-01-01,7,0,212,230.0,69.0,0.0,True,716.720586,560.717953,0.0
2035-01-01,7,0,213,35.0,35.0,0.0,True,12.593473,374.922131,0.0
2035-01-01,7,0,215,0.0,0.0,0.0,False,0.0,0.0,0.0
2035-01-01,7,0,216,48.0,48.0,0.0,True,51.944608,318.170155,0.0
2035-01-01,7,0,220,0.0,0.0,0.0,False,0.0,0.0,0.0
2035-01-01,7,0,222,0.0,0.0,0.0,False,0.0,0.0,0.0
2035-01-01,7,0,223,135.96,453.2,317.24,True,1047.490224,1265.605531,0.0
2035-01-01,7,0,224,0.0,0.0,0.0,False,0.0,0.0,0.0
2035-01-01,7,0,226,102.7,102.7,0.0,True,333.387037,534.342593,0.0
2035-01-01,7,0,227,0.0,0.0,0.0,False,0.0,0.0,0.0
2035-01-01,7,0,228,10.2,3.06,0.0,True,1.864236,15.909232,0.0
2035-01-01,7,0,229,275.49,275.49,642.81,True,1770.877269,-27.526816,0.0
2035-01-01,7,0,230,0.0,0.0,0.0,False,0.0,0.0,0.0
2035-01-01,7,0,231,101.9,101.9,0.0,True,198.503759,1953.619362,0.0
2035-01-01,7,0,232,0.0,0.0,0.0,False,0.0,0.0,0.0
2035-01-01,7,0,234,381.666126,643.6,261.933874,True,4150.840367,10813.486884,0.0
2035-01-01,7,0,235,0.0,0.0,0.0,False,0.0,0.0,0.0
2035-01-01,7,0,239,15.0,15.0,0.0,True,1.570803,112.194349,0.0
2035-01-01,7,0,241,0.0,0.0,0.0,False,0.0,0.0,0.0
2035-01-01,7,0,242,0.0,0.0,0.0,False,0.0,0.0,0.0
2035-01-01,7,0,243,376.9,376.9,0.0,True,3772.128609,2927.902233,0.0
2035-01-01,7,0,244,215.2,139.881801,0.0,True,1398.632914,1627.627193,0.0
2035-01-01,7,0,246,0.0,0.0,0.0,False,0.0,0.0,0.0
2035-01-01,7,0,250,0.0,0.0,0.0,False,0.0,0.0,0.0
2035-01-01,7,0,253,326.46,326.46,432.574514,True,6394.567897,10656.908999,0.0
2035-01-01,7,0,256,0.0,0.0,0.0,False,0.0,0.0,0.0
2035-01-01,7,0,257,229.6,161.865032,0.0,True,818.43493,1108.57732,0.0
2035-01-01,7,0,259,683.8667,267.6,208.1333,True,8156.537469,4922.947264,0.0
2035-01-01,7,0,261,0.0,0.0,0.0,False,0.0,0.0,0.0
2035-01-01,7,0,262,380.232171,517.0,136.767829,True,2999.268392,2983.422729,0.0
2035-01-01,7,0,263,263.6,263.6,0.0,True,556.551497,2036.610253,0.0
2035-01-01,7,0,264,44.2,44.2,0.0,True,24.73031,341.495346,0.0
2035-01-01,7,0,268,0.0,0.0,0.0,False,0.0,0.0,0.0
2035-01-01,7,0,269,0.0,0.0,0.0,False,0.0,0.0,0.0
2035-01-01,7,0,271,0.0,0.0,0.0,False,0.0,0.0,0.0
2035-01-01,7,0,280,559.0,559.0,0.0,True,3053.508502,23414.060649,0.0
2035-01-01,8,0,1,0.0,0.0,0.0,False,0.0,0.0,0.0
2035-01-01,8,0,2,0.0,0.0,0.0,False,0.0,0.0,0.0
2035-01-01,8,0,3,0.0,0.0,0.0,False,0.0,0.0,0.0
2035-01-01,8,0,4,176.4,176.4,0.0,True,683.355767,791.790686,0.0
2035-01-01,8,0,5,0.0,0.0,0.0,False,0.0,0.0,0.0
2035-01-01,8,0,6,0.0,0.0,0.0,False,0.0,0.0,0.0
2035-01-01,8,0,7,177.3,177.3,0.0,True,795.791919,795.830435,0.0
2035-01-01,8,0,8,0.0,0.0,0.0,False,0.0,0.0,0.0
2035-01-01,8,0,10,92.7,92.7,0.0,True,191.790772,451.647048,0.0
2035-01-01,8,0,11,0.0,0.0,0.0,False,0.0,0.0,0.0
2035-01-01,8,0,12,260.0,260.0,0.0,True,639.125553,1266.755474,0.0
2035-01-01,8,0,13,0.0,0.0,0.0,False,0.0,0.0,0.0
2035-01-01,8,0,14,6.6,6.6,15.4,True,1.742399,21.113486,0.0
2035-01-01,8,0,15,15.03,15.03,35.07,True,33.132132,48.081166,0.0
2035-01-01,8,0,16,0.0,0.0,0.0,False,0.0,0.0,0.0
2035-01-01,8,0,18,0.0,0.0,0.0,False,0.0,0.0,0.0
2035-01-01,8,0,25,0.0,0.0,0.0,False,0.0,0.0,0.0
2035-01-01,8,0,26,0.0,0.0,0.0,False,0.0,0.0,0.0
2035-01-01,8,0,27,0.0,0.0,0.0,False,0.0,0.0,0.0
2035-01-01,8,0,28,25.7,25.7,0.0,True,12.298273,115.35726,0.0
2035-01-01,8,0,44,108.0,108.0,0.0,True,212.552169,829.400674,0.0
2035-01-01,8,0,45,54.9,54.9,0.0,True,27.368889,541.059678,0.0
2035-01-01,8,0,47,60.0,60.0,0.0,True,74.152872,591.322053,0.0
2035-01-01,8,0,48,44.0,44.0,0.0,True,27.95747,433.636172,0.0
2035-01-01,8,0,49,191.7,191.7,447.3,True,857.474099,1000.260687,0.0
2035-01-01,8,0,50,0.0,0.0,0.0,False,0.0,0.0,0.0
2035-01-01,8,0,51,242.0,242.0,0.0,True,1577.574231,2781.294975,0.0
2035-01-01,8,0,54,0.0,0.0,0.0,False,0.0,0.0,0.0
2035-01-01,8,0,60,201.6,201.6,0.0,True,581.078244,3643.281764,0.0
2035-01-01,8,0,61,201.0,201.0,0.0,True,965.414163,3632.438663,0.0
2035-01-01,8,0,62,283.2,283.2,0.0,True,1196.443307,5117.94343,0.0
2035-01-01,8,0,66,24.9,24.9,0.0,True,16.568484,454.189862,0.0
2035-01-01,8,0,70,191.1,191.1,0.0,True,773.477423,876.958502,0.0
2035-01-01,8,0,71,0.0,0.0,0.0,False,0.0,0.0,0.0
2035-01-01,8,0,72,0.0,0.0,0.0,False,0.0,0.0,0.0
2035-01-01,8,0,73,56.0,56.0,0.0,True,81.532526,256.984177,0.0
2035-01-01,8,0,75,34.2,34.2,79.8,True,136.457999,-46.495399,0.0
2035-01-01,8,0,76,0.0,0.0,0.0,False,0.0,0.0,0.0
2035-01-01,8,0,85,168.0,168.0,0.0,True,814.553371,1930.816346,0.0
2035-01-01,8,0,93,0.0,0.0,0.0,False,0.0,0.0,0.0
2035-01-01,8,0,94,63.1,63.1,0.0,True,111.9376,725.205425,0.0
2035-01-01,8,0,98,150.0,150.0,0.0,True,463.01475,2331.633571,0.0
2035-01-01,8,0,100,618.7,618.7,0.0,True,4754.298376,4515.015416,0.0
2035-01-01,8,0,105,0.0,0.0,0.0,False,0.0,0.0,0.0
2035-01-01,8,0,107,0.0,0.0,0.0,False,0.0,0.0,0.0
2035-01-01,8,0,108,0.0,0.0,0.0,False,0.0,0.0,0.0
2035-01-01,8,0,112,250.0,250.0,0.0,True,1589.204168,5607.434154,0.0
2035-01-01,8,0,114,0.0,0.0,0.0,False,0.0,0.0,0.0
2035-01-01,8,0,118,225.0,225.0,0.0,True,1295.449874,20706.061373,0.0
2035-01-01,8,0,121,1097.4,1097.4,0.0,True,12420.993732,28247.00201,0.0
2035-01-01,8,0,122,72.99,72.99,0.0,True,376.217808,-535.992944,0.0
2035-01-01,8,0,124,13.2,13.2,30.8,True,3.484801,-17.945593,0.0
2035-01-01,8,0,129,0.0,0.0,0.0,False,0.0,0.0,0.0
2035-01-01,8,0,130,0.0,0.0,0.0,False,0.0,0.0,0.0
2035-01-01,8,0,137,200.0,200.0,0.0,True,651.776001,3639.191012,0.0
2035-01-01,8,0,138,201.6,201.6,0.0,True,687.122813,3668.30454,0.0
2035-01-01,8,0,144,52.1,52.1,0.0,True,84.457511,253.838309,0.0
2035-01-01,8,0,147,0.0,0.0,0.0,False,0.0,0.0,0.0
2035-01-01,8,0,148,13.9,13.9,0.0,True,1.914971,446.120208,0.0
2035-01-01,8,0,149,10.0,10.0,0.0,True,1.682046,313.649391,0.0
2035-01-01,8,0,150,10.0,10.0,0.0,True,2.295608,313.649391,0.0
2035-01-01,8,0,151,40.7,40.7,0.0,True,12.251072,1276.55302,0.0
2035-01-01,8,0,155,30.0,30.0,0.0,True,21.633804,156.535319,0.0
2035-01-01,8,0,156,0.0,0.0,0.0,False,0.0,0.0,0.0
2035-01-01,8,0,165,0.0,0.0,0.0,False,0.0,0.0,0.0
2035-01-01,8,0,166,278.25,278.25,0.0,True,5422.904375,1974.625613,0.0
2035-01-01,8,0,171,0.0,0.0,0.0,False,0.0,0.0,0.0
2035-01-01,8,0,174,154.825921,154.825921,263.174079,True,4134.096911,562.617413,0.0
2035-01-01,8,0,175,852.2,852.2,0.0,True,56617.715591,19114.621543,0.0
2035-01-01,8,0,176,1378.516802,1378.516802,472.283198,True,92194.83824,30919.768781,0.0
2035-01-01,8,0,177,0.0,0.0,0.0,False,0.0,0.0,0.0
2035-01-01,8,0,178,0.0,0.0,0.0,False,0.0,0.0,0.0
2035-01-01,8,0,179,0.0,0.0,0.0,False,0.0,0.0,0.0
2035-01-01,8,0,180,0.0,0.0,0.0,False,0.0,0.0,0.0
2035-01-01,8,0,181,0.0,0.0,0.0,False,0.0,0.0,0.0
2035-01-01,8,0,182,0.0,0.0,0.0,False,0.0,0.0,0.0
2035-01-01,8,0,183,0.0,0.0,0.0,False,0.0,0.0,0.0
2035-01-01,8,0,184,0.0,0.0,0.0,False,0.0,0.0,0.0
2035-01-01,8,0,185,0.0,0.0,0.0,False,0.0,0.0,0.0
2035-01-01,8,0,186,1036.0,1036.0,0.0,True,17622.789048,30995.157349,0.0
2035-01-01,8,0,187,0.0,0.0,0.0,False,0.0,0.0,0.0
2035-01-01,8,0,189,223.8,223.8,0.0,True,11857.080799,1588.216396,0.0
2035-01-01,8,0,193,1734.0,1734.0,0.0,True,80380.674544,159574.71298,0.0
2035-01-01,8,0,195,0.0,0.0,0.0,False,0.0,0.0,0.0
2035-01-01,8,0,197,427.7,427.7,0.0,True,5294.998653,102691.979589,0.0
2035-01-01,8,0,201,0.0,0.0,0.0,False,0.0,0.0,0.0
2035-01-01,8,0,202,0.0,0.0,0.0,False,0.0,0.0,0.0
2035-01-01,8,0,203,0.0,0.0,0.0,False,0.0,0.0,0.0
2035-01-01,8,0,207,0.0,0.0,0.0,False,0.0,0.0,0.0
2035-01-01,8,0,208,153.9,153.9,0.0,True,426.47332,706.247585,0.0
2035-01-01,8,0,209,0.0,0.0,0.0,False,0.0,0.0,0.0
2035-01-01,8,0,211,0.0,0.0,0.0,False,0.0,0.0,0.0
2035-01-01,8,0,212,69.0,69.0,161.0,True,444.36,209.780045,0.0
2035-01-01,8,0,213,35.0,35.0,0.0,True,12.593473,256.538157,0.0
