Date,Hour,Minute,Type,Solve Time
2035-07-01,0,0,SCED,0.06
2035-07-01,1,0,SCED,0.049
2035-07-01,2,0,SCED,0.063
2035-07-01,3,0,SCED,0.061
2035-07-01,4,0,SCED,0.046
2035-07-01,5,0,SCED,0.067
2035-07-01,6,0,SCED,0.069
2035-07-01,7,0,SCED,0.075
2035-07-01,8,0,SCED,0.068
2035-07-01,9,0,SCED,0.055
2035-07-01,10,0,SCED,0.065
2035-07-01,11,0,SCED,0.047
2035-07-01,12,0,SCED,0.054
2035-07-01,13,0,SCED,0.065
2035-07-01,14,0,SCED,0.061
2035-07-01,15,0,SCED,0.059
2035-07-01,16,0,SCED,0.071
2035-07-01,17,0,SCED,0.062
2035-07-01,18,0,SCED,0.054
2035-07-01,19,0,SCED,0.059
2035-07-01,20,0,SCED,0.057
2035-07-01,21,0,SCED,0.065
2035-07-01,22,0,SCED,0.05
2035-07-01,23,0,SCED,0.053
2035-07-02,0,0,SCED,0.058
2035-07-02,1,0,SCED,0.049
2035-07-02,2,0,SCED,0.055
2035-07-02,3,0,SCED,0.058
2035-07-02,4,0,SCED,0.064
2035-07-02,5,0,SCED,0.057
2035-07-02,6,0,SCED,0.048
2035-07-02,7,0,SCED,0.049
2035-07-02,8,0,SCED,0.069
2035-07-02,9,0,SCED,0.048
2035-07-02,10,0,SCED,0.046
2035-07-02,11,0,SCED,0.056
2035-07-02,12,0,SCED,0.052
2035-07-02,13,0,SCED,0.089
2035-07-02,14,0,SCED,0.074
2035-07-02,15,0,SCED,0.068
2035-07-02,16,0,SCED,0.064
2035-07-02,17,0,SCED,0.075
2035-07-02,18,0,SCED,0.068
2035-07-02,19,0,SCED,0.061
2035-07-02,20,0,SCED,0.045
2035-07-02,21,0,SCED,0.078
2035-07-02,22,0,SCED,0.047
2035-07-02,23,0,SCED,0.056
2035-07-03,0,0,SCED,0.059
2035-07-03,1,0,SCED,0.106
2035-07-03,2,0,SCED,0.107
2035-07-03,3,0,SCED,0.062
2035-07-03,4,0,SCED,0.048
2035-07-03,5,0,SCED,0.045
2035-07-03,6,0,SCED,0.06
2035-07-03,7,0,SCED,0.049
2035-07-03,8,0,SCED,0.06
2035-07-03,9,0,SCED,0.065
2035-07-03,10,0,SCED,0.062
2035-07-03,11,0,SCED,0.065
2035-07-03,12,0,SCED,0.057
2035-07-03,13,0,SCED,0.055
2035-07-03,14,0,SCED,0.067
2035-07-03,15,0,SCED,0.069
2035-07-03,16,0,SCED,0.053
2035-07-03,17,0,SCED,0.101
2035-07-03,18,0,SCED,0.055
2035-07-03,19,0,SCED,0.061
2035-07-03,20,0,SCED,0.074
2035-07-03,21,0,SCED,0.062
2035-07-03,22,0,SCED,0.074
2035-07-03,23,0,SCED,0.073
2035-07-04,0,0,SCED,0.063
2035-07-04,1,0,SCED,0.06
2035-07-04,2,0,SCED,0.064
2035-07-04,3,0,SCED,0.06
2035-07-04,4,0,SCED,0.062
2035-07-04,5,0,SCED,0.048
2035-07-04,6,0,SCED,0.061
2035-07-04,7,0,SCED,0.063
2035-07-04,8,0,SCED,0.067
2035-07-04,9,0,SCED,0.086
2035-07-04,10,0,SCED,0.079
2035-07-04,11,0,SCED,0.077
2035-07-04,12,0,SCED,0.057
2035-07-04,13,0,SCED,0.065
2035-07-04,14,0,SCED,0.05
2035-07-04,15,0,SCED,0.082
2035-07-04,16,0,SCED,0.064
2035-07-04,17,0,SCED,0.062
2035-07-04,18,0,SCED,0.066
2035-07-04,19,0,SCED,0.049
2035-07-04,20,0,SCED,0.07
2035-07-04,21,0,SCED,0.055
2035-07-04,22,0,SCED,0.047
2035-07-04,23,0,SCED,0.061
2035-07-05,0,0,SCED,0.084
2035-07-05,1,0,SCED,0.051
2035-07-05,2,0,SCED,0.05
2035-07-05,3,0,SCED,0.059
2035-07-05,4,0,SCED,0.062
2035-07-05,5,0,SCED,0.063
2035-07-05,6,0,SCED,0.072
2035-07-05,7,0,SCED,0.065
2035-07-05,8,0,SCED,0.06
2035-07-05,9,0,SCED,0.074
2035-07-05,10,0,SCED,0.072
2035-07-05,11,0,SCED,0.077
2035-07-05,12,0,SCED,0.086
2035-07-05,13,0,SCED,0.061
2035-07-05,14,0,SCED,0.056
2035-07-05,15,0,SCED,0.092
2035-07-05,16,0,SCED,0.087
2035-07-05,17,0,SCED,0.073
2035-07-05,18,0,SCED,0.065
2035-07-05,19,0,SCED,0.065
2035-07-05,20,0,SCED,0.051
2035-07-05,21,0,SCED,0.05
2035-07-05,22,0,SCED,0.048
2035-07-05,23,0,SCED,0.056
2035-07-06,0,0,SCED,0.075
2035-07-06,1,0,SCED,0.083
2035-07-06,2,0,SCED,0.052
2035-07-06,3,0,SCED,0.087
2035-07-06,4,0,SCED,0.068
2035-07-06,5,0,SCED,0.06
2035-07-06,6,0,SCED,0.077
2035-07-06,7,0,SCED,0.049
2035-07-06,8,0,SCED,0.065
2035-07-06,9,0,SCED,0.054
2035-07-06,10,0,SCED,0.07
2035-07-06,11,0,SCED,0.061
2035-07-06,12,0,SCED,0.067
2035-07-06,13,0,SCED,0.067
2035-07-06,14,0,SCED,0.058
2035-07-06,15,0,SCED,0.063
2035-07-06,16,0,SCED,0.065
2035-07-06,17,0,SCED,0.06
2035-07-06,18,0,SCED,0.067
2035-07-06,19,0,SCED,0.051
2035-07-06,20,0,SCED,0.088
2035-07-06,21,0,SCED,0.09
2035-07-06,22,0,SCED,0.064
2035-07-06,23,0,SCED,0.062
2035-07-07,0,0,SCED,0.057
2035-07-07,1,0,SCED,0.052
2035-07-07,2,0,SCED,0.063
2035-07-07,3,0,SCED,0.064
2035-07-07,4,0,SCED,0.095
2035-07-07,5,0,SCED,0.06
2035-07-07,6,0,SCED,0.051
2035-07-07,7,0,SCED,0.075
2035-07-07,8,0,SCED,0.077
2035-07-07,9,0,SCED,0.078
2035-07-07,10,0,SCED,0.053
2035-07-07,11,0,SCED,0.073
2035-07-07,12,0,SCED,0.079
2035-07-07,13,0,SCED,0.067
2035-07-07,14,0,SCED,0.062
2035-07-07,15,0,SCED,0.066
2035-07-07,16,0,SCED,0.074
2035-07-07,17,0,SCED,0.066
2035-07-07,18,0,SCED,0.053
2035-07-07,19,0,SCED,0.078
2035-07-07,20,0,SCED,0.06
2035-07-07,21,0,SCED,0.065
2035-07-07,22,0,SCED,0.061
2035-07-07,23,0,SCED,0.06
2035-07-08,0,0,SCED,0.072
2035-07-08,1,0,SCED,0.07
2035-07-08,2,0,SCED,0.063
2035-07-08,3,0,SCED,0.088
2035-07-08,4,0,SCED,0.05
2035-07-08,5,0,SCED,0.064
2035-07-08,6,0,SCED,0.062
2035-07-08,7,0,SCED,0.068
2035-07-08,8,0,SCED,0.066
2035-07-08,9,0,SCED,0.076
2035-07-08,10,0,SCED,0.054
2035-07-08,11,0,SCED,0.081
2035-07-08,12,0,SCED,0.07
2035-07-08,13,0,SCED,0.066
2035-07-08,14,0,SCED,0.063
2035-07-08,15,0,SCED,0.061
2035-07-08,16,0,SCED,0.079
2035-07-08,17,0,SCED,0.045
2035-07-08,18,0,SCED,0.061
2035-07-08,19,0,SCED,0.06
2035-07-08,20,0,SCED,0.046
2035-07-08,21,0,SCED,0.069
2035-07-08,22,0,SCED,0.065
2035-07-08,23,0,SCED,0.061
2035-07-09,0,0,SCED,0.048
2035-07-09,1,0,SCED,0.064
2035-07-09,2,0,SCED,0.056
2035-07-09,3,0,SCED,0.061
2035-07-09,4,0,SCED,0.073
2035-07-09,5,0,SCED,0.063
2035-07-09,6,0,SCED,0.06
2035-07-09,7,0,SCED,0.077
2035-07-09,8,0,SCED,0.056
2035-07-09,9,0,SCED,0.067
2035-07-09,10,0,SCED,0.06
2035-07-09,11,0,SCED,0.104
2035-07-09,12,0,SCED,0.067
2035-07-09,13,0,SCED,0.066
2035-07-09,14,0,SCED,0.085
2035-07-09,15,0,SCED,0.068
2035-07-09,16,0,SCED,0.098
2035-07-09,17,0,SCED,0.055
2035-07-09,18,0,SCED,0.075
2035-07-09,19,0,SCED,0.056
2035-07-09,20,0,SCED,0.063
2035-07-09,21,0,SCED,0.061
2035-07-09,22,0,SCED,0.047
2035-07-09,23,0,SCED,0.053
2035-07-10,0,0,SCED,0.09
2035-07-10,1,0,SCED,0.05
2035-07-10,2,0,SCED,0.063
2035-07-10,3,0,SCED,0.061
2035-07-10,4,0,SCED,0.105
2035-07-10,5,0,SCED,0.067
2035-07-10,6,0,SCED,0.057
2035-07-10,7,0,SCED,0.101
2035-07-10,8,0,SCED,0.069
2035-07-10,9,0,SCED,0.067
2035-07-10,10,0,SCED,0.074
2035-07-10,11,0,SCED,0.08
2035-07-10,12,0,SCED,0.094
2035-07-10,13,0,SCED,0.063
2035-07-10,14,0,SCED,0.065
2035-07-10,15,0,SCED,0.059
2035-07-10,16,0,SCED,0.074
2035-07-10,17,0,SCED,0.061
2035-07-10,18,0,SCED,0.053
2035-07-10,19,0,SCED,0.073
2035-07-10,20,0,SCED,0.052
2035-07-10,21,0,SCED,0.074
2035-07-10,22,0,SCED,0.066
2035-07-10,23,0,SCED,0.065
2035-07-11,0,0,SCED,0.046
2035-07-11,1,0,SCED,0.066
2035-07-11,2,0,SCED,0.075
2035-07-11,3,0,SCED,0.059
2035-07-11,4,0,SCED,0.068
2035-07-11,5,0,SCED,0.052
2035-07-11,6,0,SCED,0.055
2035-07-11,7,0,SCED,0.055
2035-07-11,8,0,SCED,0.07
2035-07-11,9,0,SCED,0.056
2035-07-11,10,0,SCED,0.079
2035-07-11,11,0,SCED,0.068
2035-07-11,12,0,SCED,0.062
2035-07-11,13,0,SCED,0.055
2035-07-11,14,0,SCED,0.117
2035-07-11,15,0,SCED,0.065
2035-07-11,16,0,SCED,0.07
2035-07-11,17,0,SCED,0.058
2035-07-11,18,0,SCED,0.066
2035-07-11,19,0,SCED,0.062
2035-07-11,20,0,SCED,0.065
2035-07-11,21,0,SCED,0.089
2035-07-11,22,0,SCED,0.055
2035-07-11,23,0,SCED,0.053
2035-07-12,0,0,SCED,0.049
2035-07-12,1,0,SCED,0.065
2035-07-12,2,0,SCED,0.065
2035-07-12,3,0,SCED,0.065
2035-07-12,4,0,SCED,0.057
2035-07-12,5,0,SCED,0.064
2035-07-12,6,0,SCED,0.072
2035-07-12,7,0,SCED,0.062
2035-07-12,8,0,SCED,0.062
2035-07-12,9,0,SCED,0.065
2035-07-12,10,0,SCED,0.066
2035-07-12,11,0,SCED,0.061
2035-07-12,12,0,SCED,0.064
2035-07-12,13,0,SCED,0.105
2035-07-12,14,0,SCED,0.068
2035-07-12,15,0,SCED,0.072
2035-07-12,16,0,SCED,0.081
2035-07-12,17,0,SCED,0.121
2035-07-12,18,0,SCED,0.065
2035-07-12,19,0,SCED,0.085
2035-07-12,20,0,SCED,0.047
2035-07-12,21,0,SCED,0.054
2035-07-12,22,0,SCED,0.063
2035-07-12,23,0,SCED,0.064
2035-07-13,0,0,SCED,0.065
2035-07-13,1,0,SCED,0.056
2035-07-13,2,0,SCED,0.086
2035-07-13,3,0,SCED,0.056
2035-07-13,4,0,SCED,0.092
2035-07-13,5,0,SCED,0.053
2035-07-13,6,0,SCED,0.067
2035-07-13,7,0,SCED,0.074
2035-07-13,8,0,SCED,0.054
2035-07-13,9,0,SCED,0.07
2035-07-13,10,0,SCED,0.074
2035-07-13,11,0,SCED,0.071
2035-07-13,12,0,SCED,0.095
2035-07-13,13,0,SCED,0.058
2035-07-13,14,0,SCED,0.068
2035-07-13,15,0,SCED,0.07
2035-07-13,16,0,SCED,0.107
2035-07-13,17,0,SCED,0.09
2035-07-13,18,0,SCED,0.1
2035-07-13,19,0,SCED,0.079
2035-07-13,20,0,SCED,0.066
2035-07-13,21,0,SCED,0.06
2035-07-13,22,0,SCED,0.056
2035-07-13,23,0,SCED,0.067
2035-07-14,0,0,SCED,0.054
2035-07-14,1,0,SCED,0.087
2035-07-14,2,0,SCED,0.055
2035-07-14,3,0,SCED,0.061
2035-07-14,4,0,SCED,0.063
2035-07-14,5,0,SCED,0.052
2035-07-14,6,0,SCED,0.062
2035-07-14,7,0,SCED,0.051
2035-07-14,8,0,SCED,0.107
2035-07-14,9,0,SCED,0.075
2035-07-14,10,0,SCED,0.057
2035-07-14,11,0,SCED,0.055
2035-07-14,12,0,SCED,0.066
2035-07-14,13,0,SCED,0.052
2035-07-14,14,0,SCED,0.047
2035-07-14,15,0,SCED,0.064
2035-07-14,16,0,SCED,0.049
2035-07-14,17,0,SCED,0.08
2035-07-14,18,0,SCED,0.072
2035-07-14,19,0,SCED,0.044
2035-07-14,20,0,SCED,0.06
2035-07-14,21,0,SCED,0.07
2035-07-14,22,0,SCED,0.081
2035-07-14,23,0,SCED,0.049
2035-07-15,0,0,SCED,0.063
2035-07-15,1,0,SCED,0.068
2035-07-15,2,0,SCED,0.096
2035-07-15,3,0,SCED,0.046
2035-07-15,4,0,SCED,0.047
2035-07-15,5,0,SCED,0.064
2035-07-15,6,0,SCED,0.073
2035-07-15,7,0,SCED,0.065
2035-07-15,8,0,SCED,0.067
2035-07-15,9,0,SCED,0.066
2035-07-15,10,0,SCED,0.071
2035-07-15,11,0,SCED,0.096
2035-07-15,12,0,SCED,0.065
2035-07-15,13,0,SCED,0.096
2035-07-15,14,0,SCED,0.053
2035-07-15,15,0,SCED,0.073
2035-07-15,16,0,SCED,0.079
2035-07-15,17,0,SCED,0.065
2035-07-15,18,0,SCED,0.07
2035-07-15,19,0,SCED,0.059
2035-07-15,20,0,SCED,0.062
2035-07-15,21,0,SCED,0.068
2035-07-15,22,0,SCED,0.045
2035-07-15,23,0,SCED,0.082
2035-07-16,0,0,SCED,0.058
2035-07-16,1,0,SCED,0.052
2035-07-16,2,0,SCED,0.08
2035-07-16,3,0,SCED,0.078
2035-07-16,4,0,SCED,0.061
2035-07-16,5,0,SCED,0.051
2035-07-16,6,0,SCED,0.048
2035-07-16,7,0,SCED,0.09
2035-07-16,8,0,SCED,0.107
2035-07-16,9,0,SCED,0.065
2035-07-16,10,0,SCED,0.059
2035-07-16,11,0,SCED,0.127
2035-07-16,12,0,SCED,0.081
2035-07-16,13,0,SCED,0.058
2035-07-16,14,0,SCED,0.083
2035-07-16,15,0,SCED,0.067
2035-07-16,16,0,SCED,0.122
2035-07-16,17,0,SCED,0.073
2035-07-16,18,0,SCED,0.067
2035-07-16,19,0,SCED,0.049
2035-07-16,20,0,SCED,0.049
2035-07-16,21,0,SCED,0.084
2035-07-16,22,0,SCED,0.064
2035-07-16,23,0,SCED,0.063
2035-07-17,0,0,SCED,0.072
2035-07-17,1,0,SCED,0.066
2035-07-17,2,0,SCED,0.057
2035-07-17,3,0,SCED,0.061
2035-07-17,4,0,SCED,0.088
2035-07-17,5,0,SCED,0.064
2035-07-17,6,0,SCED,0.062
2035-07-17,7,0,SCED,0.062
2035-07-17,8,0,SCED,0.067
2035-07-17,9,0,SCED,0.104
2035-07-17,10,0,SCED,0.056
2035-07-17,11,0,SCED,0.068
2035-07-17,12,0,SCED,0.095
2035-07-17,13,0,SCED,0.077
2035-07-17,14,0,SCED,0.059
2035-07-17,15,0,SCED,0.091
2035-07-17,16,0,SCED,0.06
2035-07-17,17,0,SCED,0.064
2035-07-17,18,0,SCED,0.062
2035-07-17,19,0,SCED,0.066
2035-07-17,20,0,SCED,0.066
2035-07-17,21,0,SCED,0.062
2035-07-17,22,0,SCED,0.1
2035-07-17,23,0,SCED,0.052
2035-07-18,0,0,SCED,0.088
2035-07-18,1,0,SCED,0.083
2035-07-18,2,0,SCED,0.064
2035-07-18,3,0,SCED,0.058
2035-07-18,4,0,SCED,0.051
2035-07-18,5,0,SCED,0.061
2035-07-18,6,0,SCED,0.059
2035-07-18,7,0,SCED,0.059
2035-07-18,8,0,SCED,0.065
2035-07-18,9,0,SCED,0.049
2035-07-18,10,0,SCED,0.049
2035-07-18,11,0,SCED,0.066
2035-07-18,12,0,SCED,0.097
2035-07-18,13,0,SCED,0.065
2035-07-18,14,0,SCED,0.065
2035-07-18,15,0,SCED,0.052
2035-07-18,16,0,SCED,0.05
2035-07-18,17,0,SCED,0.078
2035-07-18,18,0,SCED,0.066
2035-07-18,19,0,SCED,0.106
2035-07-18,20,0,SCED,0.065
2035-07-18,21,0,SCED,0.06
2035-07-18,22,0,SCED,0.053
2035-07-18,23,0,SCED,0.085
2035-07-19,0,0,SCED,0.093
2035-07-19,1,0,SCED,0.046
2035-07-19,2,0,SCED,0.056
2035-07-19,3,0,SCED,0.086
2035-07-19,4,0,SCED,0.062
2035-07-19,5,0,SCED,0.051
2035-07-19,6,0,SCED,0.061
2035-07-19,7,0,SCED,0.091
2035-07-19,8,0,SCED,0.071
2035-07-19,9,0,SCED,0.09
2035-07-19,10,0,SCED,0.062
2035-07-19,11,0,SCED,0.118
2035-07-19,12,0,SCED,0.086
2035-07-19,13,0,SCED,0.088
2035-07-19,14,0,SCED,0.077
2035-07-19,15,0,SCED,0.063
2035-07-19,16,0,SCED,0.058
2035-07-19,17,0,SCED,0.051
2035-07-19,18,0,SCED,0.091
2035-07-19,19,0,SCED,0.067
2035-07-19,20,0,SCED,0.062
2035-07-19,21,0,SCED,0.062
2035-07-19,22,0,SCED,0.066
2035-07-19,23,0,SCED,0.074
2035-07-20,0,0,SCED,0.063
2035-07-20,1,0,SCED,0.053
2035-07-20,2,0,SCED,0.064
2035-07-20,3,0,SCED,0.059
2035-07-20,4,0,SCED,0.065
2035-07-20,5,0,SCED,0.064
2035-07-20,6,0,SCED,0.086
2035-07-20,7,0,SCED,0.051
2035-07-20,8,0,SCED,0.052
2035-07-20,9,0,SCED,0.052
2035-07-20,10,0,SCED,0.06
2035-07-20,11,0,SCED,0.077
2035-07-20,12,0,SCED,0.068
2035-07-20,13,0,SCED,0.066
2035-07-20,14,0,SCED,0.072
2035-07-20,15,0,SCED,0.096
2035-07-20,16,0,SCED,0.059
2035-07-20,17,0,SCED,0.056
2035-07-20,18,0,SCED,0.065
2035-07-20,19,0,SCED,0.07
2035-07-20,20,0,SCED,0.06
2035-07-20,21,0,SCED,0.07
2035-07-20,22,0,SCED,0.083
2035-07-20,23,0,SCED,0.074
2035-07-21,0,0,SCED,0.059
2035-07-21,1,0,SCED,0.062
2035-07-21,2,0,SCED,0.064
2035-07-21,3,0,SCED,0.075
2035-07-21,4,0,SCED,0.07
2035-07-21,5,0,SCED,0.054
2035-07-21,6,0,SCED,0.059
2035-07-21,7,0,SCED,0.08
2035-07-21,8,0,SCED,0.103
2035-07-21,9,0,SCED,0.104
2035-07-21,10,0,SCED,0.086
2035-07-21,11,0,SCED,0.085
2035-07-21,12,0,SCED,0.067
2035-07-21,13,0,SCED,0.079
2035-07-21,14,0,SCED,0.058
2035-07-21,15,0,SCED,0.066
2035-07-21,16,0,SCED,0.066
2035-07-21,17,0,SCED,0.056
2035-07-21,18,0,SCED,0.113
2035-07-21,19,0,SCED,0.065
2035-07-21,20,0,SCED,0.05
2035-07-21,21,0,SCED,0.056
2035-07-21,22,0,SCED,0.103
2035-07-21,23,0,SCED,0.084
2035-07-22,0,0,SCED,0.055
2035-07-22,1,0,SCED,0.122
2035-07-22,2,0,SCED,0.063
2035-07-22,3,0,SCED,0.085
2035-07-22,4,0,SCED,0.102
2035-07-22,5,0,SCED,0.081
2035-07-22,6,0,SCED,0.086
2035-07-22,7,0,SCED,0.066
2035-07-22,8,0,SCED,0.079
2035-07-22,9,0,SCED,0.064
2035-07-22,10,0,SCED,0.068
2035-07-22,11,0,SCED,0.064
2035-07-22,12,0,SCED,0.051
2035-07-22,13,0,SCED,0.066
2035-07-22,14,0,SCED,0.066
2035-07-22,15,0,SCED,0.089
2035-07-22,16,0,SCED,0.078
2035-07-22,17,0,SCED,0.062
2035-07-22,18,0,SCED,0.06
2035-07-22,19,0,SCED,0.099
2035-07-22,20,0,SCED,0.069
2035-07-22,21,0,SCED,0.058
2035-07-22,22,0,SCED,0.069
2035-07-22,23,0,SCED,0.061
2035-07-23,0,0,SCED,0.063
2035-07-23,1,0,SCED,0.088
2035-07-23,2,0,SCED,0.063
2035-07-23,3,0,SCED,0.073
2035-07-23,4,0,SCED,0.057
2035-07-23,5,0,SCED,0.056
2035-07-23,6,0,SCED,0.066
2035-07-23,7,0,SCED,0.115
2035-07-23,8,0,SCED,0.129
2035-07-23,9,0,SCED,0.053
2035-07-23,10,0,SCED,0.156
2035-07-23,11,0,SCED,0.054
2035-07-23,12,0,SCED,0.068
2035-07-23,13,0,SCED,0.066
2035-07-23,14,0,SCED,0.117
2035-07-23,15,0,SCED,0.065
2035-07-23,16,0,SCED,0.089
2035-07-23,17,0,SCED,0.054
2035-07-23,18,0,SCED,0.061
2035-07-23,19,0,SCED,0.054
2035-07-23,20,0,SCED,0.058
2035-07-23,21,0,SCED,0.059
2035-07-23,22,0,SCED,0.079
2035-07-23,23,0,SCED,0.111
2035-07-24,0,0,SCED,0.069
2035-07-24,1,0,SCED,0.075
2035-07-24,2,0,SCED,0.067
2035-07-24,3,0,SCED,0.054
2035-07-24,4,0,SCED,0.061
2035-07-24,5,0,SCED,0.087
2035-07-24,6,0,SCED,0.09
2035-07-24,7,0,SCED,0.063
2035-07-24,8,0,SCED,0.099
2035-07-24,9,0,SCED,0.09
2035-07-24,10,0,SCED,0.071
2035-07-24,11,0,SCED,0.076
2035-07-24,12,0,SCED,0.085
2035-07-24,13,0,SCED,0.068
2035-07-24,14,0,SCED,0.056
2035-07-24,15,0,SCED,0.07
2035-07-24,16,0,SCED,0.067
2035-07-24,17,0,SCED,0.061
2035-07-24,18,0,SCED,0.096
2035-07-24,19,0,SCED,0.062
2035-07-24,20,0,SCED,0.065
2035-07-24,21,0,SCED,0.069
2035-07-24,22,0,SCED,0.091
2035-07-24,23,0,SCED,0.049
2035-07-25,0,0,SCED,0.052
2035-07-25,1,0,SCED,0.131
2035-07-25,2,0,SCED,0.075
2035-07-25,3,0,SCED,0.056
2035-07-25,4,0,SCED,0.047
2035-07-25,5,0,SCED,0.049
2035-07-25,6,0,SCED,0.056
2035-07-25,7,0,SCED,0.054
2035-07-25,8,0,SCED,0.07
2035-07-25,9,0,SCED,0.074
2035-07-25,10,0,SCED,0.068
2035-07-25,11,0,SCED,0.057
2035-07-25,12,0,SCED,0.052
2035-07-25,13,0,SCED,0.067
2035-07-25,14,0,SCED,0.077
2035-07-25,15,0,SCED,0.061
2035-07-25,16,0,SCED,0.074
2035-07-25,17,0,SCED,0.066
2035-07-25,18,0,SCED,0.064
2035-07-25,19,0,SCED,0.063
2035-07-25,20,0,SCED,0.054
2035-07-25,21,0,SCED,0.051
2035-07-25,22,0,SCED,0.047
2035-07-25,23,0,SCED,0.075
2035-07-26,0,0,SCED,0.062
2035-07-26,1,0,SCED,0.071
2035-07-26,2,0,SCED,0.055
2035-07-26,3,0,SCED,0.118
2035-07-26,4,0,SCED,0.079
2035-07-26,5,0,SCED,0.106
2035-07-26,6,0,SCED,0.058
2035-07-26,7,0,SCED,0.055
2035-07-26,8,0,SCED,0.091
2035-07-26,9,0,SCED,0.093
2035-07-26,10,0,SCED,0.081
2035-07-26,11,0,SCED,0.054
2035-07-26,12,0,SCED,0.057
2035-07-26,13,0,SCED,0.098
2035-07-26,14,0,SCED,0.052
2035-07-26,15,0,SCED,0.057
2035-07-26,16,0,SCED,0.06
2035-07-26,17,0,SCED,0.054
2035-07-26,18,0,SCED,0.074
2035-07-26,19,0,SCED,0.094
2035-07-26,20,0,SCED,0.086
2035-07-26,21,0,SCED,0.062
2035-07-26,22,0,SCED,0.059
2035-07-26,23,0,SCED,0.055
2035-07-27,0,0,SCED,0.066
2035-07-27,1,0,SCED,0.065
2035-07-27,2,0,SCED,0.077
2035-07-27,3,0,SCED,0.058
2035-07-27,4,0,SCED,0.05
2035-07-27,5,0,SCED,0.049
2035-07-27,6,0,SCED,0.062
2035-07-27,7,0,SCED,0.047
2035-07-27,8,0,SCED,0.086
2035-07-27,9,0,SCED,0.06
2035-07-27,10,0,SCED,0.066
2035-07-27,11,0,SCED,0.086
2035-07-27,12,0,SCED,0.057
2035-07-27,13,0,SCED,0.068
2035-07-27,14,0,SCED,0.141
2035-07-27,15,0,SCED,0.074
2035-07-27,16,0,SCED,0.07
2035-07-27,17,0,SCED,0.056
2035-07-27,18,0,SCED,0.066
2035-07-27,19,0,SCED,0.058
2035-07-27,20,0,SCED,0.062
2035-07-27,21,0,SCED,0.064
2035-07-27,22,0,SCED,0.077
2035-07-27,23,0,SCED,0.06
2035-07-28,0,0,SCED,0.087
2035-07-28,1,0,SCED,0.056
2035-07-28,2,0,SCED,0.061
2035-07-28,3,0,SCED,0.085
2035-07-28,4,0,SCED,0.067
2035-07-28,5,0,SCED,0.062
2035-07-28,6,0,SCED,0.064
2035-07-28,7,0,SCED,0.062
2035-07-28,8,0,SCED,0.074
2035-07-28,9,0,SCED,0.105
2035-07-28,10,0,SCED,0.085
2035-07-28,11,0,SCED,0.058
2035-07-28,12,0,SCED,0.087
2035-07-28,13,0,SCED,0.06
2035-07-28,14,0,SCED,0.066
2035-07-28,15,0,SCED,0.05
2035-07-28,16,0,SCED,0.067
2035-07-28,17,0,SCED,0.083
2035-07-28,18,0,SCED,0.079
2035-07-28,19,0,SCED,0.066
2035-07-28,20,0,SCED,0.081
2035-07-28,21,0,SCED,0.08
2035-07-28,22,0,SCED,0.05
2035-07-28,23,0,SCED,0.065
2035-07-29,0,0,SCED,0.066
2035-07-29,1,0,SCED,0.061
2035-07-29,2,0,SCED,0.057
2035-07-29,3,0,SCED,0.056
2035-07-29,4,0,SCED,0.061
2035-07-29,5,0,SCED,0.082
2035-07-29,6,0,SCED,0.053
2035-07-29,7,0,SCED,0.065
2035-07-29,8,0,SCED,0.066
2035-07-29,9,0,SCED,0.077
2035-07-29,10,0,SCED,0.099
2035-07-29,11,0,SCED,0.076
2035-07-29,12,0,SCED,0.067
2035-07-29,13,0,SCED,0.099
2035-07-29,14,0,SCED,0.066
2035-07-29,15,0,SCED,0.069
2035-07-29,16,0,SCED,0.103
2035-07-29,17,0,SCED,0.052
2035-07-29,18,0,SCED,0.078
2035-07-29,19,0,SCED,0.079
2035-07-29,20,0,SCED,0.053
2035-07-29,21,0,SCED,0.093
2035-07-29,22,0,SCED,0.081
2035-07-29,23,0,SCED,0.051
2035-07-30,0,0,SCED,0.061
2035-07-30,1,0,SCED,0.072
2035-07-30,2,0,SCED,0.095
2035-07-30,3,0,SCED,0.094
2035-07-30,4,0,SCED,0.056
2035-07-30,5,0,SCED,0.092
2035-07-30,6,0,SCED,0.059
2035-07-30,7,0,SCED,0.059
2035-07-30,8,0,SCED,0.062
2035-07-30,9,0,SCED,0.068
2035-07-30,10,0,SCED,0.078
2035-07-30,11,0,SCED,0.067
2035-07-30,12,0,SCED,0.071
2035-07-30,13,0,SCED,0.094
2035-07-30,14,0,SCED,0.063
2035-07-30,15,0,SCED,0.072
2035-07-30,16,0,SCED,0.08
2035-07-30,17,0,SCED,0.071
2035-07-30,18,0,SCED,0.089
2035-07-30,19,0,SCED,0.053
2035-07-30,20,0,SCED,0.058
2035-07-30,21,0,SCED,0.08
2035-07-30,22,0,SCED,0.05
2035-07-30,23,0,SCED,0.068
2035-07-31,0,0,SCED,0.047
2035-07-31,1,0,SCED,0.056
2035-07-31,2,0,SCED,0.051
2035-07-31,3,0,SCED,0.072
2035-07-31,4,0,SCED,0.062
2035-07-31,5,0,SCED,0.062
2035-07-31,6,0,SCED,0.073
2035-07-31,7,0,SCED,0.078
2035-07-31,8,0,SCED,0.063
2035-07-31,9,0,SCED,0.066
2035-07-31,10,0,SCED,0.056
2035-07-31,11,0,SCED,0.069
2035-07-31,12,0,SCED,0.055
2035-07-31,13,0,SCED,0.058
2035-07-31,14,0,SCED,0.073
2035-07-31,15,0,SCED,0.068
2035-07-31,16,0,SCED,0.065
2035-07-31,17,0,SCED,0.078
2035-07-31,18,0,SCED,0.07
2035-07-31,19,0,SCED,0.059
2035-07-31,20,0,SCED,0.106
2035-07-31,21,0,SCED,0.058
2035-07-31,22,0,SCED,0.05
2035-07-31,23,0,SCED,0.066
2035-08-01,0,0,SCED,0.071
2035-08-01,1,0,SCED,0.068
2035-08-01,2,0,SCED,0.059
2035-08-01,3,0,SCED,0.054
2035-08-01,4,0,SCED,0.082
2035-08-01,5,0,SCED,0.099
2035-08-01,6,0,SCED,0.071
2035-08-01,7,0,SCED,0.069
2035-08-01,8,0,SCED,0.081
2035-08-01,9,0,SCED,0.104
2035-08-01,10,0,SCED,0.089
2035-08-01,11,0,SCED,0.06
2035-08-01,12,0,SCED,0.072
2035-08-01,13,0,SCED,0.064
2035-08-01,14,0,SCED,0.072
2035-08-01,15,0,SCED,0.054
2035-08-01,16,0,SCED,0.063
2035-08-01,17,0,SCED,0.052
2035-08-01,18,0,SCED,0.084
2035-08-01,19,0,SCED,0.063
2035-08-01,20,0,SCED,0.059
2035-08-01,21,0,SCED,0.058
2035-08-01,22,0,SCED,0.063
2035-08-01,23,0,SCED,0.068
2035-08-02,0,0,SCED,0.051
2035-08-02,1,0,SCED,0.053
2035-08-02,2,0,SCED,0.088
2035-08-02,3,0,SCED,0.052
2035-08-02,4,0,SCED,0.063
2035-08-02,5,0,SCED,0.064
2035-08-02,6,0,SCED,0.062
2035-08-02,7,0,SCED,0.058
2035-08-02,8,0,SCED,0.058
2035-08-02,9,0,SCED,0.083
2035-08-02,10,0,SCED,0.062
2035-08-02,11,0,SCED,0.06
2035-08-02,12,0,SCED,0.071
2035-08-02,13,0,SCED,0.09
2035-08-02,14,0,SCED,0.07
2035-08-02,15,0,SCED,0.067
2035-08-02,16,0,SCED,0.085
2035-08-02,17,0,SCED,0.101
2035-08-02,18,0,SCED,0.062
2035-08-02,19,0,SCED,0.063
2035-08-02,20,0,SCED,0.077
2035-08-02,21,0,SCED,0.064
2035-08-02,22,0,SCED,0.072
2035-08-02,23,0,SCED,0.062
2035-08-03,0,0,SCED,0.052
2035-08-03,1,0,SCED,0.086
2035-08-03,2,0,SCED,0.064
2035-08-03,3,0,SCED,0.061
2035-08-03,4,0,SCED,0.053
2035-08-03,5,0,SCED,0.075
2035-08-03,6,0,SCED,0.054
2035-08-03,7,0,SCED,0.067
2035-08-03,8,0,SCED,0.118
2035-08-03,9,0,SCED,0.073
2035-08-03,10,0,SCED,0.084
2035-08-03,11,0,SCED,0.05
2035-08-03,12,0,SCED,0.077
2035-08-03,13,0,SCED,0.066
2035-08-03,14,0,SCED,0.066
2035-08-03,15,0,SCED,0.061
2035-08-03,16,0,SCED,0.099
2035-08-03,17,0,SCED,0.074
2035-08-03,18,0,SCED,0.066
2035-08-03,19,0,SCED,0.063
2035-08-03,20,0,SCED,0.066
2035-08-03,21,0,SCED,0.063
2035-08-03,22,0,SCED,0.074
2035-08-03,23,0,SCED,0.058
2035-08-04,0,0,SCED,0.06
2035-08-04,1,0,SCED,0.065
2035-08-04,2,0,SCED,0.057
2035-08-04,3,0,SCED,0.063
2035-08-04,4,0,SCED,0.062
2035-08-04,5,0,SCED,0.06
2035-08-04,6,0,SCED,0.065
2035-08-04,7,0,SCED,0.059
2035-08-04,8,0,SCED,0.066
2035-08-04,9,0,SCED,0.095
2035-08-04,10,0,SCED,0.064
2035-08-04,11,0,SCED,0.068
2035-08-04,12,0,SCED,0.099
2035-08-04,13,0,SCED,0.086
2035-08-04,14,0,SCED,0.086
2035-08-04,15,0,SCED,0.057
2035-08-04,16,0,SCED,0.081
2035-08-04,17,0,SCED,0.057
2035-08-04,18,0,SCED,0.074
2035-08-04,19,0,SCED,0.08
2035-08-04,20,0,SCED,0.047
2035-08-04,21,0,SCED,0.048
2035-08-04,22,0,SCED,0.064
2035-08-04,23,0,SCED,0.095
2035-08-05,0,0,SCED,0.056
2035-08-05,1,0,SCED,0.054
2035-08-05,2,0,SCED,0.064
2035-08-05,3,0,SCED,0.058
2035-08-05,4,0,SCED,0.064
2035-08-05,5,0,SCED,0.052
2035-08-05,6,0,SCED,0.052
2035-08-05,7,0,SCED,0.047
2035-08-05,8,0,SCED,0.056
2035-08-05,9,0,SCED,0.062
2035-08-05,10,0,SCED,0.14
2035-08-05,11,0,SCED,0.061
2035-08-05,12,0,SCED,0.073
2035-08-05,13,0,SCED,0.118
2035-08-05,14,0,SCED,0.093
2035-08-05,15,0,SCED,0.065
2035-08-05,16,0,SCED,0.09
2035-08-05,17,0,SCED,0.064
2035-08-05,18,0,SCED,0.069
2035-08-05,19,0,SCED,0.055
2035-08-05,20,0,SCED,0.069
2035-08-05,21,0,SCED,0.068
2035-08-05,22,0,SCED,0.049
2035-08-05,23,0,SCED,0.087
2035-08-06,0,0,SCED,0.06
2035-08-06,1,0,SCED,0.078
2035-08-06,2,0,SCED,0.053
2035-08-06,3,0,SCED,0.053
2035-08-06,4,0,SCED,0.053
2035-08-06,5,0,SCED,0.05
2035-08-06,6,0,SCED,0.05
2035-08-06,7,0,SCED,0.062
2035-08-06,8,0,SCED,0.056
2035-08-06,9,0,SCED,0.086
2035-08-06,10,0,SCED,0.074
2035-08-06,11,0,SCED,0.059
2035-08-06,12,0,SCED,0.095
2035-08-06,13,0,SCED,0.072
2035-08-06,14,0,SCED,0.081
2035-08-06,15,0,SCED,0.055
2035-08-06,16,0,SCED,0.068
2035-08-06,17,0,SCED,0.058
2035-08-06,18,0,SCED,0.067
2035-08-06,19,0,SCED,0.135
2035-08-06,20,0,SCED,0.074
2035-08-06,21,0,SCED,0.049
2035-08-06,22,0,SCED,0.082
2035-08-06,23,0,SCED,0.059
2035-08-07,0,0,SCED,0.085
2035-08-07,1,0,SCED,0.087
2035-08-07,2,0,SCED,0.099
2035-08-07,3,0,SCED,0.053
2035-08-07,4,0,SCED,0.072
2035-08-07,5,0,SCED,0.072
2035-08-07,6,0,SCED,0.058
2035-08-07,7,0,SCED,0.058
2035-08-07,8,0,SCED,0.061
2035-08-07,9,0,SCED,0.091
2035-08-07,10,0,SCED,0.072
2035-08-07,11,0,SCED,0.066
2035-08-07,12,0,SCED,0.124
2035-08-07,13,0,SCED,0.1
2035-08-07,14,0,SCED,0.084
2035-08-07,15,0,SCED,0.069
2035-08-07,16,0,SCED,0.064
2035-08-07,17,0,SCED,0.06
2035-08-07,18,0,SCED,0.068
2035-08-07,19,0,SCED,0.05
2035-08-07,20,0,SCED,0.062
2035-08-07,21,0,SCED,0.075
2035-08-07,22,0,SCED,0.051
2035-08-07,23,0,SCED,0.049
2035-08-08,0,0,SCED,0.074
2035-08-08,1,0,SCED,0.049
2035-08-08,2,0,SCED,0.063
2035-08-08,3,0,SCED,0.07
2035-08-08,4,0,SCED,0.071
2035-08-08,5,0,SCED,0.052
2035-08-08,6,0,SCED,0.063
2035-08-08,7,0,SCED,0.048
2035-08-08,8,0,SCED,0.054
2035-08-08,9,0,SCED,0.055
2035-08-08,10,0,SCED,0.06
2035-08-08,11,0,SCED,0.092
2035-08-08,12,0,SCED,0.055
2035-08-08,13,0,SCED,0.074
2035-08-08,14,0,SCED,0.082
2035-08-08,15,0,SCED,0.064
2035-08-08,16,0,SCED,0.082
2035-08-08,17,0,SCED,0.094
2035-08-08,18,0,SCED,0.058
2035-08-08,19,0,SCED,0.073
2035-08-08,20,0,SCED,0.072
2035-08-08,21,0,SCED,0.061
2035-08-08,22,0,SCED,0.062
2035-08-08,23,0,SCED,0.052
2035-08-09,0,0,SCED,0.053
2035-08-09,1,0,SCED,0.078
2035-08-09,2,0,SCED,0.066
2035-08-09,3,0,SCED,0.056
2035-08-09,4,0,SCED,0.047
2035-08-09,5,0,SCED,0.064
2035-08-09,6,0,SCED,0.052
2035-08-09,7,0,SCED,0.1
2035-08-09,8,0,SCED,0.112
2035-08-09,9,0,SCED,0.084
2035-08-09,10,0,SCED,0.082
2035-08-09,11,0,SCED,0.066
2035-08-09,12,0,SCED,0.065
2035-08-09,13,0,SCED,0.051
2035-08-09,14,0,SCED,0.071
2035-08-09,15,0,SCED,0.059
2035-08-09,16,0,SCED,0.091
2035-08-09,17,0,SCED,0.077
2035-08-09,18,0,SCED,0.056
2035-08-09,19,0,SCED,0.079
2035-08-09,20,0,SCED,0.057
2035-08-09,21,0,SCED,0.062
2035-08-09,22,0,SCED,0.047
2035-08-09,23,0,SCED,0.06
2035-08-10,0,0,SCED,0.049
2035-08-10,1,0,SCED,0.058
2035-08-10,2,0,SCED,0.067
2035-08-10,3,0,SCED,0.058
2035-08-10,4,0,SCED,0.103
2035-08-10,5,0,SCED,0.053
2035-08-10,6,0,SCED,0.115
2035-08-10,7,0,SCED,0.062
2035-08-10,8,0,SCED,0.071
2035-08-10,9,0,SCED,0.087
2035-08-10,10,0,SCED,0.103
2035-08-10,11,0,SCED,0.08
2035-08-10,12,0,SCED,0.062
2035-08-10,13,0,SCED,0.06
2035-08-10,14,0,SCED,0.061
2035-08-10,15,0,SCED,0.057
2035-08-10,16,0,SCED,0.074
2035-08-10,17,0,SCED,0.059
2035-08-10,18,0,SCED,0.085
2035-08-10,19,0,SCED,0.057
2035-08-10,20,0,SCED,0.08
2035-08-10,21,0,SCED,0.079
2035-08-10,22,0,SCED,0.076
2035-08-10,23,0,SCED,0.061
2035-08-11,0,0,SCED,0.072
2035-08-11,1,0,SCED,0.053
2035-08-11,2,0,SCED,0.067
2035-08-11,3,0,SCED,0.07
2035-08-11,4,0,SCED,0.072
2035-08-11,5,0,SCED,0.079
2035-08-11,6,0,SCED,0.064
2035-08-11,7,0,SCED,0.065
2035-08-11,8,0,SCED,0.094
2035-08-11,9,0,SCED,0.074
2035-08-11,10,0,SCED,0.063
2035-08-11,11,0,SCED,0.119
2035-08-11,12,0,SCED,0.078
2035-08-11,13,0,SCED,0.108
2035-08-11,14,0,SCED,0.059
2035-08-11,15,0,SCED,0.064
2035-08-11,16,0,SCED,0.071
2035-08-11,17,0,SCED,0.092
2035-08-11,18,0,SCED,0.05
2035-08-11,19,0,SCED,0.065
2035-08-11,20,0,SCED,0.085
2035-08-11,21,0,SCED,0.065
2035-08-11,22,0,SCED,0.079
2035-08-11,23,0,SCED,0.078
2035-08-12,0,0,SCED,0.046
2035-08-12,1,0,SCED,0.078
2035-08-12,2,0,SCED,0.078
2035-08-12,3,0,SCED,0.095
2035-08-12,4,0,SCED,0.074
2035-08-12,5,0,SCED,0.11
2035-08-12,6,0,SCED,0.078
2035-08-12,7,0,SCED,0.079
2035-08-12,8,0,SCED,0.094
2035-08-12,9,0,SCED,0.079
2035-08-12,10,0,SCED,0.11
2035-08-12,11,0,SCED,0.064
2035-08-12,12,0,SCED,0.063
2035-08-12,13,0,SCED,0.11
2035-08-12,14,0,SCED,0.063
2035-08-12,15,0,SCED,0.068
2035-08-12,16,0,SCED,0.089
2035-08-12,17,0,SCED,0.061
2035-08-12,18,0,SCED,0.088
2035-08-12,19,0,SCED,0.05
2035-08-12,20,0,SCED,0.049
2035-08-12,21,0,SCED,0.102
2035-08-12,22,0,SCED,0.05
2035-08-12,23,0,SCED,0.048
2035-08-13,0,0,SCED,0.063
2035-08-13,1,0,SCED,0.05
2035-08-13,2,0,SCED,0.078
2035-08-13,3,0,SCED,0.078
2035-08-13,4,0,SCED,0.063
2035-08-13,5,0,SCED,0.079
2035-08-13,6,0,SCED,0.063
2035-08-13,7,0,SCED,0.11
2035-08-13,8,0,SCED,0.062
2035-08-13,9,0,SCED,0.063
2035-08-13,10,0,SCED,0.063
2035-08-13,11,0,SCED,0.078
2035-08-13,12,0,SCED,0.078
2035-08-13,13,0,SCED,0.078
2035-08-13,14,0,SCED,0.079
2035-08-13,15,0,SCED,0.095
2035-08-13,16,0,SCED,0.079
2035-08-13,17,0,SCED,0.122
2035-08-13,18,0,SCED,0.079
2035-08-13,19,0,SCED,0.063
2035-08-13,20,0,SCED,0.078
2035-08-13,21,0,SCED,0.063
2035-08-13,22,0,SCED,0.126
2035-08-13,23,0,SCED,0.095
2035-08-14,0,0,SCED,0.047
2035-08-14,1,0,SCED,0.078
2035-08-14,2,0,SCED,0.079
2035-08-14,3,0,SCED,0.085
2035-08-14,4,0,SCED,0.095
2035-08-14,5,0,SCED,0.048
2035-08-14,6,0,SCED,0.075
2035-08-14,7,0,SCED,0.079
2035-08-14,8,0,SCED,0.063
2035-08-14,9,0,SCED,0.078
2035-08-14,10,0,SCED,0.047
2035-08-14,11,0,SCED,0.095
2035-08-14,12,0,SCED,0.063
2035-08-14,13,0,SCED,0.063
2035-08-14,14,0,SCED,0.062
2035-08-14,15,0,SCED,0.11
2035-08-14,16,0,SCED,0.078
2035-08-14,17,0,SCED,0.074
2035-08-14,18,0,SCED,0.11
2035-08-14,19,0,SCED,0.063
2035-08-14,20,0,SCED,0.079
2035-08-14,21,0,SCED,0.078
2035-08-14,22,0,SCED,0.079
2035-08-14,23,0,SCED,0.079
2035-08-15,0,0,SCED,0.048
2035-08-15,1,0,SCED,0.079
2035-08-15,2,0,SCED,0.086
2035-08-15,3,0,SCED,0.077
2035-08-15,4,0,SCED,0.076
2035-08-15,5,0,SCED,0.11
2035-08-15,6,0,SCED,0.094
2035-08-15,7,0,SCED,0.078
2035-08-15,8,0,SCED,0.063
2035-08-15,9,0,SCED,0.11
2035-08-15,10,0,SCED,0.063
2035-08-15,11,0,SCED,0.063
2035-08-15,12,0,SCED,0.063
2035-08-15,13,0,SCED,0.095
2035-08-15,14,0,SCED,0.094
2035-08-15,15,0,SCED,0.079
2035-08-15,16,0,SCED,0.073
2035-08-15,17,0,SCED,0.047
2035-08-15,18,0,SCED,0.079
2035-08-15,19,0,SCED,0.062
2035-08-15,20,0,SCED,0.094
2035-08-15,21,0,SCED,0.096
2035-08-15,22,0,SCED,0.078
2035-08-15,23,0,SCED,0.078
2035-08-16,0,0,SCED,0.079
2035-08-16,1,0,SCED,0.062
2035-08-16,2,0,SCED,0.047
2035-08-16,3,0,SCED,0.091
2035-08-16,4,0,SCED,0.054
2035-08-16,5,0,SCED,0.063
2035-08-16,6,0,SCED,0.047
2035-08-16,7,0,SCED,0.079
2035-08-16,8,0,SCED,0.079
2035-08-16,9,0,SCED,0.063
2035-08-16,10,0,SCED,0.07
2035-08-16,11,0,SCED,0.11
2035-08-16,12,0,SCED,0.079
2035-08-16,13,0,SCED,0.063
2035-08-16,14,0,SCED,0.063
2035-08-16,15,0,SCED,0.125
2035-08-16,16,0,SCED,0.079
2035-08-16,17,0,SCED,0.064
2035-08-16,18,0,SCED,0.062
2035-08-16,19,0,SCED,0.062
2035-08-16,20,0,SCED,0.079
2035-08-16,21,0,SCED,0.079
2035-08-16,22,0,SCED,0.063
2035-08-16,23,0,SCED,0.063
2035-08-17,0,0,SCED,0.109
2035-08-17,1,0,SCED,0.069
2035-08-17,2,0,SCED,0.069
2035-08-17,3,0,SCED,0.109
2035-08-17,4,0,SCED,0.095
2035-08-17,5,0,SCED,0.063
2035-08-17,6,0,SCED,0.063
2035-08-17,7,0,SCED,0.078
2035-08-17,8,0,SCED,0.078
2035-08-17,9,0,SCED,0.079
2035-08-17,10,0,SCED,0.088
2035-08-17,11,0,SCED,0.11
2035-08-17,12,0,SCED,0.094
2035-08-17,13,0,SCED,0.094
2035-08-17,14,0,SCED,0.063
2035-08-17,15,0,SCED,0.067
2035-08-17,16,0,SCED,0.063
2035-08-17,17,0,SCED,0.079
2035-08-17,18,0,SCED,0.062
2035-08-17,19,0,SCED,0.079
2035-08-17,20,0,SCED,0.063
2035-08-17,21,0,SCED,0.063
2035-08-17,22,0,SCED,0.095
2035-08-17,23,0,SCED,0.094
2035-08-18,0,0,SCED,0.074
2035-08-18,1,0,SCED,0.094
2035-08-18,2,0,SCED,0.063
2035-08-18,3,0,SCED,0.063
2035-08-18,4,0,SCED,0.079
2035-08-18,5,0,SCED,0.078
2035-08-18,6,0,SCED,0.078
2035-08-18,7,0,SCED,0.095
2035-08-18,8,0,SCED,0.079
2035-08-18,9,0,SCED,0.078
2035-08-18,10,0,SCED,0.078
2035-08-18,11,0,SCED,0.079
2035-08-18,12,0,SCED,0.11
2035-08-18,13,0,SCED,0.063
2035-08-18,14,0,SCED,0.094
2035-08-18,15,0,SCED,0.079
2035-08-18,16,0,SCED,0.063
2035-08-18,17,0,SCED,0.079
2035-08-18,18,0,SCED,0.063
2035-08-18,19,0,SCED,0.078
2035-08-18,20,0,SCED,0.095
2035-08-18,21,0,SCED,0.063
2035-08-18,22,0,SCED,0.063
2035-08-18,23,0,SCED,0.063
2035-08-19,0,0,SCED,0.063
2035-08-19,1,0,SCED,0.057
2035-08-19,2,0,SCED,0.063
2035-08-19,3,0,SCED,0.063
2035-08-19,4,0,SCED,0.088
2035-08-19,5,0,SCED,0.08
2035-08-19,6,0,SCED,0.078
2035-08-19,7,0,SCED,0.094
2035-08-19,8,0,SCED,0.079
2035-08-19,9,0,SCED,0.094
2035-08-19,10,0,SCED,0.094
2035-08-19,11,0,SCED,0.11
2035-08-19,12,0,SCED,0.079
2035-08-19,13,0,SCED,0.094
2035-08-19,14,0,SCED,0.069
2035-08-19,15,0,SCED,0.079
2035-08-19,16,0,SCED,0.11
2035-08-19,17,0,SCED,0.095
2035-08-19,18,0,SCED,0.094
2035-08-19,19,0,SCED,0.075
2035-08-19,20,0,SCED,0.11
2035-08-19,21,0,SCED,0.077
2035-08-19,22,0,SCED,0.11
2035-08-19,23,0,SCED,0.11
2035-08-20,0,0,SCED,0.048
2035-08-20,1,0,SCED,0.062
2035-08-20,2,0,SCED,0.079
2035-08-20,3,0,SCED,0.126
2035-08-20,4,0,SCED,0.047
2035-08-20,5,0,SCED,0.11
2035-08-20,6,0,SCED,0.071
2035-08-20,7,0,SCED,0.076
2035-08-20,8,0,SCED,0.095
2035-08-20,9,0,SCED,0.094
2035-08-20,10,0,SCED,0.072
2035-08-20,11,0,SCED,0.094
2035-08-20,12,0,SCED,0.079
2035-08-20,13,0,SCED,0.082
2035-08-20,14,0,SCED,0.079
2035-08-20,15,0,SCED,0.065
2035-08-20,16,0,SCED,0.099
2035-08-20,17,0,SCED,0.067
2035-08-20,18,0,SCED,0.079
2035-08-20,19,0,SCED,0.111
2035-08-20,20,0,SCED,0.063
2035-08-20,21,0,SCED,0.047
2035-08-20,22,0,SCED,0.079
2035-08-20,23,0,SCED,0.063
2035-08-21,0,0,SCED,0.063
2035-08-21,1,0,SCED,0.078
2035-08-21,2,0,SCED,0.079
2035-08-21,3,0,SCED,0.063
2035-08-21,4,0,SCED,0.1
2035-08-21,5,0,SCED,0.079
2035-08-21,6,0,SCED,0.094
2035-08-21,7,0,SCED,0.047
2035-08-21,8,0,SCED,0.078
2035-08-21,9,0,SCED,0.11
2035-08-21,10,0,SCED,0.079
2035-08-21,11,0,SCED,0.1
2035-08-21,12,0,SCED,0.11
2035-08-21,13,0,SCED,0.062
2035-08-21,14,0,SCED,0.094
2035-08-21,15,0,SCED,0.094
2035-08-21,16,0,SCED,0.085
2035-08-21,17,0,SCED,0.094
2035-08-21,18,0,SCED,0.078
2035-08-21,19,0,SCED,0.063
2035-08-21,20,0,SCED,0.125
2035-08-21,21,0,SCED,0.098
2035-08-21,22,0,SCED,0.078
2035-08-21,23,0,SCED,0.057
2035-08-22,0,0,SCED,0.077
2035-08-22,1,0,SCED,0.065
2035-08-22,2,0,SCED,0.062
2035-08-22,3,0,SCED,0.11
2035-08-22,4,0,SCED,0.079
2035-08-22,5,0,SCED,0.077
2035-08-22,6,0,SCED,0.095
2035-08-22,7,0,SCED,0.079
2035-08-22,8,0,SCED,0.078
2035-08-22,9,0,SCED,0.094
2035-08-22,10,0,SCED,0.079
2035-08-22,11,0,SCED,0.079
2035-08-22,12,0,SCED,0.095
2035-08-22,13,0,SCED,0.086
2035-08-22,14,0,SCED,0.094
2035-08-22,15,0,SCED,0.072
2035-08-22,16,0,SCED,0.077
2035-08-22,17,0,SCED,0.063
2035-08-22,18,0,SCED,0.084
2035-08-22,19,0,SCED,0.075
2035-08-22,20,0,SCED,0.078
2035-08-22,21,0,SCED,0.063
2035-08-22,22,0,SCED,0.093
2035-08-22,23,0,SCED,0.063
2035-08-23,0,0,SCED,0.062
2035-08-23,1,0,SCED,0.125
2035-08-23,2,0,SCED,0.047
2035-08-23,3,0,SCED,0.079
2035-08-23,4,0,SCED,0.079
2035-08-23,5,0,SCED,0.063
2035-08-23,6,0,SCED,0.054
2035-08-23,7,0,SCED,0.078
2035-08-23,8,0,SCED,0.089
2035-08-23,9,0,SCED,0.078
2035-08-23,10,0,SCED,0.079
2035-08-23,11,0,SCED,0.095
2035-08-23,12,0,SCED,0.063
2035-08-23,13,0,SCED,0.047
2035-08-23,14,0,SCED,0.111
2035-08-23,15,0,SCED,0.079
2035-08-23,16,0,SCED,0.095
2035-08-23,17,0,SCED,0.094
2035-08-23,18,0,SCED,0.078
2035-08-23,19,0,SCED,0.078
2035-08-23,20,0,SCED,0.067
2035-08-23,21,0,SCED,0.079
2035-08-23,22,0,SCED,0.062
2035-08-23,23,0,SCED,0.078
2035-08-24,0,0,SCED,0.063
2035-08-24,1,0,SCED,0.078
2035-08-24,2,0,SCED,0.063
2035-08-24,3,0,SCED,0.094
2035-08-24,4,0,SCED,0.063
2035-08-24,5,0,SCED,0.067
2035-08-24,6,0,SCED,0.072
2035-08-24,7,0,SCED,0.094
2035-08-24,8,0,SCED,0.078
2035-08-24,9,0,SCED,0.094
2035-08-24,10,0,SCED,0.109
2035-08-24,11,0,SCED,0.094
2035-08-24,12,0,SCED,0.078
2035-08-24,13,0,SCED,0.094
2035-08-24,14,0,SCED,0.078
2035-08-24,15,0,SCED,0.076
2035-08-24,16,0,SCED,0.062
2035-08-24,17,0,SCED,0.079
2035-08-24,18,0,SCED,0.071
2035-08-24,19,0,SCED,0.078
2035-08-24,20,0,SCED,0.065
2035-08-24,21,0,SCED,0.094
2035-08-24,22,0,SCED,0.125
2035-08-24,23,0,SCED,0.078
2035-08-25,0,0,SCED,0.11
2035-08-25,1,0,SCED,0.094
2035-08-25,2,0,SCED,0.11
2035-08-25,3,0,SCED,0.063
2035-08-25,4,0,SCED,0.063
2035-08-25,5,0,SCED,0.063
2035-08-25,6,0,SCED,0.063
2035-08-25,7,0,SCED,0.095
2035-08-25,8,0,SCED,0.062
2035-08-25,9,0,SCED,0.064
2035-08-25,10,0,SCED,0.078
2035-08-25,11,0,SCED,0.078
2035-08-25,12,0,SCED,0.11
2035-08-25,13,0,SCED,0.094
2035-08-25,14,0,SCED,0.079
2035-08-25,15,0,SCED,0.11
2035-08-25,16,0,SCED,0.071
2035-08-25,17,0,SCED,0.063
2035-08-25,18,0,SCED,0.094
2035-08-25,19,0,SCED,0.068
2035-08-25,20,0,SCED,0.063
2035-08-25,21,0,SCED,0.063
2035-08-25,22,0,SCED,0.063
2035-08-25,23,0,SCED,0.097
2035-08-26,0,0,SCED,0.084
2035-08-26,1,0,SCED,0.095
2035-08-26,2,0,SCED,0.079
2035-08-26,3,0,SCED,0.063
2035-08-26,4,0,SCED,0.062
2035-08-26,5,0,SCED,0.078
2035-08-26,6,0,SCED,0.063
2035-08-26,7,0,SCED,0.127
2035-08-26,8,0,SCED,0.078
2035-08-26,9,0,SCED,0.094
2035-08-26,10,0,SCED,0.094
2035-08-26,11,0,SCED,0.095
2035-08-26,12,0,SCED,0.11
2035-08-26,13,0,SCED,0.094
2035-08-26,14,0,SCED,0.11
2035-08-26,15,0,SCED,0.094
2035-08-26,16,0,SCED,0.063
2035-08-26,17,0,SCED,0.063
2035-08-26,18,0,SCED,0.078
2035-08-26,19,0,SCED,0.079
2035-08-26,20,0,SCED,0.047
2035-08-26,21,0,SCED,0.094
2035-08-26,22,0,SCED,0.094
2035-08-26,23,0,SCED,0.094
2035-08-27,0,0,SCED,0.048
2035-08-27,1,0,SCED,0.078
2035-08-27,2,0,SCED,0.062
2035-08-27,3,0,SCED,0.061
2035-08-27,4,0,SCED,0.078
2035-08-27,5,0,SCED,0.091
2035-08-27,6,0,SCED,0.11
2035-08-27,7,0,SCED,0.069
2035-08-27,8,0,SCED,0.078
2035-08-27,9,0,SCED,0.095
2035-08-27,10,0,SCED,0.08
2035-08-27,11,0,SCED,0.063
2035-08-27,12,0,SCED,0.1
2035-08-27,13,0,SCED,0.054
2035-08-27,14,0,SCED,0.063
2035-08-27,15,0,SCED,0.085
2035-08-27,16,0,SCED,0.078
2035-08-27,17,0,SCED,0.079
2035-08-27,18,0,SCED,0.079
2035-08-27,19,0,SCED,0.078
2035-08-27,20,0,SCED,0.077
2035-08-27,21,0,SCED,0.079
2035-08-27,22,0,SCED,0.094
2035-08-27,23,0,SCED,0.064
2035-08-28,0,0,SCED,0.095
2035-08-28,1,0,SCED,0.094
2035-08-28,2,0,SCED,0.079
2035-08-28,3,0,SCED,0.063
2035-08-28,4,0,SCED,0.072
2035-08-28,5,0,SCED,0.063
2035-08-28,6,0,SCED,0.094
2035-08-28,7,0,SCED,0.079
2035-08-28,8,0,SCED,0.11
2035-08-28,9,0,SCED,0.079
2035-08-28,10,0,SCED,0.066
2035-08-28,11,0,SCED,0.078
2035-08-28,12,0,SCED,0.066
2035-08-28,13,0,SCED,0.063
2035-08-28,14,0,SCED,0.079
2035-08-28,15,0,SCED,0.078
2035-08-28,16,0,SCED,0.063
2035-08-28,17,0,SCED,0.079
2035-08-28,18,0,SCED,0.071
2035-08-28,19,0,SCED,0.063
2035-08-28,20,0,SCED,0.065
2035-08-28,21,0,SCED,0.063
2035-08-28,22,0,SCED,0.095
2035-08-28,23,0,SCED,0.063
2035-08-29,0,0,SCED,0.078
2035-08-29,1,0,SCED,0.062
2035-08-29,2,0,SCED,0.059
2035-08-29,3,0,SCED,0.079
2035-08-29,4,0,SCED,0.095
2035-08-29,5,0,SCED,0.094
2035-08-29,6,0,SCED,0.079
2035-08-29,7,0,SCED,0.078
2035-08-29,8,0,SCED,0.073
2035-08-29,9,0,SCED,0.075
2035-08-29,10,0,SCED,0.073
2035-08-29,11,0,SCED,0.078
2035-08-29,12,0,SCED,0.066
2035-08-29,13,0,SCED,0.066
2035-08-29,14,0,SCED,0.087
2035-08-29,15,0,SCED,0.11
2035-08-29,16,0,SCED,0.094
2035-08-29,17,0,SCED,0.079
2035-08-29,18,0,SCED,0.063
2035-08-29,19,0,SCED,0.088
2035-08-29,20,0,SCED,0.079
2035-08-29,21,0,SCED,0.069
2035-08-29,22,0,SCED,0.078
2035-08-29,23,0,SCED,0.064
2035-08-30,0,0,SCED,0.063
2035-08-30,1,0,SCED,0.078
2035-08-30,2,0,SCED,0.1
2035-08-30,3,0,SCED,0.063
2035-08-30,4,0,SCED,0.062
2035-08-30,5,0,SCED,0.063
2035-08-30,6,0,SCED,0.063
2035-08-30,7,0,SCED,0.094
2035-08-30,8,0,SCED,0.063
2035-08-30,9,0,SCED,0.078
2035-08-30,10,0,SCED,0.063
2035-08-30,11,0,SCED,0.078
2035-08-30,12,0,SCED,0.063
2035-08-30,13,0,SCED,0.102
2035-08-30,14,0,SCED,0.063
2035-08-30,15,0,SCED,0.095
2035-08-30,16,0,SCED,0.079
2035-08-30,17,0,SCED,0.065
2035-08-30,18,0,SCED,0.11
2035-08-30,19,0,SCED,0.091
2035-08-30,20,0,SCED,0.079
2035-08-30,21,0,SCED,0.063
2035-08-30,22,0,SCED,0.063
2035-08-30,23,0,SCED,0.063
2035-08-31,0,0,SCED,0.094
2035-08-31,1,0,SCED,0.063
2035-08-31,2,0,SCED,0.085
2035-08-31,3,0,SCED,0.062
2035-08-31,4,0,SCED,0.063
2035-08-31,5,0,SCED,0.079
2035-08-31,6,0,SCED,0.063
2035-08-31,7,0,SCED,0.11
2035-08-31,8,0,SCED,0.11
2035-08-31,9,0,SCED,0.078
2035-08-31,10,0,SCED,0.094
2035-08-31,11,0,SCED,0.079
2035-08-31,12,0,SCED,0.066
2035-08-31,13,0,SCED,0.079
2035-08-31,14,0,SCED,0.065
2035-08-31,15,0,SCED,0.094
2035-08-31,16,0,SCED,0.11
2035-08-31,17,0,SCED,0.072
2035-08-31,18,0,SCED,0.078
2035-08-31,19,0,SCED,0.068
2035-08-31,20,0,SCED,0.063
2035-08-31,21,0,SCED,0.079
2035-08-31,22,0,SCED,0.047
2035-08-31,23,0,SCED,0.063
2035-09-01,0,0,SCED,0.063
2035-09-01,1,0,SCED,0.081
2035-09-01,2,0,SCED,0.095
2035-09-01,3,0,SCED,0.063
2035-09-01,4,0,SCED,0.063
2035-09-01,5,0,SCED,0.062
2035-09-01,6,0,SCED,0.063
2035-09-01,7,0,SCED,0.07
2035-09-01,8,0,SCED,0.119
2035-09-01,9,0,SCED,0.06
2035-09-01,10,0,SCED,0.094
2035-09-01,11,0,SCED,0.093
2035-09-01,12,0,SCED,0.071
2035-09-01,13,0,SCED,0.094
2035-09-01,14,0,SCED,0.063
2035-09-01,15,0,SCED,0.079
2035-09-01,16,0,SCED,0.071
2035-09-01,17,0,SCED,0.089
2035-09-01,18,0,SCED,0.078
2035-09-01,19,0,SCED,0.095
2035-09-01,20,0,SCED,0.078
2035-09-01,21,0,SCED,0.082
2035-09-01,22,0,SCED,0.063
2035-09-01,23,0,SCED,0.079
2035-09-02,0,0,SCED,0.078
2035-09-02,1,0,SCED,0.078
2035-09-02,2,0,SCED,0.094
2035-09-02,3,0,SCED,0.094
2035-09-02,4,0,SCED,0.063
2035-09-02,5,0,SCED,0.078
2035-09-02,6,0,SCED,0.063
2035-09-02,7,0,SCED,0.095
2035-09-02,8,0,SCED,0.094
2035-09-02,9,0,SCED,0.078
2035-09-02,10,0,SCED,0.079
2035-09-02,11,0,SCED,0.078
2035-09-02,12,0,SCED,0.079
2035-09-02,13,0,SCED,0.078
2035-09-02,14,0,SCED,0.074
2035-09-02,15,0,SCED,0.079
2035-09-02,16,0,SCED,0.07
2035-09-02,17,0,SCED,0.063
2035-09-02,18,0,SCED,0.063
2035-09-02,19,0,SCED,0.136
2035-09-02,20,0,SCED,0.078
2035-09-02,21,0,SCED,0.063
2035-09-02,22,0,SCED,0.094
2035-09-02,23,0,SCED,0.11
2035-09-03,0,0,SCED,0.11
2035-09-03,1,0,SCED,0.079
2035-09-03,2,0,SCED,0.063
2035-09-03,3,0,SCED,0.086
2035-09-03,4,0,SCED,0.066
2035-09-03,5,0,SCED,0.095
2035-09-03,6,0,SCED,0.079
2035-09-03,7,0,SCED,0.078
2035-09-03,8,0,SCED,0.063
2035-09-03,9,0,SCED,0.094
2035-09-03,10,0,SCED,0.07
2035-09-03,11,0,SCED,0.095
2035-09-03,12,0,SCED,0.095
2035-09-03,13,0,SCED,0.094
2035-09-03,14,0,SCED,0.079
2035-09-03,15,0,SCED,0.095
2035-09-03,16,0,SCED,0.142
2035-09-03,17,0,SCED,0.078
2035-09-03,18,0,SCED,0.11
2035-09-03,19,0,SCED,0.063
2035-09-03,20,0,SCED,0.057
2035-09-03,21,0,SCED,0.078
2035-09-03,22,0,SCED,0.057
2035-09-03,23,0,SCED,0.057
2035-09-04,0,0,SCED,0.063
2035-09-04,1,0,SCED,0.078
2035-09-04,2,0,SCED,0.078
2035-09-04,3,0,SCED,0.079
2035-09-04,4,0,SCED,0.079
2035-09-04,5,0,SCED,0.062
2035-09-04,6,0,SCED,0.063
2035-09-04,7,0,SCED,0.094
2035-09-04,8,0,SCED,0.085
2035-09-04,9,0,SCED,0.094
2035-09-04,10,0,SCED,0.1
2035-09-04,11,0,SCED,0.079
2035-09-04,12,0,SCED,0.047
2035-09-04,13,0,SCED,0.076
2035-09-04,14,0,SCED,0.079
2035-09-04,15,0,SCED,0.09
2035-09-04,16,0,SCED,0.125
2035-09-04,17,0,SCED,0.079
2035-09-04,18,0,SCED,0.125
2035-09-04,19,0,SCED,0.109
2035-09-04,20,0,SCED,0.079
2035-09-04,21,0,SCED,0.079
2035-09-04,22,0,SCED,0.062
2035-09-04,23,0,SCED,0.095
2035-09-05,0,0,SCED,0.095
2035-09-05,1,0,SCED,0.079
2035-09-05,2,0,SCED,0.079
2035-09-05,3,0,SCED,0.079
2035-09-05,4,0,SCED,0.094
2035-09-05,5,0,SCED,0.088
2035-09-05,6,0,SCED,0.094
2035-09-05,7,0,SCED,0.07
2035-09-05,8,0,SCED,0.11
2035-09-05,9,0,SCED,0.068
2035-09-05,10,0,SCED,0.078
2035-09-05,11,0,SCED,0.078
2035-09-05,12,0,SCED,0.078
2035-09-05,13,0,SCED,0.094
2035-09-05,14,0,SCED,0.106
2035-09-05,15,0,SCED,0.066
2035-09-05,16,0,SCED,0.095
2035-09-05,17,0,SCED,0.064
2035-09-05,18,0,SCED,0.058
2035-09-05,19,0,SCED,0.069
2035-09-05,20,0,SCED,0.082
2035-09-05,21,0,SCED,0.087
2035-09-05,22,0,SCED,0.06
2035-09-05,23,0,SCED,0.085
2035-09-06,0,0,SCED,0.078
2035-09-06,1,0,SCED,0.065
2035-09-06,2,0,SCED,0.125
2035-09-06,3,0,SCED,0.074
2035-09-06,4,0,SCED,0.067
2035-09-06,5,0,SCED,0.079
2035-09-06,6,0,SCED,0.079
2035-09-06,7,0,SCED,0.078
2035-09-06,8,0,SCED,0.11
2035-09-06,9,0,SCED,0.106
2035-09-06,10,0,SCED,0.073
2035-09-06,11,0,SCED,0.097
2035-09-06,12,0,SCED,0.09
2035-09-06,13,0,SCED,0.093
2035-09-06,14,0,SCED,0.095
2035-09-06,15,0,SCED,0.067
2035-09-06,16,0,SCED,0.078
2035-09-06,17,0,SCED,0.065
2035-09-06,18,0,SCED,0.078
2035-09-06,19,0,SCED,0.079
2035-09-06,20,0,SCED,0.103
2035-09-06,21,0,SCED,0.079
2035-09-06,22,0,SCED,0.062
2035-09-06,23,0,SCED,0.063
2035-09-07,0,0,SCED,0.063
2035-09-07,1,0,SCED,0.094
2035-09-07,2,0,SCED,0.078
2035-09-07,3,0,SCED,0.063
2035-09-07,4,0,SCED,0.079
2035-09-07,5,0,SCED,0.062
2035-09-07,6,0,SCED,0.063
2035-09-07,7,0,SCED,0.078
2035-09-07,8,0,SCED,0.078
2035-09-07,9,0,SCED,0.079
2035-09-07,10,0,SCED,0.094
2035-09-07,11,0,SCED,0.079
2035-09-07,12,0,SCED,0.063
2035-09-07,13,0,SCED,0.079
2035-09-07,14,0,SCED,0.062
2035-09-07,15,0,SCED,0.078
2035-09-07,16,0,SCED,0.092
2035-09-07,17,0,SCED,0.062
2035-09-07,18,0,SCED,0.063
2035-09-07,19,0,SCED,0.063
2035-09-07,20,0,SCED,0.063
2035-09-07,21,0,SCED,0.063
2035-09-07,22,0,SCED,0.063
2035-09-07,23,0,SCED,0.063
2035-09-08,0,0,SCED,0.047
2035-09-08,1,0,SCED,0.063
2035-09-08,2,0,SCED,0.079
2035-09-08,3,0,SCED,0.079
2035-09-08,4,0,SCED,0.063
2035-09-08,5,0,SCED,0.066
2035-09-08,6,0,SCED,0.063
2035-09-08,7,0,SCED,0.047
2035-09-08,8,0,SCED,0.078
2035-09-08,9,0,SCED,0.094
2035-09-08,10,0,SCED,0.074
2035-09-08,11,0,SCED,0.078
2035-09-08,12,0,SCED,0.11
2035-09-08,13,0,SCED,0.11
2035-09-08,14,0,SCED,0.079
2035-09-08,15,0,SCED,0.063
2035-09-08,16,0,SCED,0.072
2035-09-08,17,0,SCED,0.095
2035-09-08,18,0,SCED,0.063
2035-09-08,19,0,SCED,0.047
2035-09-08,20,0,SCED,0.079
2035-09-08,21,0,SCED,0.047
2035-09-08,22,0,SCED,0.063
2035-09-08,23,0,SCED,0.063
2035-09-09,0,0,SCED,0.047
2035-09-09,1,0,SCED,0.063
2035-09-09,2,0,SCED,0.047
2035-09-09,3,0,SCED,0.062
2035-09-09,4,0,SCED,0.063
2035-09-09,5,0,SCED,0.066
2035-09-09,6,0,SCED,0.092
2035-09-09,7,0,SCED,0.079
2035-09-09,8,0,SCED,0.065
2035-09-09,9,0,SCED,0.078
2035-09-09,10,0,SCED,0.063
2035-09-09,11,0,SCED,0.062
2035-09-09,12,0,SCED,0.079
2035-09-09,13,0,SCED,0.088
2035-09-09,14,0,SCED,0.06
2035-09-09,15,0,SCED,0.078
2035-09-09,16,0,SCED,0.078
2035-09-09,17,0,SCED,0.078
2035-09-09,18,0,SCED,0.079
2035-09-09,19,0,SCED,0.094
2035-09-09,20,0,SCED,0.078
2035-09-09,21,0,SCED,0.079
2035-09-09,22,0,SCED,0.094
2035-09-09,23,0,SCED,0.079
2035-09-10,0,0,SCED,0.062
2035-09-10,1,0,SCED,0.082
2035-09-10,2,0,SCED,0.063
2035-09-10,3,0,SCED,0.063
2035-09-10,4,0,SCED,0.079
2035-09-10,5,0,SCED,0.079
2035-09-10,6,0,SCED,0.048
2035-09-10,7,0,SCED,0.079
2035-09-10,8,0,SCED,0.094
2035-09-10,9,0,SCED,0.078
2035-09-10,10,0,SCED,0.079
2035-09-10,11,0,SCED,0.056
2035-09-10,12,0,SCED,0.079
2035-09-10,13,0,SCED,0.062
2035-09-10,14,0,SCED,0.079
2035-09-10,15,0,SCED,0.063
2035-09-10,16,0,SCED,0.079
2035-09-10,17,0,SCED,0.078
2035-09-10,18,0,SCED,0.067
2035-09-10,19,0,SCED,0.063
2035-09-10,20,0,SCED,0.056
2035-09-10,21,0,SCED,0.063
2035-09-10,22,0,SCED,0.064
2035-09-10,23,0,SCED,0.11
