GEN UID,Bus ID,Unit Type,Fuel,MW Inj,MVAR Inj,V Setpoint p.u.,PMax MW,PMin MW,QMax MVAR,QMin MVAR,Min Down Time Hr,Min Up Time Hr,Ramp Rate MW/Min,Start Time Cold Hr,Start Time Warm Hr,Start Time Hot Hr,Start Heat Cold MBTU,Start Heat Warm MBTU,Start Heat Hot MBTU,Non Fuel Start Cost $,Fuel Price $/MMBTU,Output_pct_0,Output_pct_1,Output_pct_2,Output_pct_3,Output_pct_4,HR_avg_0,HR_incr_1,HR_incr_2,HR_incr_3,HR_incr_4,BUS ID,C0,C1,C2,Csu
1,107,NUC,N,,,1,2430,729,894.24,-199.26,48,48,121.5,,,,,,,,0.81035,0.3,0.533333333,0.766666667,1,,3598445.116,14469.74764,15739.27908,-30209.02672,,107,0,17.44,0.0016,1200
2,100,CT,G,,,1,304.6,91.38,170.58,-19.49,1,2,68.4,,,,,,,,2.29,0.3,0.533333333,0.766666667,1,,9177.90393,876.9683769,884.0271279,-1760.995505,,100,597,27.85,0.0016,69
3,100,CT,G,,,1,236,70.8,132.16,-15.1,1,2,10.8,,,,,,,,2.29,0.3,0.533333333,0.766666667,1,,6286.462882,1330.12852,1334.365848,-2664.494368,,100,363,55,0.0016,61
4,100,CT,G,,,1,176.4,52.92,98.78,-11.29,1,2,44.86,,,,,,,,2.29,0.3,0.533333333,0.766666667,1,,3543.406114,869.3063895,871.6737546,-1740.980144,,100,548,48.13,0.0016,46
5,100,CT,G,,,1,380.7,114.21,213.19,-24.36,1,2,76.76,,,,,,,,2.29,0.3,0.533333333,0.766666667,1,,6151.048035,1347.097252,1358.123654,-2705.220907,,100,316,34.22,0.0016,37
6,100,COAL,C,,,1,842.5,252.75,392.6,-102.79,12,12,51.34,,,,,,,,1.78,0.3,0.533333333,0.766666667,1,,146727.5281,2241.197253,2310.671423,-4551.868677,,100,1372,19.17,0.0016,310
7,100,CT,G,,,1,177.3,53.19,99.29,-11.35,1,2,41.95,,,,,,,,2.29,0.3,0.533333333,0.766666667,1,,4567.991266,813.2438725,815.6354559,-1628.879328,,100,49,44.78,0.0016,59
8,100,CT,G,,,1,381.8,114.54,213.81,-24.44,1,2,83.05,,,,,,,,2.29,0.3,0.533333333,0.766666667,1,,10336.94323,1298.139266,1309.22948,-2607.368746,,100,435,32.86,0.0016,62
9,50,PV,S,,,1,5,0,0,0,0,0,0,,,,,,,,1.00E-05,0,0.333333333,0.666666667,1,,0,444.4444444,1333.333333,-1777.777778,,50,0,0,0.0016,0
10,62,CT,G,,,1,92.7,27.81,51.91,-5.93,1,2,18.1,,,,,,,,2.29,0.3,0.533333333,0.766666667,1,,2469.30131,224.4570603,225.1108341,-449.5678944,,62,340,23.64,0.0016,61
11,62,CT,G,,,1,678.1,203.43,379.74,-43.4,1,2,177.34,,,,,,,,2.29,0.3,0.533333333,0.766666667,1,,20431.83406,3744.443853,3779.426732,-7523.870585,,62,2129,53.29,0.0016,69
12,62,CT,G,,,1,260,78,145.6,-16.64,1,2,63.35,,,,,,,,2.29,0.3,0.533333333,0.766666667,1,,1362.445415,887.1285784,892.2715575,-1779.400136,,62,413,33.14,0.0016,12
13,62,CT,G,,,1,497.9,149.37,278.82,-31.87,1,2,20.87,,,,,,,,2.29,0.3,0.533333333,0.766666667,1,,15219.65066,1935.121084,1953.981546,-3889.10263,,62,3108,37.48,0.0016,70
14,110,CT,G,,,1,22,6.6,12.32,-1.41,1,2,3.52,,,,,,,,2.29,0.3,0.533333333,0.766666667,1,,115.2838428,53.79763222,53.83445473,-107.6320869,,110,505,23.97,0.0016,12
15,110,CT,G,,,1,50.1,15.03,28.06,-3.21,1,2,7.7,,,,,,,,2.29,0.3,0.533333333,0.766666667,1,,962.6200873,224.2376821,224.4286426,-448.6663247,,110,122,43.86,0.0016,44
16,110,CT,G,,,1,203.2,60.96,94.69,-24.79,1,2,53.95,,,,,,,,2.29,0.3,0.533333333,0.766666667,1,,6743.755459,981.4132107,984.5545545,-1965.967765,,110,322,47.13,0.0016,76
17,32,PV,S,,,1,80,0,0,0,0,0,0,,,,,,,,1.00E-05,0,0.333333333,0.666666667,1,,0,113777.7778,341333.3333,-455111.1111,,32,0,0,0.0016,0
18,32,CT,G,,,1,432,129.6,241.92,-27.65,1,2,29.11,,,,,,,,2.29,0.3,0.533333333,0.766666667,1,,14148.47162,2259.680699,2273.878973,-4533.559672,,32,3088,50.76,0.0016,75
19,32,WIND,W,,,1,643.2999894,0,332.25,0,0,0,0,,,,,,,,1.00E-05,0,0.333333333,0.666666667,1,,0,7357064.468,22071193.4,-29428257.87,,32,0,0,0.0016,0
20,32,WIND,W,,,1,780.1999894,0,408.91,0,0,0,0,,,,,,,,1.00E-05,0,0.333333333,0.666666667,1,,0,10821547.08,32464641.25,-43286188.33,,32,0,0,0.0016,0
21,50,PV,S,,,1,114.3333333,0,7.31,0,0,0,0,,,,,,,,1.00E-05,0,0.333333333,0.666666667,1,,0,232393.0864,697179.2593,-929572.3457,,50,0,0,0.0016,0
22,50,PV,S,,,1,406.3333333,0,25.96,0,0,0,0,,,,,,,,1.00E-05,0,0.333333333,0.666666667,1,,0,2935231.605,8805694.815,-11740926.42,,50,0,0,0.0016,0
23,50,WIND,W,,,1,108.7999816,0,12.52,0,0,0,0,,,,,,,,1.00E-05,0,0.333333333,0.666666667,1,,0,210443.3065,631329.9196,-841773.2261,,50,0,0,0.0016,0
24,50,WIND,W,,,1,192.4999756,0,30.35,0,0,0,0,,,,,,,,1.00E-05,0,0.333333333,0.666666667,1,,0,658777.6109,1976332.833,-2635110.444,,50,0,0,0.0016,0
25,100,CT,G,,,1,914.6,274.38,512.18,-58.53,1,2,242.73,,,,,,,,2.29,0.3,0.533333333,0.766666667,1,,15176.76856,2836.674723,2900.314766,-5736.989489,,100,2010,29.22,0.0016,38
26,100,COAL,C,,,1,1530,459,712.98,-186.66,12,12,40.57,,,,,,,,1.78,0.3,0.533333333,0.766666667,1,,309438.2022,4205.780899,4434.902697,-8640.683596,,100,1862,18.93,0.0016,360
27,100,CT,G,,,1,535.5,160.65,299.88,-34.27,1,2,31.05,,,,,,,,2.29,0.3,0.533333333,0.766666667,1,,13562.8821,2637.26345,2659.080047,-5296.343497,,100,3361,47.62,0.0016,58
28,100,CT,G,,,1,25.7,7.71,14.39,-1.64,1,2,2.66,,,,,,,,2.29,0.3,0.533333333,0.766666667,1,,370.349345,139.1914494,139.2416992,-278.4331486,,100,272,53.12,0.0016,33
29,100,PV,S,,,1,13.33333333,0,2.04,0,0,0,0,,,,,,,,1.00E-05,0,0.333333333,0.666666667,1,,0,3160.493827,9481.481481,-12641.97531,,100,0,0,0.0016,0
30,26,PV,S,,,1,926.6666667,0,59.21,0,0,0,0,,,,,,,,1.00E-05,0,0.333333333,0.666666667,1,,0,15265975.31,45797925.93,-61063901.23,,26,0,0,0.0016,0
31,26,WIND,W,,,1,124.9999837,0,15.97,0,0,0,0,,,,,,,,1.00E-05,0,0.333333333,0.666666667,1,,0,277777.7054,833333.1161,-1111110.821,,26,0,0,0.0016,0
32,101,PV,S,,,1,9.333333333,0,1.08,0,0,0,0,,,,,,,,1.00E-05,0,0.333333333,0.666666667,1,,0,1548.641975,4645.925926,-6194.567901,,101,0,0,0.0016,0
33,91,PV,S,,,1,5,0,0.58,0,0,0,0,,,,,,,,1.00E-05,0,0.333333333,0.666666667,1,,0,444.4444444,1333.333333,-1777.777778,,91,0,0,0.0016,0
34,91,PV,S,,,1,8,0,0.92,0,0,0,0,,,,,,,,1.00E-05,0,0.333333333,0.666666667,1,,0,1137.777778,3413.333333,-4551.111111,,91,0,0,0.0016,0
35,91,PV,S,,,1,8,0,0.92,0,0,0,0,,,,,,,,1.00E-05,0,0.333333333,0.666666667,1,,0,1137.777778,3413.333333,-4551.111111,,91,0,0,0.0016,0
36,15,PV,S,,,1,20,0,2.3,0,0,0,0,,,,,,,,1.00E-05,0,0.333333333,0.666666667,1,,0,7111.111111,21333.33333,-28444.44444,,15,0,0,0.0016,0
37,33,PV,S,,,1,9.333333333,0,1.08,0,0,0,0,,,,,,,,1.00E-05,0,0.333333333,0.666666667,1,,0,1548.641975,4645.925926,-6194.567901,,33,0,0,0.0016,0
38,33,PV,S,,,1,12,0,1.38,0,0,0,0,,,,,,,,1.00E-05,0,0.333333333,0.666666667,1,,0,2560,7680,-10240,,33,0,0,0.0016,0
39,33,PV,S,,,1,8,0,0.92,0,0,0,0,,,,,,,,1.00E-05,0,0.333333333,0.666666667,1,,0,1137.777778,3413.333333,-4551.111111,,33,0,0,0.0016,0
40,33,PV,S,,,1,8,0,0.92,0,0,0,0,,,,,,,,1.00E-05,0,0.333333333,0.666666667,1,,0,1137.777778,3413.333333,-4551.111111,,33,0,0,0.0016,0
41,70,WIND,W,,,1,115.9999881,0,25.34,0,0,0,0,,,,,,,,1.00E-05,0,0.333333333,0.666666667,1,,0,239217.7286,717653.1858,-956870.9143,,70,0,0,0.0016,0
42,49,PV,S,,,1,105,0,12.1,0,0,0,0,,,,,,,,1.00E-05,0,0.333333333,0.666666667,1,,0,196000,588000,-784000,,49,0,0,0.0016,0
43,17,PV,S,,,1,60,0,6.91,0,0,0,0,,,,,,,,1.00E-05,0,0.333333333,0.666666667,1,,0,64000,192000,-256000,,17,0,0,0.0016,0
44,17,CT,G,,,1,108,32.4,41.47,-5.29,1,2,19.34,,,,,,,,2.29,0.3,0.533333333,0.766666667,1,,1650.655022,509.5462009,510.433593,-1019.979794,,17,558,46.16,0.0016,35
45,61,CT,G,,,1,54.9,16.47,21.08,-2.69,1,2,11.8,,,,,,,,2.29,0.3,0.533333333,0.766666667,1,,335.6331878,164.3662847,164.5955893,-328.961874,,61,226,29.31,0.0016,14
46,61,PV,S,,,1,50,0,5.76,0,0,0,0,,,,,,,,1.00E-05,0,0.333333333,0.666666667,1,,0,44444.44444,133333.3333,-177777.7778,,61,0,0,0.0016,0
47,61,CT,G,,,1,60,18,23.04,-2.94,1,2,6.49,,,,,,,,2.29,0.3,0.533333333,0.766666667,1,,1152.838428,273.580786,273.8546725,-547.4354585,,61,13,44.67,0.0016,44
48,61,CT,G,,,1,44,13.2,16.9,-2.16,1,2,12.11,,,,,,,,2.29,0.3,0.533333333,0.766666667,1,,672.489083,106.3817952,106.5290853,-212.9108805,,61,295,23.67,0.0016,35
49,79,CT,G,,,1,639,191.7,297.77,-77.96,1,2,144.2,,,,,,,,2.29,0.3,0.533333333,0.766666667,1,,1953.275109,1901.317991,1932.382879,-3833.70087,,79,1971,28.35,0.0016,7
50,79,CT,G,,,1,595,178.5,333.2,-38.08,1,2,72.21,,,,,,,,2.29,0.3,0.533333333,0.766666667,1,,11692.13974,2641.066715,2668.000786,-5309.067501,,79,2753,42.77,0.0016,45
51,91,CT,G,,,1,242,72.6,135.52,-15.49,1,2,46.43,,,,,,,,2.29,0.3,0.533333333,0.766666667,1,,6234.934498,1340.470995,1344.926519,-2685.397513,,91,235,54.04,0.0016,59
52,26,WIND,W,,,1,132.4999847,0,17.57,0,0,0,0,,,,,,,,1.00E-05,0,0.333333333,0.666666667,1,,0,312111.039,936333.117,-1248444.156,,26,0,0,0.0016,0
53,26,WIND,W,,,1,210.4999834,0,34.19,0,0,0,0,,,,,,,,1.00E-05,0,0.333333333,0.666666667,1,,0,787737.6537,2363212.961,-3150950.615,,26,0,0,0.0016,0
54,59,CT,G,,,1,1152.8,345.84,645.57,-73.78,1,2,52.9,,,,,,,,2.29,0.3,0.533333333,0.766666667,1,,23156.68122,6322.604035,6423.709819,-12746.31385,,59,1817,52.29,0.0016,46
55,59,WIND,W,,,1,622.9999846,0,320.88,0,0,0,0,,,,,,,,1.00E-05,0,0.333333333,0.666666667,1,,0,6900070.77,20700212.31,-27600283.08,,59,0,0,0.0016,0
56,26,PV,S,,,1,273.3333333,0,17.47,0,0,0,0,,,,,,,,1.00E-05,0,0.333333333,0.666666667,1,,0,1328197.531,3984592.593,-5312790.123,,26,0,0,0.0016,0
57,26,PV,S,,,1,260,0,16.61,0,0,0,0,,,,,,,,1.00E-05,0,0.333333333,0.666666667,1,,0,1201777.778,3605333.333,-4807111.111,,26,0,0,0.0016,0
58,26,PV,S,,,1,500,0,31.95,0,0,0,0,,,,,,,,1.00E-05,0,0.333333333,0.666666667,1,,0,4444444.444,13333333.33,-17777777.78,,26,0,0,0.0016,0
59,26,PV,S,,,1,491.6666667,0,31.42,0,0,0,0,,,,,,,,1.00E-05,0,0.333333333,0.666666667,1,,0,4297530.864,12892592.59,-17190123.46,,26,0,0,0.0016,0
60,71,CT,G,,,1,201.6,60.48,42.94,-29.03,1,2,27.97,,,,,,,,2.29,0.3,0.533333333,0.766666667,1,,1408.558952,1156.871769,1159.963838,-2316.835607,,71,447,56.05,0.0016,16
61,71,CT,G,,,1,201,60.3,42.81,-28.94,1,2,45.25,,,,,,,,2.29,0.3,0.533333333,0.766666667,1,,4827.510917,890.0350218,893.1087127,-1783.143734,,71,166,43.19,0.0016,55
62,71,CT,G,,,1,283.2,84.96,60.32,-40.78,1,2,59.13,,,,,,,,2.29,0.3,0.533333333,0.766666667,1,,3091.703057,1236.405855,1242.507607,-2478.913462,,71,456,42.47,0.0016,25
63,93,WIND,W,,,1,169.9999881,0,25.56,0,0,0,0,,,,,,,,1.00E-05,0,0.333333333,0.666666667,1,,0,513777.706,1541333.118,-2055110.824,,93,0,0,0.0016,0
64,93,WIND,W,,,1,199.9999882,0,31.95,0,0,0,0,,,,,,,,1.00E-05,0,0.333333333,0.666666667,1,,0,711111.0271,2133333.081,-2844444.108,,93,0,0,0.0016,0
65,25,WIND,W,,,1,138.0000138,0,40.04,0,0,0,0,,,,,,,,1.00E-05,0,0.333333333,0.666666667,1,,0,338560.068,1015680.204,-1354240.272,,25,0,0,0.0016,0
66,112,CT,G,,,1,24.9,7.47,0,0,1,2,2.02,,,,,,,,2.29,0.3,0.533333333,0.766666667,1,,663.2751092,130.263752,130.3109221,-260.574674,,112,311,51.31,0.0016,61
67,14,PV,S,,,1,533.3333333,0,34.08,0,0,0,0,,,,,,,,1.00E-05,0,0.333333333,0.666666667,1,,0,5056790.123,15170370.37,-20227160.49,,14,0,0,0.0016,0
68,74,WIND,W,,,1,34.00008831,0,17.89,0,0,0,0,,,,,,,,1.00E-05,0,0.333333333,0.666666667,1,,0,20551.21786,61653.65359,-82204.87145,,74,0,0,0.0016,0
69,91,PV,S,,,1,5,0,0.58,0,0,0,0,,,,,,,,1.00E-05,0,0.333333333,0.666666667,1,,0,444.4444444,1333.333333,-1777.777778,,91,0,0,0.0016,0
70,57,CT,G,,,1,191.1,57.33,107.02,-12.23,1,2,20.31,,,,,,,,2.29,0.3,0.533333333,0.766666667,1,,3421.441048,1024.884599,1027.662965,-2052.547564,,57,27,52.38,0.0016,41
71,57,CT,G,,,1,861,258.3,482.16,-55.1,1,2,147.96,,,,,,,,2.29,0.3,0.533333333,0.766666667,1,,12031.44105,2715.045066,2771.444451,-5486.489516,,57,3313,29.8,0.0016,32
72,57,CT,G,,,1,450,135,252,-28.8,1,2,54.05,,,,,,,,2.29,0.3,0.533333333,0.766666667,1,,14737.99127,1261.375546,1276.781659,-2538.157205,,57,831,26.91,0.0016,75
73,57,CT,G,,,1,56,16.8,0,0,1,2,10.68,,,,,,,,2.29,0.3,0.533333333,0.766666667,1,,1613.973799,213.6580689,213.8966544,-427.5547233,,57,306,37.37,0.0016,66
74,19,WIND,W,,,1,217.6000262,0,124.7,0,0,0,0,,,,,,,,1.00E-05,0,0.333333333,0.666666667,1,,0,841773.7138,2525321.141,-3367094.855,,19,0,0,0.0016,0
75,98,CT,G,,,1,114,34.2,0,0,1,2,19.7,,,,,,,,2.29,0.3,0.533333333,0.766666667,1,,1742.358079,277.1743231,278.1630533,-555.3373764,,98,447,23.71,0.0016,35
76,44,CT,G,,,1,453.5,136.05,211.33,-55.33,1,2,134.28,,,,,,,,2.29,0.3,0.533333333,0.766666667,1,,11684.06114,1587.465638,1603.112334,-3190.577972,,44,715,33.75,0.0016,59
77,119,WIND,W,,,1,199.9999773,0,31.95,0,0,0,0,,,,,,,,1.00E-05,0,0.333333333,0.666666667,1,,0,711110.9495,2133332.849,-2844443.798,,119,0,0,0.0016,0
78,119,WIND,W,,,1,151.199977,0,21.56,0,0,0,0,,,,,,,,1.00E-05,0,0.333333333,0.666666667,1,,0,406425.4763,1219276.429,-1625701.905,,119,0,0,0.0016,0
79,119,WIND,W,,,1,87.49998257,0,7.99,0,0,0,0,,,,,,,,1.00E-05,0,0.333333333,0.666666667,1,,0,136111.0569,408333.1706,-544444.2275,,119,0,0,0.0016,0
80,119,WIND,W,,,1,141.4999815,0,19.49,0,0,0,0,,,,,,,,1.00E-05,0,0.333333333,0.666666667,1,,0,355951.018,1067853.054,-1423804.072,,119,0,0,0.0016,0
81,119,WIND,W,,,1,184.9999773,0,28.76,0,0,0,0,,,,,,,,1.00E-05,0,0.333333333,0.666666667,1,,0,608444.2953,1825332.886,-2433777.181,,119,0,0,0.0016,0
82,119,WIND,W,,,1,130.4999826,0,17.15,0,0,0,0,,,,,,,,1.00E-05,0,0.333333333,0.666666667,1,,0,302759.9192,908279.7576,-1211039.677,,119,0,0,0.0016,0
83,119,WIND,W,,,1,290.9999776,0,51.33,0,0,0,0,,,,,,,,1.00E-05,0,0.333333333,0.666666667,1,,0,1505439.768,4516319.304,-6021759.072,,119,0,0,0.0016,0
84,42,WIND,W,,,1,1.81E-05,0,16.05,0,0,0,0,,,,,,,,1.00E-05,0,0.333333333,0.666666667,1,,0,5.81E-09,1.74E-08,-2.32E-08,,42,0,0,0.0016,0
85,91,CT,G,,,1,168,50.4,94.08,-10.75,1,2,22.97,,,,,,,,2.29,0.3,0.533333333,0.766666667,1,,5648.908297,577.6265502,579.7738201,-1157.40037,,91,18,33.52,0.0016,77
86,91,PV,S,,,1,25.33333333,0,0,0,0,0,0,,,,,,,,1.00E-05,0,0.333333333,0.666666667,1,,0,11409.38272,34228.14815,-45637.53086,,91,0,0,0.0016,0
87,91,PV,S,,,1,129.3333333,0,0,0,0,0,0,,,,,,,,1.00E-05,0,0.333333333,0.666666667,1,,0,297370.8642,892112.5926,-1189483.457,,91,0,0,0.0016,0
88,94,WIND,W,,,1,170.5999841,0,25.69,0,0,0,0,,,,,,,,1.00E-05,0,0.333333333,0.666666667,1,,0,517410.7482,1552232.245,-2069642.993,,94,0,0,0.0016,0
89,94,WIND,W,,,1,163.9999841,0,24.28,0,0,0,0,,,,,,,,1.00E-05,0,0.333333333,0.666666667,1,,0,478151.0184,1434453.055,-1912604.074,,94,0,0,0.0016,0
90,94,WIND,W,,,1,220.1999844,0,36.25,0,0,0,0,,,,,,,,1.00E-05,0,0.333333333,0.666666667,1,,0,862009.4776,2586028.433,-3448037.91,,94,0,0,0.0016,0
91,94,WIND,W,,,1,785.4999847,0,156.66,0,0,0,0,,,,,,,,1.00E-05,0,0.333333333,0.666666667,1,,0,10969070.68,32907212.05,-43876282.73,,94,0,0,0.0016,0
92,94,WIND,W,,,1,282.4999845,0,49.52,0,0,0,0,,,,,,,,1.00E-05,0,0.333333333,0.666666667,1,,0,1418777.622,4256332.865,-5675110.486,,94,0,0,0.0016,0
93,111,NUC,N,,,1,2708.6,812.58,996.76,-222.11,48,48,135.43,,,,,,,,0.81035,0.3,0.533333333,0.766666667,1,,4011007.589,16418.42078,17995.74387,-34414.16464,,111,0,17.44,0.0016,1200
94,91,CT,G,,,1,63.1,18.93,29.4,-7.7,1,2,6.72,,,,,,,,2.29,0.3,0.533333333,0.766666667,1,,1956.375546,264.5322226,264.8351418,-529.3673644,,91,219,41.06,0.0016,71
95,82,WIND,W,,,1,119.9999868,0,26.88,0,0,0,0,,,,,,,,1.00E-05,0,0.333333333,0.666666667,1,,0,255999.9435,767999.8306,-1023999.774,,82,0,0,0.0016,0
96,22,WIND,W,,,1,99.60002575,0,31.86,0,0,0,0,,,,,,,,1.00E-05,0,0.333333333,0.666666667,1,,0,176358.4912,529075.4736,-705433.9648,,22,0,0,0.0016,0
97,22,WIND,W,,,1,612.5000265,0,141.11,0,0,0,0,,,,,,,,1.00E-05,0,0.333333333,0.666666667,1,,0,6669445.022,20008335.06,-26677780.09,,22,0,0,0.0016,0
98,19,CT,G,,,1,150,45,31.95,-21.6,1,2,7.1,,,,,,,,2.29,0.3,0.533333333,0.766666667,1,,3602.620087,360.8515284,362.5633188,-723.4148472,,19,85,23.41,0.0016,55
99,19,WIND,W,,,1,42.00002267,0,19.6,0,0,0,0,,,,,,,,1.00E-05,0,0.333333333,0.666666667,1,,0,31360.03385,94080.10156,-125440.1354,,19,0,0,0.0016,0
100,36,CT,G,,,1,618.7,185.61,346.47,-39.6,1,2,52.67,,,,,,,,2.29,0.3,0.533333333,0.766666667,1,,1891.222707,3629.567377,3658.689853,-7288.257229,,36,889,56.75,0.0016,7
101,26,PV,S,,,1,18.66666667,0,3.14,0,0,0,0,,,,,,,,1.00E-05,0,0.333333333,0.666666667,1,,0,6194.567901,18583.7037,-24778.2716,,26,0,0,0.0016,0
102,74,WIND,W,,,1,80.50009646,0,27.8,0,0,0,0,,,,,,,,1.00E-05,0,0.333333333,0.666666667,1,,0,115204.7205,345614.1616,-460818.8822,,74,0,0,0.0016,0
103,74,WIND,W,,,1,70.00009472,0,25.56,0,0,0,0,,,,,,,,1.00E-05,0,0.333333333,0.666666667,1,,0,87111.34686,261334.0406,-348445.3874,,74,0,0,0.0016,0
104,74,WIND,W,,,1,13.00007328,0,13.42,0,0,0,0,,,,,,,,1.00E-05,0,0.333333333,0.666666667,1,,0,3004.478317,9013.434951,-12017.91327,,74,0,0,0.0016,0
105,74,CT,G,,,1,249,74.7,53.04,-35.86,1,2,18.55,,,,,,,,2.29,0.3,0.533333333,0.766666667,1,,5110.480349,846.6869869,851.4039965,-1698.090983,,74,49,33.04,0.0016,47
106,50,PV,S,,,1,400,0,25.56,0,0,0,0,,,,,,,,1.00E-05,0,0.333333333,0.666666667,1,,0,2844444.444,8533333.333,-11377777.78,,50,0,0,0.0016,0
107,120,CT,G,,,1,150,45,31.95,-21.6,1,2,13.85,,,,,,,,2.29,0.3,0.533333333,0.766666667,1,,3406.113537,831.1353712,832.8471616,-1663.982533,,120,191,54.18,0.0016,52
108,94,CT,G,,,1,169.5,50.85,36.1,-24.41,1,2,31.2,,,,,,,,2.29,0.3,0.533333333,0.766666667,1,,4589.082969,779.8776419,782.0634271,-1561.941069,,94,155,44.93,0.0016,62
109,77,WIND,W,,,1,199.9999318,0,31.95,0,0,0,0,,,,,,,,1.00E-05,0,0.333333333,0.666666667,1,,0,711110.6265,2133331.879,-2844442.506,,77,0,0,0.0016,0
110,2,WIND,W,,,1,338.5999989,0,61.47,0,0,0,0,,,,,,,,1.00E-05,0,0.333333333,0.666666667,1,,0,2038221.498,6114664.495,-8152885.994,,2,0,0,0.0016,0
111,70,PV,S,,,1,32,0,3.69,0,0,0,0,,,,,,,,1.00E-05,0,0.333333333,0.666666667,1,,0,18204.44444,54613.33333,-72817.77778,,70,0,0,0.0016,0
112,82,CT,G,,,1,250,75,140,-16,1,2,15.92,,,,,,,,2.29,0.3,0.533333333,0.766666667,1,,6113.537118,1287.748666,1292.503639,-2580.252305,,82,329,50.22,0.0016,56
113,30,WIND,W,,,1,150.0001006,0,42.6,0,0,0,0,,,,,,,,1.00E-05,0,0.333333333,0.666666667,1,,0,400000.5367,1200001.61,-1600002.147,,30,0,0,0.0016,0
114,30,CT,G,,,1,165.6,49.68,35.27,-23.85,1,2,7.55,,,,,,,,2.29,0.3,0.533333333,0.766666667,1,,5640.524017,773.1509659,775.2373235,-1548.388289,,30,317,45.6,0.0016,78
115,30,WIND,W,,,1,150.0001006,0,42.6,0,0,0,0,,,,,,,,1.00E-05,0,0.333333333,0.666666667,1,,0,400000.5367,1200001.61,-1600002.147,,30,0,0,0.0016,0
116,120,PV,S,,,1,199.3333333,0,12.74,0,0,0,0,,,,,,,,1.00E-05,0,0.333333333,0.666666667,1,,0,706378.2716,2119134.815,-2825513.086,,120,0,0,0.0016,0
117,30,WIND,W,,,1,10.00007654,0,12.78,0,0,0,0,,,,,,,,1.00E-05,0,0.333333333,0.666666667,1,,0,1777.804992,5333.414977,-7111.21997,,30,0,0,0.0016,0
118,93,CT,G,,,1,225,67.5,47.93,-32.4,1,2,24.28,,,,,,,,2.29,0.3,0.533333333,0.766666667,1,,6975.982533,555.2620087,559.1135371,-1114.375546,,93,306,23.92,0.0016,71
119,93,WIND,W,,,1,199.9999882,0,31.95,0,0,0,0,,,,,,,,1.00E-05,0,0.333333333,0.666666667,1,,0,711111.0271,2133333.081,-2844444.108,,93,0,0,0.0016,0
120,93,WIND,W,,,1,117.5999879,0,14.4,0,0,0,0,,,,,,,,1.00E-05,0,0.333333333,0.666666667,1,,0,245862.3495,737587.0486,-983449.3982,,93,0,0,0.0016,0
121,53,CT,G,,,1,1097.4,329.22,511.39,-133.88,1,2,119.29,,,,,,,,2.29,0.3,0.533333333,0.766666667,1,,3833.71179,4305.296678,4396.9183,-8702.214978,,53,1850,37.04,0.0016,8
122,81,CT,G,,,1,243.3,72.99,113.38,-29.68,1,2,67.83,,,,,,,,2.29,0.3,0.533333333,0.766666667,1,,2231.135371,759.4388157,763.9423377,-1523.381153,,81,343,30.31,0.0016,21
123,50,PV,S,,,1,6.666666667,0,1.02,0,0,0,0,,,,,,,,1.00E-05,0,0.333333333,0.666666667,1,,0,790.1234568,2370.37037,-3160.493827,,50,0,0,0.0016,0
124,98,CT,G,,,1,44,13.2,0,0,1,2,8.2,,,,,,,,2.29,0.3,0.533333333,0.766666667,1,,115.2838428,219.6737894,219.8210795,-439.4948689,,98,107,48.94,0.0016,6
125,50,WIND,W,,,1,174.1999763,0,26.45,0,0,0,0,,,,,,,,1.00E-05,0,0.333333333,0.666666667,1,,0,539477.8977,1618433.693,-2157911.591,,50,0,0,0.0016,0
126,50,PV,S,,,1,300,0,19.17,0,0,0,0,,,,,,,,1.00E-05,0,0.333333333,0.666666667,1,,0,1600000,4800000,-6400000,,50,0,0,0.0016,0
127,50,PV,S,,,1,385,0,24.6,0,0,0,0,,,,,,,,1.00E-05,0,0.333333333,0.666666667,1,,0,2635111.111,7905333.333,-10540444.44,,50,0,0,0.0016,0
128,50,WIND,W,,,1,249.499976,0,42.49,0,0,0,0,,,,,,,,1.00E-05,0,0.333333333,0.666666667,1,,0,1106670.898,3320012.694,-4426683.593,,50,0,0,0.0016,0
129,48,CT,G,,,1,126.5,37.95,26.94,-18.22,1,2,35.81,,,,,,,,2.29,0.3,0.533333333,0.766666667,1,,2817.248908,491.1968607,492.4143051,-983.6111658,,48,357,37.94,0.0016,51
130,48,CT,G,,,1,209,62.7,44.52,-30.1,1,2,60.41,,,,,,,,2.29,0.3,0.533333333,0.766666667,1,,1277.729258,531.0810674,534.4042993,-1065.485367,,48,501,24.66,0.0016,14
131,48,WIND,W,,,1,100.000041,0,31.95,0,0,0,0,,,,,,,,1.00E-05,0,0.333333333,0.666666667,1,,0,177777.9235,533333.7706,-711111.6942,,48,0,0,0.0016,0
132,48,WIND,W,,,1,147.000042,0,41.96,0,0,0,0,,,,,,,,1.00E-05,0,0.333333333,0.666666667,1,,0,384160.2195,1152480.659,-1536640.878,,48,0,0,0.0016,0
133,18,WIND,W,,,1,139.8039648,0,38.34,0,0,0,0,,,,,,,,1.00E-05,0,0.333333333,0.666666667,1,,0,347469.3078,1042407.923,-1389877.231,,18,0,0,0.0016,0
134,18,WIND,W,,,1,6.18E-05,0,1.92,0,0,0,0,,,,,,,,1.00E-05,0,0.333333333,0.666666667,1,,0,6.79E-08,2.04E-07,-2.71E-07,,18,0,0,0.0016,0
135,18,WIND,W,,,1,187.3297783,0,42.62,0,0,0,0,,,,,,,,1.00E-05,0,0.333333333,0.666666667,1,,0,623865.7041,1871597.112,-2495462.816,,18,0,0,0.0016,0
136,85,WIND,W,,,1,153.0000243,0,43.24,0,0,0,0,,,,,,,,1.00E-05,0,0.333333333,0.666666667,1,,0,416160.132,1248480.396,-1664640.528,,85,0,0,0.0016,0
137,85,CT,G,,,1,200,60,42.6,-28.8,1,2,39.62,,,,,,,,2.29,0.3,0.533333333,0.766666667,1,,2096.069869,1097.719554,1100.762737,-2198.48229,,85,80,53.6,0.0016,24
138,85,CT,G,,,1,201.6,60.48,42.94,-29.03,1,2,59.83,,,,,,,,2.29,0.3,0.533333333,0.766666667,1,,3169.257642,730.4305467,733.5226153,-1463.953162,,85,194,35.29,0.0016,36
139,70,WIND,W,,,1,149.7999882,0,21.26,0,0,0,0,,,,,,,,1.00E-05,0,0.333333333,0.666666667,1,,0,398933.9818,1196801.946,-1595735.927,,70,0,0,0.0016,0
140,2,WIND,W,,,1,250.5999989,0,42.73,0,0,0,0,,,,,,,,1.00E-05,0,0.333333333,0.666666667,1,,0,1116450.835,3349352.505,-4465803.34,,2,0,0,0.0016,0
141,14,WIND,W,,,1,229.9999967,0,38.34,0,0,0,0,,,,,,,,1.00E-05,0,0.333333333,0.666666667,1,,0,940444.4178,2821333.253,-3761777.671,,14,0,0,0.0016,0
142,14,PV,S,,,1,703.3333333,0,44.94,0,0,0,0,,,,,,,,1.00E-05,0,0.333333333,0.666666667,1,,0,8794271.605,26382814.81,-35177086.42,,14,0,0,0.0016,0
143,53,WIND,W,,,1,238.499988,0,0,0,0,0,0,,,,,,,,1.00E-05,0,0.333333333,0.666666667,1,,0,1011239.898,3033719.695,-4044959.594,,53,0,0,0.0016,0
144,62,CT,G,,,1,52.1,15.63,26.52,-5.78,1,2,3.83,,,,,,,,2.29,0.3,0.533333333,0.766666667,1,,1706.331878,277.4770669,277.683578,-555.1606449,,62,590,52.2,0.0016,75
145,66,WIND,W,,,1,100.0000361,0,31.95,0,0,0,0,,,,,,,,1.00E-05,0,0.333333333,0.666666667,1,,0,177777.906,533333.7179,-711111.6238,,66,0,0,0.0016,0
146,75,WIND,W,,,1,267.9999992,0,46.43,0,0,0,0,,,,,,,,1.00E-05,0,0.333333333,0.666666667,1,,0,1276871.103,3830613.31,-5107484.414,,75,0,0,0.0016,0
147,75,CT,G,,,1,181.7,54.51,38.7,-26.16,1,2,10.51,,,,,,,,2.29,0.3,0.533333333,0.766666667,1,,1745.58952,956.4663315,958.9780902,-1915.444422,,75,531,51.42,0.0016,22
148,83,CT,G,,,1,13.9,4.17,0,0,1,2,0.64,,,,,,,,2.29,0.3,0.533333333,0.766666667,1,,42.48908297,67.55556468,67.57026401,-135.1258287,,83,418,47.68,0.0016,7
149,52,CT,G,,,1,10,3,0,0,1,2,0.19,,,,,,,,2.29,0.3,0.533333333,0.766666667,1,,109.1703057,58.05143134,58.0590393,-116.1104706,,52,38,56.96,0.0016,25
150,52,CT,G,,,1,10,3,0,0,1,2,1.78,,,,,,,,2.29,0.3,0.533333333,0.766666667,1,,222.7074236,47.66860747,47.67621543,-95.3448229,,52,77,46.77,0.0016,51
151,52,CT,G,,,1,40.7,12.21,0,0,1,2,9.28,,,,,,,,2.29,0.3,0.533333333,0.766666667,1,,124.4104803,132.9295571,133.0555822,-265.9851393,,52,353,32,0.0016,7
152,52,PV,S,,,1,14.66666667,0,0,0,0,0,0,,,,,,,,1.00E-05,0,0.333333333,0.666666667,1,,0,3824.197531,11472.59259,-15296.79012,,52,0,0,0.0016,0
153,83,PV,S,,,1,18.33333333,0,0,0,0,0,0,,,,,,,,1.00E-05,0,0.333333333,0.666666667,1,,0,5975.308642,17925.92593,-23901.23457,,83,0,0,0.0016,0
154,70,PV,S,,,1,132,0,0,0,0,0,0,,,,,,,,1.00E-05,0,0.333333333,0.666666667,1,,0,309760,929280,-1239040,,70,0,0,0.0016,0
155,79,CT,G,,,1,30,9,0,0,1,2,3.44,,,,,,,,2.29,0.3,0.533333333,0.766666667,1,,655.0218341,168.3056769,168.3741485,-336.6798253,,79,507,55.02,0.0016,50
156,43,CT,G,,,1,661.5,198.45,308.26,-80.7,1,2,63.37,,,,,,,,2.29,0.3,0.533333333,0.766666667,1,,20220.52402,2970.529782,3003.820852,-5974.350634,,43,2325,43.19,0.0016,70
157,16,WIND,W,,,1,249.999999,0,42.6,0,0,0,0,,,,,,,,1.00E-05,0,0.333333333,0.666666667,1,,0,1111111.102,3333333.306,-4444444.408,,16,0,0,0.0016,0
158,16,PV,S,,,1,536.6666667,0,34.29,0,0,0,0,,,,,,,,1.00E-05,0,0.333333333,0.666666667,1,,0,5120197.531,15360592.59,-20480790.12,,16,0,0,0.0016,0
159,38,WIND,W,,,1,1.46E-05,0,0,0,0,0,0,,,,,,,,1.00E-05,0,0.333333333,0.666666667,1,,0,3.77E-09,1.13E-08,-1.51E-08,,38,0,0,0.0016,0
160,108,PV,S,,,1,4.666666667,0,0,0,0,0,0,,,,,,,,1.00E-05,0,0.333333333,0.666666667,1,,0,387.1604938,1161.481481,-1548.641975,,108,0,0,0.0016,0
161,74,PV,S,,,1,100,0,6.39,0,0,0,0,,,,,,,,1.00E-05,0,0.333333333,0.666666667,1,,0,177777.7778,533333.3333,-711111.1111,,74,0,0,0.0016,0
162,6,WIND,W,,,1,162.4999844,0,23.96,0,0,0,0,,,,,,,,1.00E-05,0,0.333333333,0.666666667,1,,0,469444.3544,1408333.063,-1877777.418,,6,0,0,0.0016,0
163,120,WIND,W,,,1,185.3999876,0,28.84,0,0,0,0,,,,,,,,1.00E-05,0,0.333333333,0.666666667,1,,0,611078.3186,1833234.956,-2444313.274,,120,0,0,0.0016,0
164,3,PV,S,,,1,33.33333333,0,0,0,0,0,0,,,,,,,,1.00E-05,0,0.333333333,0.666666667,1,,0,19753.08642,59259.25926,-79012.34568,,3,0,0,0.0016,0
165,82,COAL,C,,,1,1175.4,352.62,547.74,-143.4,12,12,66.56,,,,,,,,1.78,0.3,0.533333333,0.766666667,1,,235080,3098.090265,3233.31462,-6331.404886,,82,2367,18.54,0.0016,356
166,27,CT,G,,,1,927.5,278.25,432.22,-113.15,1,2,207.82,,,,,,,,2.29,0.3,0.533333333,0.766666667,1,,8505.458515,3108.902596,3174.350524,-6283.25312,,27,2558,31.66,0.0016,21
167,76,PV,S,,,1,10.66666667,0,1.63,0,0,0,0,,,,,,,,1.00E-05,0,0.333333333,0.666666667,1,,0,2022.716049,6068.148148,-8090.864198,,76,0,0,0.0016,0
168,76,PV,S,,,1,5.333333333,0,0.81,0,0,0,0,,,,,,,,1.00E-05,0,0.333333333,0.666666667,1,,0,505.6790123,1517.037037,-2022.716049,,76,0,0,0.0016,0
169,76,WIND,W,,,1,1.55E-05,0,0,0,0,0,0,,,,,,,,1.00E-05,0,0.333333333,0.666666667,1,,0,4.26E-09,1.28E-08,-1.70E-08,,76,0,0,0.0016,0
170,76,PV,S,,,1,11.66666667,0,1.78,0,0,0,0,,,,,,,,1.00E-05,0,0.333333333,0.666666667,1,,0,2419.753086,7259.259259,-9679.012346,,76,0,0,0.0016,0
171,76,CT,G,,,1,357.6,107.28,200.26,-22.89,1,2,53.95,,,,,,,,2.29,0.3,0.533333333,0.766666667,1,,3747.772926,1598.724975,1608.45386,-3207.178835,,76,406,43.4,0.0016,24
172,13,PV,S,,,1,14,0,2.14,0,0,0,0,,,,,,,,1.00E-05,0,0.333333333,0.666666667,1,,0,3484.444444,10453.33333,-13937.77778,,13,0,0,0.0016,0
173,13,PV,S,,,1,21.33333333,0,3.26,0,0,0,0,,,,,,,,1.00E-05,0,0.333333333,0.666666667,1,,0,8090.864198,24272.59259,-32363.45679,,13,0,0,0.0016,0
174,13,CT,G,,,1,418,125.4,234.08,-26.75,1,2,113.34,,,,,,,,2.29,0.3,0.533333333,0.766666667,1,,14055.02183,1358.964444,1372.257372,-2731.221816,,13,1556,31.35,0.0016,77
175,82,COAL,C,,,1,852.2,255.66,397.13,-103.97,12,12,42.03,,,,,,,,1.78,0.3,0.533333333,0.766666667,1,,113467.0787,2343.292531,2414.375672,-4757.668203,,82,2029,19.84,0.0016,237
176,82,CT,G,,,1,1850.8,555.24,1036.45,-118.45,1,2,254.49,,,,,,,,2.29,0.3,0.533333333,0.766666667,1,,58999.30131,6630.124163,6890.731746,-13520.85591,,82,2164,32.69,0.0016,73
177,98,COAL,C,,,1,1108.3,332.49,620.65,-70.93,12,12,15.58,,,,,,,,1.78,0.3,0.533333333,0.766666667,1,,90282.86517,2954.722265,3074.948214,-6029.67048,,98,2935,18.86,0.0016,145
178,81,CT,G,,,1,803.2,240.96,449.79,-51.4,1,2,229.65,,,,,,,,2.29,0.3,0.533333333,0.766666667,1,,27708.64629,3676.323953,3725.405186,-7401.729139,,81,799,43.85,0.0016,79
179,1,CT,G,,,1,109.9,32.97,55.94,-12.2,1,2,6.45,,,,,,,,2.29,0.3,0.533333333,0.766666667,1,,2975.458515,434.2181527,435.1370426,-869.3551953,,1,101,38.63,0.0016,62
180,54,CT,G,,,1,939.6,281.88,526.18,-60.13,1,2,214.7,,,,,,,,2.29,0.3,0.533333333,0.766666667,1,,13540.08734,4811.102128,4878.268839,-9689.370966,,54,3039,49,0.0016,33
181,98,COAL,C,,,1,1980,594,922.68,-241.56,12,12,156.5,,,,,,,,1.78,0.3,0.533333333,0.766666667,1,,309235.9551,5782.786517,6166.506067,-11949.29258,,98,1473,19.64,0.0016,278
182,78,CT,G,,,1,2379.6,713.88,1108.89,-290.31,1,2,282.78,,,,,,,,2.29,0.3,0.533333333,0.766666667,1,,24939.0393,8659.028416,9089.828706,-17748.85712,,78,1261,32.54,0.0016,24
183,1,CT,G,,,1,713.4,214.02,0,0,1,2,106.07,,,,,,,,2.29,0.3,0.533333333,0.766666667,1,,13707.24891,4084.535874,4123.255779,-8207.791653,,1,2955,55.24,0.0016,44
184,98,CT,G,,,1,570,171,319.2,-36.48,1,2,52.87,,,,,,,,2.29,0.3,0.533333333,0.766666667,1,,18917.03057,2250.545852,2275.264105,-4525.809956,,98,2028,37.99,0.0016,76
185,117,COAL,C,,,1,1186.8,356.04,553.05,-144.79,12,12,94.72,,,,,,,,1.78,0.3,0.533333333,0.766666667,1,,76008.53933,3175.618993,3313.479104,-6489.098097,,117,2454,18.83,0.0016,114
186,102,CT,G,,,1,1036,310.8,580.16,-66.3,1,2,141.34,,,,,,,,2.29,0.3,0.533333333,0.766666667,1,,13572.0524,3803.482232,3885.138133,-7688.620365,,102,2012,34.65,0.0016,30
187,55,COAL,C,,,1,1314.8,394.44,612.7,-160.41,12,12,90.71,,,,,,,,1.78,0.3,0.533333333,0.766666667,1,,200913.2584,3602.686599,3771.887603,-7374.574202,,55,2229,19.15,0.0016,272
188,27,PV,S,,,1,19,0,0,0,0,0,0,,,,,,,,1.00E-05,0,0.333333333,0.666666667,1,,0,6417.777778,19253.33333,-25671.11111,,27,0,0,0.0016,0
189,27,CT,G,,,1,746,223.8,417.76,-47.74,1,2,48.67,,,,,,,,2.29,0.3,0.533333333,0.766666667,1,,23129.25764,3132.034488,3174.373988,-6306.408476,,27,3562,40.21,0.0016,71
190,58,PV,S,,,1,16,0,2.44,0,0,0,0,,,,,,,,1.00E-05,0,0.333333333,0.666666667,1,,0,4551.111111,13653.33333,-18204.44444,,58,0,0,0.0016,0
191,58,PV,S,,,1,41.33333333,0,6.31,0,0,0,0,,,,,,,,1.00E-05,0,0.333333333,0.666666667,1,,0,30372.34568,91117.03704,-121489.3827,,58,0,0,0.0016,0
192,58,WIND,W,,,1,332.5999964,0,158.26,0,0,0,0,,,,,,,,1.00E-05,0,0.333333333,0.666666667,1,,0,1966626.802,5899880.406,-7866507.208,,58,0,0,0.0016,0
193,58,CT,G,,,1,1734,520.2,971.04,-110.98,1,2,457.64,,,,,,,,2.29,0.3,0.533333333,0.766666667,1,,37103.05677,10239.03022,10467.78293,-20706.81315,,58,1040,55.64,0.0016,49
194,7,WIND,W,,,1,176.499995,0,58.95,0,0,0,0,,,,,,,,1.00E-05,0,0.333333333,0.666666667,1,,0,553817.7464,1661453.239,-2215270.986,,7,0,0,0.0016,0
195,40,CT,G,,,1,1280,384,716.8,-81.92,1,2,238.81,,,,,,,,2.29,0.3,0.533333333,0.766666667,1,,6148.471616,6636.74721,6761.395983,-13398.14319,,40,2874,49.18,0.0016,11
196,87,PV,S,,,1,10.66666667,0,1.63,0,0,0,0,,,,,,,,1.00E-05,0,0.333333333,0.666666667,1,,0,2022.716049,6068.148148,-8090.864198,,87,0,0,0.0016,0
197,87,CT,G,,,1,427.7,128.31,199.31,-52.18,1,2,9.57,,,,,,,,2.29,0.3,0.533333333,0.766666667,1,,14194.41048,1470.814023,1484.731053,-2955.545076,,87,1402,33.18,0.0016,76
198,43,PV,S,,,1,20,0,0,0,0,0,0,,,,,,,,1.00E-05,0,0.333333333,0.666666667,1,,0,7111.111111,21333.33333,-28444.44444,,43,0,0,0.0016,0
199,63,WIND,W,,,1,129.9999691,0,44.8,0,0,0,0,,,,,,,,1.00E-05,0,0.333333333,0.666666667,1,,0,300444.3017,901332.9052,-1201777.207,,63,0,0,0.0016,0
200,63,PV,S,,,1,34.66666667,0,5.29,0,0,0,0,,,,,,,,1.00E-05,0,0.333333333,0.666666667,1,,0,21364.93827,64094.81481,-85459.75309,,63,0,0,0.0016,0
201,42,CT,G,,,1,603.6,181.08,281.28,-73.64,1,2,159.43,,,,,,,,2.29,0.3,0.533333333,0.766666667,1,,13969.78166,3354.624293,3382.342589,-6736.966883,,42,1182,53.74,0.0016,53
202,115,CT,G,,,1,788.4,236.52,441.5,-50.46,1,2,61.5,,,,,,,,2.29,0.3,0.533333333,0.766666667,1,,6541.310044,4619.179368,4666.468495,-9285.647862,,115,1054,56.45,0.0016,19
203,99,CT,G,,,1,803.2,240.96,449.79,-51.4,1,2,119.51,,,,,,,,2.29,0.3,0.533333333,0.766666667,1,,20693.79913,2476.55126,2525.632493,-5002.183754,,99,3625,29.19,0.0016,59
204,28,WIND,W,,,1,856.9999804,0,451.92,0,0,0,0,,,,,,,,1.00E-05,0,0.333333333,0.666666667,1,,0,13056870.51,39170611.54,-52227482.06,,28,0,0,0.0016,0
205,77,WIND,W,,,1,1057.999957,0,469.73,0,0,0,0,,,,,,,,1.00E-05,0,0.333333333,0.666666667,1,,0,19899802.83,59699408.48,-79599211.3,,77,0,0,0.0016,0
206,22,WIND,W,,,1,1799.800027,0,862.01,0,0,0,0,,,,,,,,1.00E-05,0,0.333333333,0.666666667,1,,0,57587202.41,172761607.2,-230348809.6,,22,0,0,0.0016,0
207,89,CT,G,,,1,634.7,190.41,295.77,-77.43,1,2,96.48,,,,,,,,2.29,0.3,0.533333333,0.766666667,1,,7760.524017,1764.631065,1795.279271,-3559.910337,,89,975,26.44,0.0016,28
208,86,CT,G,,,1,153.9,46.17,86.18,-9.85,1,2,45.01,,,,,,,,2.29,0.3,0.533333333,0.766666667,1,,2889.825328,468.3228524,470.1248131,-938.4476655,,86,420,29.66,0.0016,43
209,89,CT,G,,,1,590.6,177.18,275.22,-72.05,1,2,110.74,,,,,,,,2.29,0.3,0.533333333,0.766666667,1,,7221.310044,1571.08426,1597.621452,-3168.705712,,89,673,25.32,0.0016,28
210,106,PV,S,,,1,4.333333333,0,0.66,0,0,0,0,,,,,,,,1.00E-05,0,0.333333333,0.666666667,1,,0,333.8271605,1001.481481,-1335.308642,,106,0,0,0.0016,0
211,106,CT,G,,,1,536.4,160.92,300.38,-34.33,1,2,32.74,,,,,,,,2.29,0.3,0.533333333,0.766666667,1,,9369.432314,2731.942197,2753.832189,-5485.774387,,106,1821,49.27,0.0016,40
212,92,CT,G,,,1,230,69,128.8,-14.72,1,2,24.57,,,,,,,,2.29,0.3,0.533333333,0.766666667,1,,2812.227074,689.8549248,693.8795342,-1383.734459,,92,61,29.13,0.0016,28
213,90,CT,G,,,1,35,10.5,16.31,-4.27,1,2,1.39,,,,,,,,2.29,0.3,0.533333333,0.766666667,1,,106.9868996,177.4793789,177.5725764,-355.0519554,,90,66,49.72,0.0016,7
214,90,PV,S,,,1,25,0,0,0,0,0,0,,,,,,,,1.00E-05,0,0.333333333,0.666666667,1,,0,11111.11111,33333.33333,-44444.44444,,90,0,0,0.0016,0
215,90,CT,G,,,1,923.8,277.14,517.33,-59.12,1,2,51.3,,,,,,,,2.29,0.3,0.533333333,0.766666667,1,,20170.30568,3806.703243,3871.63004,-7678.333283,,90,1258,39.21,0.0016,50
216,68,CT,G,,,1,48,14.4,26.88,-3.07,1,2,2.71,,,,,,,,2.29,0.3,0.533333333,0.766666667,1,,1194.759825,160.9278603,161.1031476,-322.0310079,,68,369,32.84,0.0016,57
217,68,PV,S,,,1,16.66666667,0,2.8,0,0,0,0,,,,,,,,1.00E-05,0,0.333333333,0.666666667,1,,0,4938.271605,14814.81481,-19753.08642,,68,0,0,0.0016,0
218,68,PV,S,,,1,23,0,3.86,0,0,0,0,,,,,,,,1.00E-05,0,0.333333333,0.666666667,1,,0,9404.444444,28213.33333,-37617.77778,,68,0,0,0.0016,0
219,68,PV,S,,,1,15.66666667,0,0,0,0,0,0,,,,,,,,1.00E-05,0,0.333333333,0.666666667,1,,0,4363.45679,13090.37037,-17453.82716,,68,0,0,0.0016,0
220,68,CT,G,,,1,815,244.5,456.4,-52.16,1,2,177.54,,,,,,,,2.29,0.3,0.533333333,0.766666667,1,,8897.379913,3533.999757,3584.533712,-7118.533469,,68,1533,41.47,0.0016,25
221,90,PV,S,,,1,13.33333333,0,2.04,0,0,0,0,,,,,,,,1.00E-05,0,0.333333333,0.666666667,1,,0,3160.493827,9481.481481,-12641.97531,,90,0,0,0.0016,0
222,90,CT,G,,,1,878.4,263.52,409.33,-107.16,1,2,57.98,,,,,,,,2.29,0.3,0.533333333,0.766666667,1,,24932.75109,4319.482774,4378.18475,-8697.667524,,90,2327,47.09,0.0016,65
223,100,CT,G,,,1,453.2,135.96,253.79,-29,1,2,15.61,,,,,,,,2.29,0.3,0.533333333,0.766666667,1,,3364.366812,2011.69257,2027.318572,-4039.011142,,100,2943,42.96,0.0016,17
224,100,CT,G,,,1,252,75.6,0,0,1,2,45.26,,,,,,,,2.29,0.3,0.533333333,0.766666667,1,,6272.489083,1440.11214,1444.943497,-2885.055637,,100,289,55.75,0.0016,57
225,86,PV,S,,,1,12.33333333,0,2.07,0,0,0,0,,,,,,,,1.00E-05,0,0.333333333,0.666666667,1,,0,2704.197531,8112.592593,-10816.79012,,86,0,0,0.0016,0
226,86,CT,G,,,1,102.7,30.81,57.51,-6.57,1,2,24.18,,,,,,,,2.29,0.3,0.533333333,0.766666667,1,,3363.537118,573.8321888,574.6346222,-1148.466811,,86,156,54.7,0.0016,75
227,54,CT,G,,,1,1189.9,356.97,666.34,-76.15,1,2,13.65,,,,,,,,2.29,0.3,0.533333333,0.766666667,1,,25460.74236,4713.454281,4821.172458,-9534.626739,,54,663,37.29,0.0016,49
228,44,CT,G,,,1,10.2,3.06,5.19,-1.13,1,2,2.6,,,,,,,,2.29,0.3,0.533333333,0.766666667,1,,138.0786026,54.74374148,54.7516568,-109.4953983,,44,208,52.66,0.0016,31
229,44,CT,G,,,1,918.3,275.49,514.25,-58.77,1,2,56.14,,,,,,,,2.29,0.3,0.533333333,0.766666667,1,,2807.030568,3721.598554,3785.754547,-7507.353101,,44,2112,38.55,0.0016,7
230,91,CT,G,,,1,1690,507,787.54,-206.18,1,2,453.27,,,,,,,,2.29,0.3,0.533333333,0.766666667,1,,48707.42358,7573.840369,7791.131237,-15364.97161,,91,1637,41.73,0.0016,66
231,91,CT,G,,,1,101.9,30.57,57.06,-6.52,1,2,7.78,,,,,,,,2.29,0.3,0.533333333,0.766666667,1,,2135.895197,290.2608398,291.0508204,-581.3116602,,91,600,27.82,0.0016,48
232,91,COAL,C,,,1,939.7,281.91,526.23,-60.14,12,12,34.98,,,,,,,,1.78,0.3,0.533333333,0.766666667,1,,194275.0562,2430.735247,2517.164747,-4947.899993,,91,2470,18.48,0.0016,368
233,91,PV,S,,,1,14.33333333,0,2.41,0,0,0,0,,,,,,,,1.00E-05,0,0.333333333,0.666666667,1,,0,3652.345679,10957.03704,-14609.38272,,91,0,0,0.0016,0
234,91,CT,G,,,1,643.6,193.08,360.42,-41.19,1,2,145.43,,,,,,,,2.29,0.3,0.533333333,0.766666667,1,,7026.200873,2160.668563,2192.182317,-4352.85088,,91,2859,32.09,0.0016,25
235,65,CT,G,,,1,4008.4,1202.52,1867.91,-489.02,1,2,1030.93,,,,,,,,2.29,0.3,0.533333333,0.766666667,1,,19254.32314,19467.38876,20689.77985,-40157.16861,,65,1913,42.32,0.0016,11
236,31,WIND,W,,,1,530.1000171,0,324.86,0,0,0,0,,,,,,,,1.00E-05,0,0.333333333,0.666666667,1,,0,4995662.723,14986988.17,-19982650.89,,31,0,0,0.0016,0
237,19,WIND,W,,,1,522.0000273,0,320.32,0,0,0,0,,,,,,,,1.00E-05,0,0.333333333,0.666666667,1,,0,4844160.506,14532481.52,-19376642.03,,19,0,0,0.0016,0
238,49,PV,S,,,1,136.6666667,0,22.96,0,0,0,0,,,,,,,,1.00E-05,0,0.333333333,0.666666667,1,,0,332049.3827,996148.1481,-1328197.531,,49,0,0,0.0016,0
239,33,CT,G,,,1,15,4.5,8.4,-0.96,1,2,3.79,,,,,,,,2.29,0.3,0.533333333,0.766666667,1,,26.20087336,53.89082969,53.9079476,-107.7987773,,33,419,35.24,0.0016,4
240,15,PV,S,,,1,22.66666667,0,3.46,0,0,0,0,,,,,,,,1.00E-05,0,0.333333333,0.666666667,1,,0,9133.82716,27401.48148,-36535.30864,,15,0,0,0.0016,0
241,15,COAL,C,,,1,1176,352.8,658.56,-75.26,12,12,73.44,,,,,,,,1.78,0.3,0.533333333,0.766666667,1,,157240.4494,3229.287191,3364.649636,-6593.936827,,15,2972,19.38,0.0016,238
242,52,CT,G,,,1,1795.4,538.62,836.66,-219.04,1,2,84.64,,,,,,,,2.29,0.3,0.533333333,0.766666667,1,,13328.29694,8520.102496,8765.342045,-17285.44454,,52,3296,44.18,0.0016,17
243,88,CT,G,,,1,376.9,113.07,211.06,-24.12,1,2,106.18,,,,,,,,2.29,0.3,0.533333333,0.766666667,1,,9710.524017,1950.595934,1961.403312,-3911.999247,,88,37,50.29,0.0016,59
244,33,CT,G,,,1,215.2,64.56,120.51,-13.77,1,2,47.73,,,,,,,,2.29,0.3,0.533333333,0.766666667,1,,7048.034934,991.0430913,994.5664155,-1985.609507,,33,8,44.91,0.0016,75
245,113,WIND,W,,,1,260.0000216,0,144.46,0,0,0,0,,,,,,,,1.00E-05,0,0.333333333,0.666666667,1,,0,1201777.978,3605333.934,-4807111.911,,113,0,0,0.0016,0
246,80,CT,G,,,1,689.4,206.82,386.06,-44.12,1,2,198.78,,,,,,,,2.29,0.3,0.533333333,0.766666667,1,,15353.44978,3795.256381,3831.414899,-7626.67128,,80,1850,53.11,0.0016,51
247,46,WIND,W,,,1,572.4000116,0,290.04,0,0,0,0,,,,,,,,1.00E-05,0,0.333333333,0.666666667,1,,0,5824742.636,17474227.91,-23298970.55,,46,0,0,0.0016,0
248,19,WIND,W,,,1,52.4000231,0,57.34,0,0,0,0,,,,,,,,1.00E-05,0,0.333333333,0.666666667,1,,0,48813.55415,146440.6624,-195254.2166,,19,0,0,0.0016,0
249,113,WIND,W,,,1,500.0000227,0,308,0,0,0,0,,,,,,,,1.00E-05,0,0.333333333,0.666666667,1,,0,4444444.849,13333334.55,-17777779.4,,113,0,0,0.0016,0
250,80,COAL,C,,,1,410,123,191.06,-50.02,12,12,24.48,,,,,,,,1.78,0.3,0.533333333,0.766666667,1,,35241.57303,1050.00437,1066.457603,-2116.461973,,80,2184,18.99,0.0016,153
251,118,WIND,W,,,1,1088.000015,0,530.31,0,0,0,0,,,,,,,,1.00E-05,0,0.333333333,0.666666667,1,,0,21044338.35,63133015.04,-84177353.39,,118,0,0,0.0016,0
252,25,WIND,W,,,1,890.200014,0,526.51,0,0,0,0,,,,,,,,1.00E-05,0,0.333333333,0.666666667,1,,0,14088107.82,42264323.47,-56352431.29,,25,0,0,0.0016,0
253,25,CT,G,,,1,1088.2,326.46,609.39,-69.64,1,2,159.54,,,,,,,,2.29,0.3,0.533333333,0.766666667,1,,8553.537118,5362.220867,5452.312718,-10814.53359,,25,3636,46.91,0.0016,18
254,23,PV,S,,,1,32,0,4.89,0,0,0,0,,,,,,,,1.00E-05,0,0.333333333,0.666666667,1,,0,18204.44444,54613.33333,-72817.77778,,23,0,0,0.0016,0
255,23,PV,S,,,1,14.66666667,0,2.24,0,0,0,0,,,,,,,,1.00E-05,0,0.333333333,0.666666667,1,,0,3824.197531,11472.59259,-15296.79012,,23,0,0,0.0016,0
256,23,CT,G,,,1,932,279.6,434.31,-113.7,1,2,105.24,,,,,,,,2.29,0.3,0.533333333,0.766666667,1,,13023.58079,2822.571722,2888.656266,-5711.227988,,23,1950,28.48,0.0016,32
257,79,CT,G,,,1,229.6,68.88,128.58,-14.69,1,2,42.18,,,,,,,,2.29,0.3,0.533333333,0.766666667,1,,2606.812227,1057.807416,1061.818039,-2119.625455,,79,485,44.91,0.0016,26
258,8,PV,S,,,1,28,0,4.28,0,0,0,0,,,,,,,,1.00E-05,0,0.333333333,0.666666667,1,,0,13937.77778,41813.33333,-55751.11111,,8,0,0,0.0016,0
259,8,CT,G,,,1,892,267.6,415.67,-108.82,1,2,56.28,,,,,,,,2.29,0.3,0.533333333,0.766666667,1,,8569.432314,2463.910878,2524.444656,-4988.355534,,8,3228,25.92,0.0016,22
260,108,PV,S,,,1,11.33333333,0,1.73,0,0,0,0,,,,,,,,1.00E-05,0,0.333333333,0.666666667,1,,0,2283.45679,6850.37037,-9133.82716,,108,0,0,0.0016,0
261,108,COAL,C,,,1,1444,433.2,672.9,-176.17,12,12,111.16,,,,,,,,1.78,0.3,0.533333333,0.766666667,1,,260406.7416,3968.494182,4172.5824,-8141.076582,,108,1423,19.04,0.0016,321
262,17,CT,G,,,1,517,155.1,289.52,-33.09,1,2,7.72,,,,,,,,2.29,0.3,0.533333333,0.766666667,1,,3837.991266,2981.030529,3001.365762,-5982.396291,,17,804,55.9,0.0016,17
263,29,CT,G,,,1,263.6,79.08,147.62,-16.87,1,2,37.17,,,,,,,,2.29,0.3,0.533333333,0.766666667,1,,1151.091703,759.606438,764.8928241,-1524.499262,,29,9,27.93,0.0016,10
264,29,CT,G,,,1,44.2,13.26,24.75,-2.83,1,2,9.97,,,,,,,,2.29,0.3,0.533333333,0.766666667,1,,521.1353712,123.8903053,124.0389374,-247.9292427,,29,149,27.45,0.0016,27
265,70,PV,S,,,1,136.6666667,0,22.96,0,0,0,0,,,,,,,,1.00E-05,0,0.333333333,0.666666667,1,,0,332049.3827,996148.1481,-1328197.531,,70,0,0,0.0016,0
266,70,WIND,W,,,1,96.99998813,0,26.32,0,0,0,0,,,,,,,,1.00E-05,0,0.333333333,0.666666667,1,,0,167271.0702,501813.2105,-669084.2807,,70,0,0,0.0016,0
267,70,WIND,W,,,1,119.1999881,0,0,0,0,0,0,,,,,,,,1.00E-05,0,0.333333333,0.666666667,1,,0,252597.9941,757793.9824,-1010391.977,,70,0,0,0.0016,0
268,2,CT,G,,,1,170.4,51.12,95.42,-10.91,1,2,44.21,,,,,,,,2.29,0.3,0.533333333,0.766666667,1,,2381.135371,961.4836122,963.6926709,-1925.176283,,2,101,55.15,0.0016,32
269,2,COAL,C,,,1,801,240.3,448.56,-51.26,12,12,13.17,,,,,,,,1.78,0.3,0.533333333,0.766666667,1,,77850,2165.94,2228.7384,-4394.6784,,2,2476,19.56,0.0016,173
270,120,WIND,W,,,1,578.9999877,0,296.24,0,0,0,0,,,,,,,,1.00E-05,0,0.333333333,0.666666667,1,,0,5959839.748,17879519.24,-23839358.99,,120,0,0,0.0016,0
271,12,CT,G,,,1,1082.2,324.66,504.31,-132.03,1,2,223.44,,,,,,,,2.29,0.3,0.533333333,0.766666667,1,,28354.58515,4601.800046,4690.901159,-9292.701205,,12,2124,40.29,0.0016,60
272,30,WIND,W,,,1,501.3000962,0,308.73,0,0,0,0,,,,,,,,1.00E-05,0,0.333333333,0.666666667,1,,0,4467587.314,13402761.94,-17870349.26,,30,0,0,0.0016,0
273,120,PV,S,,,1,47.66666667,0,7.28,0,0,0,0,,,,,,,,1.00E-05,0,0.333333333,0.666666667,1,,0,40393.08642,121179.2593,-161572.3457,,120,0,0,0.0016,0
274,120,WIND,W,,,1,746.3999878,0,389.98,0,0,0,0,,,,,,,,1.00E-05,0,0.333333333,0.666666667,1,,0,9904230.075,29712690.23,-39616920.3,,120,0,0,0.0016,0
275,120,WIND,W,,,1,1038.999988,0,553.84,0,0,0,0,,,,,,,,1.00E-05,0,0.333333333,0.666666667,1,,0,19191483.99,57574451.98,-76765935.97,,120,0,0,0.0016,0
276,35,PV,S,,,1,10.66666667,0,1.63,0,0,0,0,,,,,,,,1.00E-05,0,0.333333333,0.666666667,1,,0,2022.716049,6068.148148,-8090.864198,,35,0,0,0.0016,0
277,34,PV,S,,,1,13.33333333,0,2.04,0,0,0,0,,,,,,,,1.00E-05,0,0.333333333,0.666666667,1,,0,3160.493827,9481.481481,-12641.97531,,34,0,0,0.0016,0
278,34,PV,S,,,1,21.33333333,0,3.26,0,0,0,0,,,,,,,,1.00E-05,0,0.333333333,0.666666667,1,,0,8090.864198,24272.59259,-32363.45679,,34,0,0,0.0016,0
279,34,WIND,W,,,1,882.00004,0,434.31,0,0,0,0,,,,,,,,1.00E-05,0,0.333333333,0.666666667,1,,0,13829761.25,41489283.76,-55319045.02,,34,0,0,0.0016,0
280,26,CT,G,,,1,559,167.7,313.04,-35.78,1,2,135.88,,,,,,,,2.29,0.3,0.533333333,0.766666667,1,,1952.838428,2282.032741,2305.806162,-4587.838904,,26,1485,39.32,0.0016,8
281,26,WIND,W,,,1,56.09998349,0,3.42,0,0,0,0,,,,,,,,1.00E-05,0,0.333333333,0.666666667,1,,0,55950.36708,167851.1012,-223801.4683,,26,0,0,0.0016,0
282,26,PV,S,,,1,508.3333333,0,85.4,0,0,0,0,,,,,,,,1.00E-05,0,0.333333333,0.666666667,1,,0,4593827.16,13781481.48,-18375308.64,,26,0,0,0.0016,0
283,61,HYDRO,H,,,1,54.9,0,23.5,0,0,0,18.2,,,,,,,,1.00E-05,0,0.333333333,0.666666667,1,,0,53582.4,160747.2,-214329.6,,61,0,0,0.0016,0
284,61,HYDRO,H,,,1,54,0,17.2,0,0,0,22.5,,,,,,,,1.00E-05,0,0.333333333,0.666666667,1,,0,51840,155520,-207360,,61,0,0,0.0016,0
285,29,HYDRO,H,,,1,108,0,45.2,0,0,0,43.2,,,,,,,,1.00E-05,0,0.333333333,0.666666667,1,,0,207360,622080,-829440,,29,0,0,0.0016,0
286,70,HYDRO,H,,,1,58,0,11.8,0,0,0,22.4,,,,,,,,1.00E-05,0,0.333333333,0.666666667,1,,0,59804.44444,179413.3333,-239217.7778,,70,0,0,0.0016,0
287,122,HYDRO,H,,,1,80,0,23.5,0,0,0,35.2,,,,,,,,1.00E-05,0,0.333333333,0.666666667,1,,0,113777.7778,341333.3333,-455111.1111,,122,0,0,0.0016,0
288,29,HYDRO,H,,,1,17,0,3.6,0,0,0,8.7,,,,,,,,1.00E-05,0,0.333333333,0.666666667,1,,0,5137.777778,15413.33333,-20551.11111,,29,0,0,0.0016,0
289,61,HYDRO,H,,,1,13.8,0,6.7,0,0,0,15.8,,,,,,,,1.00E-05,0,0.333333333,0.666666667,1,,0,3385.6,10156.8,-13542.4,,61,0,0,0.0016,0
290,61,HYDRO,H,,,1,39.6,0,15.2,0,0,0,28.3,,,,,,,,1.00E-05,0,0.333333333,0.666666667,1,,0,27878.4,83635.2,-111513.6,,61,0,0,0.0016,0
291,49,HYDRO,H,,,1,30.5,0,13.5,0,0,0,22.4,,,,,,,,1.00E-05,0,0.333333333,0.666666667,1,,0,16537.77778,49613.33333,-66151.11111,,49,0,0,0.0016,0
292,42,HYDRO,H,,,1,42,0,15.6,0,0,0,15.2,,,,,,,,1.00E-05,0,0.333333333,0.666666667,1,,0,31360,94080,-125440,,42,0,0,0.0016,0
,1,,,,,,,,,,,,,,,,,,,,,,,,,,,,,,,,,,,
,1,,,,,,,,,,,,,,,,,,,,,,,,,,,,,,,,,,,
,1,,,,,,,,,,,,,,,,,,,,,,,,,,,,,,,,,,,
,8,,,,,,,,,,,,,,,,,,,,,,,,,,,,,,,,,,,
,8,,,,,,,,,,,,,,,,,,,,,,,,,,,,,,,,,,,
,8,,,,,,,,,,,,,,,,,,,,,,,,,,,,,,,,,,,
,15,,,,,,,,,,,,,,,,,,,,,,,,,,,,,,,,,,,
,15,,,,,,,,,,,,,,,,,,,,,,,,,,,,,,,,,,,
,15,,,,,,,,,,,,,,,,,,,,,,,,,,,,,,,,,,,
,17,,,,,,,,,,,,,,,,,,,,,,,,,,,,,,,,,,,
,17,,,,,,,,,,,,,,,,,,,,,,,,,,,,,,,,,,,
,17,,,,,,,,,,,,,,,,,,,,,,,,,,,,,,,,,,,
,18,,,,,,,,,,,,,,,,,,,,,,,,,,,,,,,,,,,
,18,,,,,,,,,,,,,,,,,,,,,,,,,,,,,,,,,,,
,18,,,,,,,,,,,,,,,,,,,,,,,,,,,,,,,,,,,
,19,,,,,,,,,,,,,,,,,,,,,,,,,,,,,,,,,,,
,19,,,,,,,,,,,,,,,,,,,,,,,,,,,,,,,,,,,
,19,,,,,,,,,,,,,,,,,,,,,,,,,,,,,,,,,,,
,23,,,,,,,,,,,,,,,,,,,,,,,,,,,,,,,,,,,
,23,,,,,,,,,,,,,,,,,,,,,,,,,,,,,,,,,,,
,23,,,,,,,,,,,,,,,,,,,,,,,,,,,,,,,,,,,
,32,,,,,,,,,,,,,,,,,,,,,,,,,,,,,,,,,,,
,32,,,,,,,,,,,,,,,,,,,,,,,,,,,,,,,,,,,
,32,,,,,,,,,,,,,,,,,,,,,,,,,,,,,,,,,,,
,33,,,,,,,,,,,,,,,,,,,,,,,,,,,,,,,,,,,
,33,,,,,,,,,,,,,,,,,,,,,,,,,,,,,,,,,,,
,33,,,,,,,,,,,,,,,,,,,,,,,,,,,,,,,,,,,
,35,,,,,,,,,,,,,,,,,,,,,,,,,,,,,,,,,,,
,35,,,,,,,,,,,,,,,,,,,,,,,,,,,,,,,,,,,
,35,,,,,,,,,,,,,,,,,,,,,,,,,,,,,,,,,,,
,36,,,,,,,,,,,,,,,,,,,,,,,,,,,,,,,,,,,
,36,,,,,,,,,,,,,,,,,,,,,,,,,,,,,,,,,,,
,36,,,,,,,,,,,,,,,,,,,,,,,,,,,,,,,,,,,
,40,,,,,,,,,,,,,,,,,,,,,,,,,,,,,,,,,,,
,40,,,,,,,,,,,,,,,,,,,,,,,,,,,,,,,,,,,
,40,,,,,,,,,,,,,,,,,,,,,,,,,,,,,,,,,,,
,42,,,,,,,,,,,,,,,,,,,,,,,,,,,,,,,,,,,
,42,,,,,,,,,,,,,,,,,,,,,,,,,,,,,,,,,,,
,42,,,,,,,,,,,,,,,,,,,,,,,,,,,,,,,,,,,
,43,,,,,,,,,,,,,,,,,,,,,,,,,,,,,,,,,,,
,43,,,,,,,,,,,,,,,,,,,,,,,,,,,,,,,,,,,
,43,,,,,,,,,,,,,,,,,,,,,,,,,,,,,,,,,,,
,44,,,,,,,,,,,,,,,,,,,,,,,,,,,,,,,,,,,
,44,,,,,,,,,,,,,,,,,,,,,,,,,,,,,,,,,,,
,44,,,,,,,,,,,,,,,,,,,,,,,,,,,,,,,,,,,
,49,,,,,,,,,,,,,,,,,,,,,,,,,,,,,,,,,,,
,49,,,,,,,,,,,,,,,,,,,,,,,,,,,,,,,,,,,
,49,,,,,,,,,,,,,,,,,,,,,,,,,,,,,,,,,,,
,54,,,,,,,,,,,,,,,,,,,,,,,,,,,,,,,,,,,
,54,,,,,,,,,,,,,,,,,,,,,,,,,,,,,,,,,,,
,54,,,,,,,,,,,,,,,,,,,,,,,,,,,,,,,,,,,
,58,,,,,,,,,,,,,,,,,,,,,,,,,,,,,,,,,,,
,58,,,,,,,,,,,,,,,,,,,,,,,,,,,,,,,,,,,
,58,,,,,,,,,,,,,,,,,,,,,,,,,,,,,,,,,,,
,61,,,,,,,,,,,,,,,,,,,,,,,,,,,,,,,,,,,
,61,,,,,,,,,,,,,,,,,,,,,,,,,,,,,,,,,,,
,61,,,,,,,,,,,,,,,,,,,,,,,,,,,,,,,,,,,
,63,,,,,,,,,,,,,,,,,,,,,,,,,,,,,,,,,,,
,63,,,,,,,,,,,,,,,,,,,,,,,,,,,,,,,,,,,
,63,,,,,,,,,,,,,,,,,,,,,,,,,,,,,,,,,,,
,65,,,,,,,,,,,,,,,,,,,,,,,,,,,,,,,,,,,
,65,,,,,,,,,,,,,,,,,,,,,,,,,,,,,,,,,,,
,65,,,,,,,,,,,,,,,,,,,,,,,,,,,,,,,,,,,
,66,,,,,,,,,,,,,,,,,,,,,,,,,,,,,,,,,,,
,66,,,,,,,,,,,,,,,,,,,,,,,,,,,,,,,,,,,
,66,,,,,,,,,,,,,,,,,,,,,,,,,,,,,,,,,,,
,74,,,,,,,,,,,,,,,,,,,,,,,,,,,,,,,,,,,
,74,,,,,,,,,,,,,,,,,,,,,,,,,,,,,,,,,,,
,74,,,,,,,,,,,,,,,,,,,,,,,,,,,,,,,,,,,
,78,,,,,,,,,,,,,,,,,,,,,,,,,,,,,,,,,,,
,78,,,,,,,,,,,,,,,,,,,,,,,,,,,,,,,,,,,
,78,,,,,,,,,,,,,,,,,,,,,,,,,,,,,,,,,,,
,79,,,,,,,,,,,,,,,,,,,,,,,,,,,,,,,,,,,
,79,,,,,,,,,,,,,,,,,,,,,,,,,,,,,,,,,,,
,79,,,,,,,,,,,,,,,,,,,,,,,,,,,,,,,,,,,
,81,,,,,,,,,,,,,,,,,,,,,,,,,,,,,,,,,,,
,81,,,,,,,,,,,,,,,,,,,,,,,,,,,,,,,,,,,
,81,,,,,,,,,,,,,,,,,,,,,,,,,,,,,,,,,,,
,90,,,,,,,,,,,,,,,,,,,,,,,,,,,,,,,,,,,
,90,,,,,,,,,,,,,,,,,,,,,,,,,,,,,,,,,,,
,90,,,,,,,,,,,,,,,,,,,,,,,,,,,,,,,,,,,
,91,,,,,,,,,,,,,,,,,,,,,,,,,,,,,,,,,,,
,91,,,,,,,,,,,,,,,,,,,,,,,,,,,,,,,,,,,
,91,,,,,,,,,,,,,,,,,,,,,,,,,,,,,,,,,,,
,93,,,,,,,,,,,,,,,,,,,,,,,,,,,,,,,,,,,
,93,,,,,,,,,,,,,,,,,,,,,,,,,,,,,,,,,,,
,93,,,,,,,,,,,,,,,,,,,,,,,,,,,,,,,,,,,
,98,,,,,,,,,,,,,,,,,,,,,,,,,,,,,,,,,,,
,98,,,,,,,,,,,,,,,,,,,,,,,,,,,,,,,,,,,
,98,,,,,,,,,,,,,,,,,,,,,,,,,,,,,,,,,,,
,99,,,,,,,,,,,,,,,,,,,,,,,,,,,,,,,,,,,
,99,,,,,,,,,,,,,,,,,,,,,,,,,,,,,,,,,,,
,99,,,,,,,,,,,,,,,,,,,,,,,,,,,,,,,,,,,
,107,,,,,,,,,,,,,,,,,,,,,,,,,,,,,,,,,,,
,107,,,,,,,,,,,,,,,,,,,,,,,,,,,,,,,,,,,
,107,,,,,,,,,,,,,,,,,,,,,,,,,,,,,,,,,,,
,110,,,,,,,,,,,,,,,,,,,,,,,,,,,,,,,,,,,
,110,,,,,,,,,,,,,,,,,,,,,,,,,,,,,,,,,,,
,110,,,,,,,,,,,,,,,,,,,,,,,,,,,,,,,,,,,
,111,,,,,,,,,,,,,,,,,,,,,,,,,,,,,,,,,,,
,111,,,,,,,,,,,,,,,,,,,,,,,,,,,,,,,,,,,
,111,,,,,,,,,,,,,,,,,,,,,,,,,,,,,,,,,,,
,112,,,,,,,,,,,,,,,,,,,,,,,,,,,,,,,,,,,
,112,,,,,,,,,,,,,,,,,,,,,,,,,,,,,,,,,,,
,112,,,,,,,,,,,,,,,,,,,,,,,,,,,,,,,,,,,
,113,,,,,,,,,,,,,,,,,,,,,,,,,,,,,,,,,,,
,113,,,,,,,,,,,,,,,,,,,,,,,,,,,,,,,,,,,
,113,,,,,,,,,,,,,,,,,,,,,,,,,,,,,,,,,,,
,115,,,,,,,,,,,,,,,,,,,,,,,,,,,,,,,,,,,
,115,,,,,,,,,,,,,,,,,,,,,,,,,,,,,,,,,,,
,115,,,,,,,,,,,,,,,,,,,,,,,,,,,,,,,,,,,
,118,,,,,,,,,,,,,,,,,,,,,,,,,,,,,,,,,,,
,118,,,,,,,,,,,,,,,,,,,,,,,,,,,,,,,,,,,
,118,,,,,,,,,,,,,,,,,,,,,,,,,,,,,,,,,,,
,120,,,,,,,,,,,,,,,,,,,,,,,,,,,,,,,,,,,
,120,,,,,,,,,,,,,,,,,,,,,,,,,,,,,,,,,,,
,120,,,,,,,,,,,,,,,,,,,,,,,,,,,,,,,,,,,
,1,,,,,,,,,,,,,,,,,,,,,,,,,,,,,,,,,,,
,3,,,,,,,,,,,,,,,,,,,,,,,,,,,,,,,,,,,
,6,,,,,,,,,,,,,,,,,,,,,,,,,,,,,,,,,,,
,7,,,,,,,,,,,,,,,,,,,,,,,,,,,,,,,,,,,
,8,,,,,,,,,,,,,,,,,,,,,,,,,,,,,,,,,,,
,12,,,,,,,,,,,,,,,,,,,,,,,,,,,,,,,,,,,
,13,,,,,,,,,,,,,,,,,,,,,,,,,,,,,,,,,,,
,14,,,,,,,,,,,,,,,,,,,,,,,,,,,,,,,,,,,
,15,,,,,,,,,,,,,,,,,,,,,,,,,,,,,,,,,,,
,17,,,,,,,,,,,,,,,,,,,,,,,,,,,,,,,,,,,
,18,,,,,,,,,,,,,,,,,,,,,,,,,,,,,,,,,,,
,19,,,,,,,,,,,,,,,,,,,,,,,,,,,,,,,,,,,
,22,,,,,,,,,,,,,,,,,,,,,,,,,,,,,,,,,,,
,23,,,,,,,,,,,,,,,,,,,,,,,,,,,,,,,,,,,
,25,,,,,,,,,,,,,,,,,,,,,,,,,,,,,,,,,,,
,26,,,,,,,,,,,,,,,,,,,,,,,,,,,,,,,,,,,
,27,,,,,,,,,,,,,,,,,,,,,,,,,,,,,,,,,,,
,28,,,,,,,,,,,,,,,,,,,,,,,,,,,,,,,,,,,
,29,,,,,,,,,,,,,,,,,,,,,,,,,,,,,,,,,,,
,30,,,,,,,,,,,,,,,,,,,,,,,,,,,,,,,,,,,
,31,,,,,,,,,,,,,,,,,,,,,,,,,,,,,,,,,,,
,32,,,,,,,,,,,,,,,,,,,,,,,,,,,,,,,,,,,
,33,,,,,,,,,,,,,,,,,,,,,,,,,,,,,,,,,,,
,34,,,,,,,,,,,,,,,,,,,,,,,,,,,,,,,,,,,
,35,,,,,,,,,,,,,,,,,,,,,,,,,,,,,,,,,,,
,36,,,,,,,,,,,,,,,,,,,,,,,,,,,,,,,,,,,
,38,,,,,,,,,,,,,,,,,,,,,,,,,,,,,,,,,,,
,40,,,,,,,,,,,,,,,,,,,,,,,,,,,,,,,,,,,
,42,,,,,,,,,,,,,,,,,,,,,,,,,,,,,,,,,,,
,43,,,,,,,,,,,,,,,,,,,,,,,,,,,,,,,,,,,
,44,,,,,,,,,,,,,,,,,,,,,,,,,,,,,,,,,,,
,46,,,,,,,,,,,,,,,,,,,,,,,,,,,,,,,,,,,
,48,,,,,,,,,,,,,,,,,,,,,,,,,,,,,,,,,,,
,49,,,,,,,,,,,,,,,,,,,,,,,,,,,,,,,,,,,
,50,,,,,,,,,,,,,,,,,,,,,,,,,,,,,,,,,,,
,52,,,,,,,,,,,,,,,,,,,,,,,,,,,,,,,,,,,
,53,,,,,,,,,,,,,,,,,,,,,,,,,,,,,,,,,,,
,54,,,,,,,,,,,,,,,,,,,,,,,,,,,,,,,,,,,
,55,,,,,,,,,,,,,,,,,,,,,,,,,,,,,,,,,,,
,57,,,,,,,,,,,,,,,,,,,,,,,,,,,,,,,,,,,
,58,,,,,,,,,,,,,,,,,,,,,,,,,,,,,,,,,,,
,59,,,,,,,,,,,,,,,,,,,,,,,,,,,,,,,,,,,
,61,,,,,,,,,,,,,,,,,,,,,,,,,,,,,,,,,,,
,62,,,,,,,,,,,,,,,,,,,,,,,,,,,,,,,,,,,
,63,,,,,,,,,,,,,,,,,,,,,,,,,,,,,,,,,,,
,65,,,,,,,,,,,,,,,,,,,,,,,,,,,,,,,,,,,
,66,,,,,,,,,,,,,,,,,,,,,,,,,,,,,,,,,,,
,68,,,,,,,,,,,,,,,,,,,,,,,,,,,,,,,,,,,
,70,,,,,,,,,,,,,,,,,,,,,,,,,,,,,,,,,,,
,71,,,,,,,,,,,,,,,,,,,,,,,,,,,,,,,,,,,
,74,,,,,,,,,,,,,,,,,,,,,,,,,,,,,,,,,,,
,76,,,,,,,,,,,,,,,,,,,,,,,,,,,,,,,,,,,
,77,,,,,,,,,,,,,,,,,,,,,,,,,,,,,,,,,,,
,78,,,,,,,,,,,,,,,,,,,,,,,,,,,,,,,,,,,
,79,,,,,,,,,,,,,,,,,,,,,,,,,,,,,,,,,,,
,80,,,,,,,,,,,,,,,,,,,,,,,,,,,,,,,,,,,
,81,,,,,,,,,,,,,,,,,,,,,,,,,,,,,,,,,,,
,82,,,,,,,,,,,,,,,,,,,,,,,,,,,,,,,,,,,
,83,,,,,,,,,,,,,,,,,,,,,,,,,,,,,,,,,,,
,85,,,,,,,,,,,,,,,,,,,,,,,,,,,,,,,,,,,
,86,,,,,,,,,,,,,,,,,,,,,,,,,,,,,,,,,,,
,87,,,,,,,,,,,,,,,,,,,,,,,,,,,,,,,,,,,
,88,,,,,,,,,,,,,,,,,,,,,,,,,,,,,,,,,,,
,89,,,,,,,,,,,,,,,,,,,,,,,,,,,,,,,,,,,
,90,,,,,,,,,,,,,,,,,,,,,,,,,,,,,,,,,,,
,91,,,,,,,,,,,,,,,,,,,,,,,,,,,,,,,,,,,
,92,,,,,,,,,,,,,,,,,,,,,,,,,,,,,,,,,,,
,93,,,,,,,,,,,,,,,,,,,,,,,,,,,,,,,,,,,
,94,,,,,,,,,,,,,,,,,,,,,,,,,,,,,,,,,,,
,98,,,,,,,,,,,,,,,,,,,,,,,,,,,,,,,,,,,
,99,,,,,,,,,,,,,,,,,,,,,,,,,,,,,,,,,,,
,100,,,,,,,,,,,,,,,,,,,,,,,,,,,,,,,,,,,
,101,,,,,,,,,,,,,,,,,,,,,,,,,,,,,,,,,,,
,102,,,,,,,,,,,,,,,,,,,,,,,,,,,,,,,,,,,
,106,,,,,,,,,,,,,,,,,,,,,,,,,,,,,,,,,,,
,107,,,,,,,,,,,,,,,,,,,,,,,,,,,,,,,,,,,
,108,,,,,,,,,,,,,,,,,,,,,,,,,,,,,,,,,,,
,110,,,,,,,,,,,,,,,,,,,,,,,,,,,,,,,,,,,
,111,,,,,,,,,,,,,,,,,,,,,,,,,,,,,,,,,,,
,112,,,,,,,,,,,,,,,,,,,,,,,,,,,,,,,,,,,
,113,,,,,,,,,,,,,,,,,,,,,,,,,,,,,,,,,,,
,115,,,,,,,,,,,,,,,,,,,,,,,,,,,,,,,,,,,
,117,,,,,,,,,,,,,,,,,,,,,,,,,,,,,,,,,,,
,118,,,,,,,,,,,,,,,,,,,,,,,,,,,,,,,,,,,
,119,,,,,,,,,,,,,,,,,,,,,,,,,,,,,,,,,,,
,120,,,,,,,,,,,,,,,,,,,,,,,,,,,,,,,,,,,
,1,,,,,,,,,,,,,,,,,,,,,,,,,,,,,,,,,,,
,3,,,,,,,,,,,,,,,,,,,,,,,,,,,,,,,,,,,
,6,,,,,,,,,,,,,,,,,,,,,,,,,,,,,,,,,,,
,7,,,,,,,,,,,,,,,,,,,,,,,,,,,,,,,,,,,
,8,,,,,,,,,,,,,,,,,,,,,,,,,,,,,,,,,,,
,12,,,,,,,,,,,,,,,,,,,,,,,,,,,,,,,,,,,
,13,,,,,,,,,,,,,,,,,,,,,,,,,,,,,,,,,,,
,14,,,,,,,,,,,,,,,,,,,,,,,,,,,,,,,,,,,
,15,,,,,,,,,,,,,,,,,,,,,,,,,,,,,,,,,,,
,17,,,,,,,,,,,,,,,,,,,,,,,,,,,,,,,,,,,
,18,,,,,,,,,,,,,,,,,,,,,,,,,,,,,,,,,,,
,19,,,,,,,,,,,,,,,,,,,,,,,,,,,,,,,,,,,
,22,,,,,,,,,,,,,,,,,,,,,,,,,,,,,,,,,,,
,23,,,,,,,,,,,,,,,,,,,,,,,,,,,,,,,,,,,
,25,,,,,,,,,,,,,,,,,,,,,,,,,,,,,,,,,,,
,26,,,,,,,,,,,,,,,,,,,,,,,,,,,,,,,,,,,
,27,,,,,,,,,,,,,,,,,,,,,,,,,,,,,,,,,,,
,28,,,,,,,,,,,,,,,,,,,,,,,,,,,,,,,,,,,
,29,,,,,,,,,,,,,,,,,,,,,,,,,,,,,,,,,,,
,30,,,,,,,,,,,,,,,,,,,,,,,,,,,,,,,,,,,
,31,,,,,,,,,,,,,,,,,,,,,,,,,,,,,,,,,,,
,32,,,,,,,,,,,,,,,,,,,,,,,,,,,,,,,,,,,
,33,,,,,,,,,,,,,,,,,,,,,,,,,,,,,,,,,,,
,34,,,,,,,,,,,,,,,,,,,,,,,,,,,,,,,,,,,
,35,,,,,,,,,,,,,,,,,,,,,,,,,,,,,,,,,,,
,36,,,,,,,,,,,,,,,,,,,,,,,,,,,,,,,,,,,
,38,,,,,,,,,,,,,,,,,,,,,,,,,,,,,,,,,,,
,40,,,,,,,,,,,,,,,,,,,,,,,,,,,,,,,,,,,
,42,,,,,,,,,,,,,,,,,,,,,,,,,,,,,,,,,,,
,43,,,,,,,,,,,,,,,,,,,,,,,,,,,,,,,,,,,
,44,,,,,,,,,,,,,,,,,,,,,,,,,,,,,,,,,,,
,46,,,,,,,,,,,,,,,,,,,,,,,,,,,,,,,,,,,
,48,,,,,,,,,,,,,,,,,,,,,,,,,,,,,,,,,,,
,49,,,,,,,,,,,,,,,,,,,,,,,,,,,,,,,,,,,
,50,,,,,,,,,,,,,,,,,,,,,,,,,,,,,,,,,,,
,52,,,,,,,,,,,,,,,,,,,,,,,,,,,,,,,,,,,
,53,,,,,,,,,,,,,,,,,,,,,,,,,,,,,,,,,,,
,54,,,,,,,,,,,,,,,,,,,,,,,,,,,,,,,,,,,
,55,,,,,,,,,,,,,,,,,,,,,,,,,,,,,,,,,,,
,57,,,,,,,,,,,,,,,,,,,,,,,,,,,,,,,,,,,
,58,,,,,,,,,,,,,,,,,,,,,,,,,,,,,,,,,,,
,59,,,,,,,,,,,,,,,,,,,,,,,,,,,,,,,,,,,
,61,,,,,,,,,,,,,,,,,,,,,,,,,,,,,,,,,,,
,62,,,,,,,,,,,,,,,,,,,,,,,,,,,,,,,,,,,
,63,,,,,,,,,,,,,,,,,,,,,,,,,,,,,,,,,,,
,65,,,,,,,,,,,,,,,,,,,,,,,,,,,,,,,,,,,
,66,,,,,,,,,,,,,,,,,,,,,,,,,,,,,,,,,,,
,68,,,,,,,,,,,,,,,,,,,,,,,,,,,,,,,,,,,
,70,,,,,,,,,,,,,,,,,,,,,,,,,,,,,,,,,,,
,71,,,,,,,,,,,,,,,,,,,,,,,,,,,,,,,,,,,
,74,,,,,,,,,,,,,,,,,,,,,,,,,,,,,,,,,,,
,76,,,,,,,,,,,,,,,,,,,,,,,,,,,,,,,,,,,
,77,,,,,,,,,,,,,,,,,,,,,,,,,,,,,,,,,,,
,78,,,,,,,,,,,,,,,,,,,,,,,,,,,,,,,,,,,
,79,,,,,,,,,,,,,,,,,,,,,,,,,,,,,,,,,,,
,80,,,,,,,,,,,,,,,,,,,,,,,,,,,,,,,,,,,
,81,,,,,,,,,,,,,,,,,,,,,,,,,,,,,,,,,,,
,82,,,,,,,,,,,,,,,,,,,,,,,,,,,,,,,,,,,
,83,,,,,,,,,,,,,,,,,,,,,,,,,,,,,,,,,,,
,85,,,,,,,,,,,,,,,,,,,,,,,,,,,,,,,,,,,
,86,,,,,,,,,,,,,,,,,,,,,,,,,,,,,,,,,,,
,87,,,,,,,,,,,,,,,,,,,,,,,,,,,,,,,,,,,
,88,,,,,,,,,,,,,,,,,,,,,,,,,,,,,,,,,,,
,89,,,,,,,,,,,,,,,,,,,,,,,,,,,,,,,,,,,
,90,,,,,,,,,,,,,,,,,,,,,,,,,,,,,,,,,,,
,91,,,,,,,,,,,,,,,,,,,,,,,,,,,,,,,,,,,
,92,,,,,,,,,,,,,,,,,,,,,,,,,,,,,,,,,,,
,93,,,,,,,,,,,,,,,,,,,,,,,,,,,,,,,,,,,
,94,,,,,,,,,,,,,,,,,,,,,,,,,,,,,,,,,,,
,98,,,,,,,,,,,,,,,,,,,,,,,,,,,,,,,,,,,
,99,,,,,,,,,,,,,,,,,,,,,,,,,,,,,,,,,,,
,100,,,,,,,,,,,,,,,,,,,,,,,,,,,,,,,,,,,
,101,,,,,,,,,,,,,,,,,,,,,,,,,,,,,,,,,,,
,102,,,,,,,,,,,,,,,,,,,,,,,,,,,,,,,,,,,
,106,,,,,,,,,,,,,,,,,,,,,,,,,,,,,,,,,,,
,107,,,,,,,,,,,,,,,,,,,,,,,,,,,,,,,,,,,
,108,,,,,,,,,,,,,,,,,,,,,,,,,,,,,,,,,,,
,110,,,,,,,,,,,,,,,,,,,,,,,,,,,,,,,,,,,
,111,,,,,,,,,,,,,,,,,,,,,,,,,,,,,,,,,,,
,112,,,,,,,,,,,,,,,,,,,,,,,,,,,,,,,,,,,
,113,,,,,,,,,,,,,,,,,,,,,,,,,,,,,,,,,,,
,115,,,,,,,,,,,,,,,,,,,,,,,,,,,,,,,,,,,
,117,,,,,,,,,,,,,,,,,,,,,,,,,,,,,,,,,,,
,118,,,,,,,,,,,,,,,,,,,,,,,,,,,,,,,,,,,
,119,,,,,,,,,,,,,,,,,,,,,,,,,,,,,,,,,,,
,120,,,,,,,,,,,,,,,,,,,,,,,,,,,,,,,,,,,
