GEN UID,Bus ID,Unit Type,Fuel,MW Inj,MVAR Inj,V Setpoint p.u.,PMax MW,PMin MW,QMax MVAR,QMin MVAR,Min Down Time Hr,Min Up Time Hr,Ramp Rate MW/Min,Start Time Cold Hr,Start Time Warm Hr,Start Time Hot Hr,Start Heat Cold MBTU,Start Heat Warm MBTU,Start Heat Hot MBTU,Non Fuel Start Cost $,Fuel Price $/MMBTU,Output_pct_0,Output_pct_1,Output_pct_2,Output_pct_3,Output_pct_4,HR_avg_0,HR_incr_1,HR_incr_2,HR_incr_3,HR_incr_4,C0,C1,C2,Csu
1,107,NUC,N,,,1,2430.0,729.0,894.24,-199.26,48,48,121.5,1,1,1,1,1,1,1,0.81035,0.3,0.5333333333333333,0.7666666666666666,1.0,,3598445.116307768,14469.747639908685,15739.279076942052,17008.81051397546,,0,17.44,0.0016,1200
2,100,CT,G,,,1,304.6,91.38,170.58,-19.49,1,2,68.4,1,1,1,1,1,1,1,2.29,0.3,0.5333333333333333,0.7666666666666666,1.0,,9177.903930131004,876.9683769044155,884.0271279417756,891.085878979136,,597,27.85,0.0016,69
3,100,CT,G,,,1,236.0,70.8,132.16,-15.1,1,2,10.8,1,1,1,1,1,1,1,2.29,0.3,0.5333333333333333,0.7666666666666666,1.0,,6286.46288209607,1330.1285201358562,1334.3658480349345,1338.603175934013,,363,55.0,0.0016,61
4,100,CT,G,,,1,176.4,52.92,98.78,-11.29,1,2,44.86,1,1,1,1,1,1,1,2.29,0.3,0.5333333333333333,0.7666666666666666,1.0,,3543.406113537118,869.3063895196508,871.6737545502178,874.0411195807872,,548,48.13,0.0016,46
5,100,CT,G,,,1,380.7,114.21,213.19,-24.36,1,2,76.76,1,1,1,1,1,1,1,2.29,0.3,0.5333333333333333,0.7666666666666666,1.0,,6151.048034934498,1347.0972524017463,1358.1236543580783,1369.1500563144111,,316,34.22,0.0016,37
6,100,COAL,C,,,1,842.5,252.75,392.6,-102.79,12,12,51.34,1,1,1,1,1,1,1,1.78,0.3,0.5333333333333333,0.7666666666666666,1.0,,146727.52808988764,2241.1972534332085,2310.671423220973,2380.14559300874,,1372,19.17,0.0016,310
7,100,CT,G,,,1,177.3,53.19,99.29,-11.35,1,2,41.95,1,1,1,1,1,1,1,2.29,0.3,0.5333333333333333,0.7666666666666666,1.0,,4567.991266375546,813.2438724890831,815.6354559301309,818.0270393711793,,49,44.78,0.0016,59
8,100,CT,G,,,1,381.8,114.54,213.81,-24.44,1,2,83.05,1,1,1,1,1,1,1,2.29,0.3,0.5333333333333333,0.7666666666666666,1.0,,10336.94323144105,1298.1392659873845,1309.229479685589,1320.319693383795,,435,32.86,0.0016,62
9,50,PV,S,,,1,5.0,0.0,0.0,0.0,0,0,0.0,1,1,1,1,1,1,1,1e-05,0.0,0.3333333333333333,0.6666666666666666,1.0,,0.0,444.44444444444434,1333.333333333333,2222.2222222222226,,0,0.0,0.0016,0
10,62,CT,G,,,1,92.7,27.81,51.91,-5.93,1,2,18.1,1,1,1,1,1,1,1,2.29,0.3,0.5333333333333333,0.7666666666666666,1.0,,2469.301310043668,224.45706026200867,225.11083409606985,225.7646079301312,,340,23.64,0.0016,61
11,62,CT,G,,,1,678.1,203.43,379.74,-43.4,1,2,177.34,1,1,1,1,1,1,1,2.29,0.3,0.5333333333333333,0.7666666666666666,1.0,,20431.83406113537,3744.4438528869487,3779.4267324832585,3814.409612079574,,2129,53.29,0.0016,69
12,62,CT,G,,,1,260.0,78.0,145.6,-16.64,1,2,63.35,1,1,1,1,1,1,1,2.29,0.3,0.5333333333333333,0.7666666666666666,1.0,,1362.4454148471616,887.1285783600191,892.271557496361,897.4145366327026,,413,33.14,0.0016,12
13,62,CT,G,,,1,497.9,149.37,278.82,-31.87,1,2,20.87,1,1,1,1,1,1,1,2.29,0.30000000000000004,0.5333333333333333,0.7666666666666666,1.0,,15219.650655021835,1935.1210843279948,1953.9815459912663,1972.8420076545378,,3108,37.48,0.0016,70
14,110,CT,G,,,1,22.0,6.6,12.32,-1.41,1,2,3.52,1,1,1,1,1,1,1,2.29,0.3,0.5333333333333333,0.7666666666666666,1.0,,115.28384279475982,53.79763221737024,53.83445473071318,53.87127724405627,,505,23.97,0.0016,12
15,110,CT,G,,,1,50.1,15.03,28.06,-3.21,1,2,7.7,1,1,1,1,1,1,1,2.29,0.3,0.5333333333333333,0.7666666666666666,1.0,,962.6200873362445,224.23768209606985,224.42864258515283,224.61960307423584,,122,43.86,0.0016,44
16,110,CT,G,,,1,203.2,60.96,94.69,-24.79,1,2,53.95,1,1,1,1,1,1,1,2.29,0.30000000000000004,0.5333333333333333,0.7666666666666666,1.0,,6743.755458515283,981.4132106744295,984.5545545036387,987.6958983328484,,322,47.13,0.0016,76
17,32,PV,S,,,1,80.0,0.0,0.0,0.0,0,0,0.0,1,1,1,1,1,1,1,1e-05,0.0,0.3333333333333333,0.6666666666666666,1.0,,0.0,113777.77777777775,341333.33333333326,568888.888888889,,0,0.0,0.0016,0
18,32,CT,G,,,1,432.0,129.6,241.92,-27.65,1,2,29.11,1,1,1,1,1,1,1,2.29,0.3,0.5333333333333333,0.7666666666666666,1.0,,14148.471615720524,2259.680698689956,2273.878972925765,2288.077247161571,,3088,50.76,0.0016,75
19,32,WIND,W,,,1,643.299989366006,0.0,332.25,0.0,0,0,0.0,1,1,1,1,1,1,1,1e-05,0.0,0.3333333333333333,0.6666666666666666,1.0,,0.0,7357064.467880949,22071193.403642848,36785322.339404754,,0,0.0,0.0016,0
20,32,WIND,W,,,1,780.1999893773013,0.0,408.91,0.0,0,0,0.0,1,1,1,1,1,1,1,1e-05,0.0,0.3333333333333333,0.6666666666666666,1.0,,0.0,10821547.083099395,32464641.249298185,54107735.41549699,,0,0.0,0.0016,0
21,50,PV,S,,,1,114.3333333333333,0.0,7.31,0.0,0,0,0.0,1,1,1,1,1,1,1,1e-05,0.0,0.3333333333333333,0.6666666666666666,1.0,,0.0,232393.08641975292,697179.2592592587,1161965.432098765,,0,0.0,0.0016,0
22,50,PV,S,,,1,406.3333333333334,0.0,25.96,0.0,0,0,0.0,1,1,1,1,1,1,1,1e-05,0.0,0.3333333333333333,0.6666666666666666,1.0,,0.0,2935231.604938272,8805694.814814815,14676158.024691368,,0,0.0,0.0016,0
23,50,WIND,W,,,1,108.7999815821133,0.0,12.52,0.0,0,0,0.0,1,1,1,1,1,1,1,1e-05,0.0,0.3333333333333333,0.6666666666666666,1.0,,0.0,210443.30652921234,631329.919587637,1052216.5326460616,,0,0.0,0.0016,0
24,50,WIND,W,,,1,192.4999756230771,0.0,30.35,0.0,0,0,0.0,1,1,1,1,1,1,1,1e-05,0.0,0.3333333333333333,0.6666666666666666,1.0,,0.0,658777.6109312938,1976332.8327938814,3293888.054656469,,0,0.0,0.0016,0
25,100,CT,G,,,1,914.6,274.38,512.18,-58.53,1,2,242.73,1,1,1,1,1,1,1,2.29,0.3,0.5333333333333333,0.7666666666666666,1.0,,15176.768558951966,2836.674723338186,2900.31476578748,2963.95480823678,,2010,29.22,0.0016,38
26,100,COAL,C,,,1,1530.0,459.0,712.98,-186.66,12,12,40.57,1,1,1,1,1,1,1,1.78,0.3,0.5333333333333333,0.7666666666666666,1.0,,309438.202247191,4205.780898876403,4434.902696629217,4664.02449438202,,1862,18.93,0.0016,360
27,100,CT,G,,,1,535.5,160.65,299.88,-34.27,1,2,31.05,1,1,1,1,1,1,1,2.29,0.3,0.5333333333333333,0.7666666666666666,1.0,,13562.882096069869,2637.2634497816584,2659.0800471615707,2680.896644541486,,3361,47.62,0.0016,58
28,100,CT,G,,,1,25.7,7.71,14.39,-1.64,1,2,2.66,1,1,1,1,1,1,1,2.29,0.3,0.5333333333333333,0.7666666666666666,1.0,,370.34934497816596,139.19144939349823,139.24169919068407,139.29194898787014,,272,53.12,0.0016,33
29,100,PV,S,,,1,13.33333333333333,0.0,2.04,0.0,0,0,0.0,1,1,1,1,1,1,1,1e-05,0.0,0.3333333333333333,0.6666666666666666,1.0,,0.0,3160.4938271604915,9481.481481481474,15802.469135802465,,0,0.0,0.0016,0
30,26,PV,S,,,1,926.6666666666667,0.0,59.21,0.0,0,0,0.0,1,1,1,1,1,1,1,1e-05,0.0,0.3333333333333333,0.6666666666666666,1.0,,0.0,15265975.308641978,45797925.92592593,76329876.5432099,,0,0.0,0.0016,0
31,26,WIND,W,,,1,124.9999837054529,0.0,15.97,0.0,0,0,0.0,1,1,1,1,1,1,1,1e-05,0.0,0.3333333333333333,0.6666666666666666,1.0,,0.0,277777.70535757317,833333.1160727193,1388888.526787866,,0,0.0,0.0016,0
32,101,PV,S,,,1,9.333333333333334,0.0,1.08,0.0,0,0,0.0,1,1,1,1,1,1,1,1e-05,0.0,0.3333333333333333,0.6666666666666666,1.0,,0.0,1548.641975308642,4645.925925925926,7743.209876543213,,0,0.0,0.0016,0
33,91,PV,S,,,1,5.0,0.0,0.58,0.0,0,0,0.0,1,1,1,1,1,1,1,1e-05,0.0,0.3333333333333333,0.6666666666666666,1.0,,0.0,444.44444444444434,1333.333333333333,2222.2222222222226,,0,0.0,0.0016,0
34,91,PV,S,,,1,8.0,0.0,0.92,0.0,0,0,0.0,1,1,1,1,1,1,1,1e-05,0.0,0.3333333333333333,0.6666666666666666,1.0,,0.0,1137.7777777777778,3413.333333333333,5688.888888888889,,0,0.0,0.0016,0
35,91,PV,S,,,1,8.0,0.0,0.92,0.0,0,0,0.0,1,1,1,1,1,1,1,1e-05,0.0,0.3333333333333333,0.6666666666666666,1.0,,0.0,1137.7777777777778,3413.333333333333,5688.888888888889,,0,0.0,0.0016,0
36,15,PV,S,,,1,20.0,0.0,2.3,0.0,0,0,0.0,1,1,1,1,1,1,1,1e-05,0.0,0.3333333333333333,0.6666666666666666,1.0,,0.0,7111.1111111111095,21333.33333333333,35555.55555555556,,0,0.0,0.0016,0
37,33,PV,S,,,1,9.333333333333334,0.0,1.08,0.0,0,0,0.0,1,1,1,1,1,1,1,1e-05,0.0,0.3333333333333333,0.6666666666666666,1.0,,0.0,1548.641975308642,4645.925925925926,7743.209876543213,,0,0.0,0.0016,0
38,33,PV,S,,,1,12.0,0.0,1.38,0.0,0,0,0.0,1,1,1,1,1,1,1,1e-05,0.0,0.3333333333333333,0.6666666666666666,1.0,,0.0,2560.0,7680.0,12800.0,,0,0.0,0.0016,0
39,33,PV,S,,,1,8.0,0.0,0.92,0.0,0,0,0.0,1,1,1,1,1,1,1,1e-05,0.0,0.3333333333333333,0.6666666666666666,1.0,,0.0,1137.7777777777778,3413.333333333333,5688.888888888889,,0,0.0,0.0016,0
40,33,PV,S,,,1,8.0,0.0,0.92,0.0,0,0,0.0,1,1,1,1,1,1,1,1e-05,0.0,0.3333333333333333,0.6666666666666666,1.0,,0.0,1137.7777777777778,3413.333333333333,5688.888888888889,,0,0.0,0.0016,0
41,70,WIND,W,,,1,115.999988072925,0.0,25.34,0.0,0,0,0.0,1,1,1,1,1,1,1,1e-05,0.0,0.3333333333333333,0.6666666666666666,1.0,,0.0,239217.7285852221,717653.1857556663,1196088.6429261104,,0,0.0,0.0016,0
42,49,PV,S,,,1,105.0,0.0,12.1,0.0,0,0,0.0,1,1,1,1,1,1,1,1e-05,0.0,0.3333333333333333,0.6666666666666666,1.0,,0.0,196000.0,588000.0,980000.0,,0,0.0,0.0016,0
43,17,PV,S,,,1,60.0,0.0,6.91,0.0,0,0,0.0,1,1,1,1,1,1,1,1e-05,0.0,0.3333333333333333,0.6666666666666666,1.0,,0.0,63999.99999999999,191999.99999999997,320000.00000000006,,0,0.0,0.0016,0
44,17,CT,G,,,1,108.0,32.4,41.47,-5.29,1,2,19.34,1,1,1,1,1,1,1,2.29,0.3,0.5333333333333333,0.7666666666666666,1.0,,1650.655021834061,509.5462008733624,510.4335930131005,511.32098515283843,,558,46.16,0.0016,35
45,61,CT,G,,,1,54.9,16.47,21.08,-2.69,1,2,11.8,1,1,1,1,1,1,1,2.29,0.3,0.5333333333333333,0.7666666666666666,1.0,,335.6331877729258,164.36628471615714,164.5955893100437,164.8248939039301,,226,29.31,0.0016,14
46,61,PV,S,,,1,50.0,0.0,5.76,0.0,0,0,0.0,1,1,1,1,1,1,1,1e-05,0.0,0.3333333333333333,0.6666666666666666,1.0,,0.0,44444.44444444443,133333.33333333328,222222.22222222222,,0,0.0,0.0016,0
47,61,CT,G,,,1,60.0,18.0,23.04,-2.94,1,2,6.49,1,1,1,1,1,1,1,2.29,0.3,0.5333333333333333,0.7666666666666666,1.0,,1152.8384279475983,273.5807860262009,273.85467248908304,274.12855895196515,,13,44.67,0.0016,44
48,61,CT,G,,,1,44.0,13.2,16.9,-2.16,1,2,12.11,1,1,1,1,1,1,1,2.29,0.3,0.5333333333333333,0.7666666666666666,1.0,,672.4890829694323,106.38179524502672,106.52908529839883,106.67637535177103,,295,23.67,0.0016,35
49,79,CT,G,,,1,639.0,191.7,297.77,-77.96,1,2,144.2,1,1,1,1,1,1,1,2.29,0.3,0.5333333333333333,0.7666666666666666,1.0,,1953.2751091703055,1901.3179912663757,1932.38287860262,1963.4477659388658,,1971,28.35,0.0016,7
50,79,CT,G,,,1,595.0,178.5,333.2,-38.08,1,2,72.21,1,1,1,1,1,1,1,2.29,0.3,0.5333333333333333,0.7666666666666666,1.0,,11692.139737991267,2641.066715186803,2668.0007860262003,2694.934856865599,,2753,42.77,0.0016,45
51,91,CT,G,,,1,242.0,72.6,135.52,-15.49,1,2,46.43,1,1,1,1,1,1,1,2.29,0.3,0.5333333333333333,0.7666666666666666,1.0,,6234.934497816594,1340.4709946627845,1344.9265187772924,1349.3820428918007,,235,54.04,0.0016,59
52,26,WIND,W,,,1,132.4999846941916,0.0,17.57,0.0,0,0,0.0,1,1,1,1,1,1,1,1e-05,0.0,0.3333333333333333,0.6666666666666666,1.0,,0.0,312111.03900375124,936333.1170112537,1560555.1950187557,,0,0.0,0.0016,0
53,26,WIND,W,,,1,210.4999834245312,0.0,34.19,0.0,0,0,0.0,1,1,1,1,1,1,1,1e-05,0.0,0.3333333333333333,0.6666666666666666,1.0,,0.0,787737.653719607,2363212.961158821,3938688.268598038,,0,0.0,0.0016,0
54,59,CT,G,,,1,1152.8,345.84,645.57,-73.78,1,2,52.9,1,1,1,1,1,1,1,2.29,0.3,0.5333333333333333,0.7666666666666666,1.0,,23156.681222707422,6322.604034546335,6423.709818783114,6524.815603019895,,1817,52.29,0.0016,46
55,59,WIND,W,,,1,622.9999845890748,0.0,320.88,0.0,0,0,0.0,1,1,1,1,1,1,1,1e-05,0.0,0.3333333333333333,0.6666666666666666,1.0,,0.0,6900070.769741996,20700212.30922599,34500353.84871,,0,0.0,0.0016,0
56,26,PV,S,,,1,273.3333333333334,0.0,17.47,0.0,0,0,0.0,1,1,1,1,1,1,1,1e-05,0.0,0.3333333333333333,0.6666666666666666,1.0,,0.0,1328197.5308641982,3984592.592592595,6640987.654320994,,0,0.0,0.0016,0
57,26,PV,S,,,1,260.0,0.0,16.61,0.0,0,0,0.0,1,1,1,1,1,1,1,1e-05,0.0,0.3333333333333333,0.6666666666666666,1.0,,0.0,1201777.7777777775,3605333.3333333326,6008888.888888891,,0,0.0,0.0016,0
58,26,PV,S,,,1,500.0,0.0,31.95,0.0,0,0,0.0,1,1,1,1,1,1,1,1e-05,0.0,0.3333333333333333,0.6666666666666666,1.0,,0.0,4444444.444444444,13333333.33333333,22222222.22222222,,0,0.0,0.0016,0
59,26,PV,S,,,1,491.6666666666667,0.0,31.42,0.0,0,0,0.0,1,1,1,1,1,1,1,1e-05,0.0,0.3333333333333333,0.6666666666666666,1.0,,0.0,4297530.864197531,12892592.592592591,21487654.320987657,,0,0.0,0.0016,0
60,71,CT,G,,,1,201.6,60.48,42.94,-29.03,1,2,27.97,1,1,1,1,1,1,1,2.29,0.3,0.5333333333333333,0.7666666666666666,1.0,,1408.5589519650655,1156.8717694323143,1159.9638380436677,1163.0559066550218,,447,56.05,0.0016,16
61,71,CT,G,,,1,201.0,60.3,42.81,-28.94,1,2,45.25,1,1,1,1,1,1,1,2.29,0.3,0.5333333333333333,0.7666666666666666,1.0,,4827.510917030568,890.0350218340612,893.1087126637556,896.1824034934497,,166,43.19,0.0016,55
62,71,CT,G,,,1,283.2,84.96,60.32,-40.78,1,2,59.13,1,1,1,1,1,1,1,2.29,0.3,0.5333333333333333,0.7666666666666666,1.0,,3091.703056768559,1236.4058550218338,1242.5076071965063,1248.6093593711792,,456,42.47,0.0016,25
63,93,WIND,W,,,1,169.9999881214527,0.0,25.56,0.0,0,0,0.0,1,1,1,1,1,1,1,1e-05,0.0,0.3333333333333333,0.6666666666666666,1.0,,0.0,513777.70597856096,1541333.1179356829,2568888.529892805,,0,0.0,0.0016,0
64,93,WIND,W,,,1,199.9999881797006,0.0,31.95,0.0,0,0,0.0,1,1,1,1,1,1,1,1e-05,0.0,0.3333333333333333,0.6666666666666666,1.0,,0.0,711111.0270556512,2133333.0811669533,3555555.135278256,,0,0.0,0.0016,0
65,25,WIND,W,,,1,138.0000138498937,0.0,40.04,0.0,0,0,0.0,1,1,1,1,1,1,1,1e-05,0.0,0.3333333333333333,0.6666666666666666,1.0,,0.0,338560.0679568151,1015680.2038704453,1692800.339784076,,0,0.0,0.0016,0
66,112,CT,G,,,1,24.9,7.47,0.0,0.0,1,2,2.02,1,1,1,1,1,1,1,2.29,0.3,0.5333333333333333,0.7666666666666666,1.0,,663.2751091703057,130.2637519650655,130.3109220611353,130.35809215720525,,311,51.31,0.0016,61
67,14,PV,S,,,1,533.3333333333334,0.0,34.08,0.0,0,0,0.0,1,1,1,1,1,1,1,1e-05,0.0,0.3333333333333333,0.6666666666666666,1.0,,0.0,5056790.123456789,15170370.370370368,25283950.61728396,,0,0.0,0.0016,0
68,74,WIND,W,,,1,34.00008830590619,0.0,17.89,0.0,0,0,0.0,1,1,1,1,1,1,1,1e-05,0.0,0.3333333333333333,0.6666666666666666,1.0,,0.0,20551.217863278558,61653.653589835674,102756.08931639277,,0,0.0,0.0016,0
69,91,PV,S,,,1,5.0,0.0,0.58,0.0,0,0,0.0,1,1,1,1,1,1,1,1e-05,0.0,0.3333333333333333,0.6666666666666666,1.0,,0.0,444.44444444444434,1333.333333333333,2222.2222222222226,,0,0.0,0.0016,0
70,57,CT,G,,,1,191.1,57.33,107.02,-12.23,1,2,20.31,1,1,1,1,1,1,1,2.29,0.3,0.5333333333333333,0.7666666666666666,1.0,,3421.4410480349343,1024.8845991266378,1027.6629650305674,1030.4413309344975,,27,52.38,0.0016,41
71,57,CT,G,,,1,861.0,258.3,482.16,-55.1,1,2,147.96,1,1,1,1,1,1,1,2.29,0.3,0.5333333333333333,0.7666666666666666,1.0,,12031.441048034934,2715.045065502183,2771.4444506550212,2827.843835807861,,3313,29.8,0.0016,32
72,57,CT,G,,,1,450.0,135.0,252.0,-28.8,1,2,54.05,1,1,1,1,1,1,1,2.29,0.3,0.5333333333333333,0.7666666666666666,1.0,,14737.991266375546,1261.3755458515282,1276.781659388647,1292.1877729257637,,831,26.91,0.0016,75
73,57,CT,G,,,1,56.0,16.8,0.0,0.0,1,2,10.68,1,1,1,1,1,1,1,2.29,0.3,0.5333333333333333,0.7666666666666666,1.0,,1613.9737991266375,213.6580688985929,213.8966544395924,214.13523998059196,,306,37.37,0.0016,66
74,19,WIND,W,,,1,217.6000261932161,0.0,124.7,0.0,0,0,0.0,1,1,1,1,1,1,1,1e-05,0.0,0.3333333333333333,0.6666666666666666,1.0,,0.0,841773.7137651257,2525321.141295377,4208868.5688256305,,0,0.0,0.0016,0
75,98,CT,G,,,1,114.0,34.2,0.0,0.0,1,2,19.7,1,1,1,1,1,1,1,2.29,0.30000000000000004,0.5333333333333333,0.7666666666666666,1.0,,1742.35807860262,277.1743231441048,278.1630532751092,279.1517834061135,,447,23.71,0.0016,35
76,44,CT,G,,,1,453.5,136.05,211.33,-55.33,1,2,134.28,1,1,1,1,1,1,1,2.29,0.30000000000000004,0.5333333333333333,0.7666666666666666,1.0,,11684.06113537118,1587.4656380397862,1603.1123342066949,1618.7590303736065,,715,33.75,0.0016,59
77,119,WIND,W,,,1,199.9999772775151,0.0,31.95,0.0,0,0,0.0,1,1,1,1,1,1,1,1e-05,0.0,0.3333333333333333,0.6666666666666666,1.0,,0.0,711110.9495290053,2133332.848587016,3555554.747645027,,0,0.0,0.0016,0
78,119,WIND,W,,,1,151.1999769835146,0.0,21.56,0.0,0,0,0.0,1,1,1,1,1,1,1,1e-05,0.0,0.3333333333333333,0.6666666666666666,1.0,,0.0,406425.47626338387,1219276.4287901516,2032127.3813169198,,0,0.0,0.0016,0
79,119,WIND,W,,,1,87.49998256511147,0.0,7.99,0.0,0,0,0.0,1,1,1,1,1,1,1,1e-05,0.0,0.3333333333333333,0.6666666666666666,1.0,,0.0,136111.05686924106,408333.17060772324,680555.2843462055,,0,0.0,0.0016,0
80,119,WIND,W,,,1,141.4999814852966,0.0,19.49,0.0,0,0,0.0,1,1,1,1,1,1,1,1e-05,0.0,0.3333333333333333,0.6666666666666666,1.0,,0.0,355951.0179615871,1067853.0538847614,1779755.0898079355,,0,0.0,0.0016,0
81,119,WIND,W,,,1,184.9999773299124,0.0,28.76,0.0,0,0,0.0,1,1,1,1,1,1,1,1e-05,0.0,0.3333333333333333,0.6666666666666666,1.0,,0.0,608444.2953256551,1825332.8859769655,3042221.476628277,,0,0.0,0.0016,0
82,119,WIND,W,,,1,130.4999825838063,0.0,17.15,0.0,0,0,0.0,1,1,1,1,1,1,1,1e-05,0.0,0.3333333333333333,0.6666666666666666,1.0,,0.0,302759.91918886657,908279.7575665998,1513799.5959443327,,0,0.0,0.0016,0
83,119,WIND,W,,,1,290.9999775719367,0.0,51.33,0.0,0,0,0.0,1,1,1,1,1,1,1,1e-05,0.0,0.3333333333333333,0.6666666666666666,1.0,,0.0,1505439.7679443143,4516319.303832943,7527198.839721569,,0,0.0,0.0016,0
84,42,WIND,W,,,1,1.808070581387118e-05,0.0,16.05,0.0,0,0,0.0,1,1,1,1,1,1,1,1e-05,0.0,0.3333333333333333,0.6666666666666666,1.0,,0.0,5.811767515160089e-09,1.743530254548027e-08,2.9058837575800444e-08,,0,0.0,0.0016,0
85,91,CT,G,,,1,168.0,50.4,94.08,-10.75,1,2,22.97,1,1,1,1,1,1,1,2.29,0.3,0.5333333333333333,0.7666666666666666,1.0,,5648.908296943231,577.6265502183408,579.7738200873363,581.921089956332,,18,33.52,0.0016,77
86,91,PV,S,,,1,25.33333333333333,0.0,0.0,0.0,0,0,0.0,1,1,1,1,1,1,1,1e-05,0.0,0.3333333333333333,0.6666666666666666,1.0,,0.0,11409.382716049378,34228.14814814814,57046.91358024688,,0,0.0,0.0016,0
87,91,PV,S,,,1,129.3333333333333,0.0,0.0,0.0,0,0,0.0,1,1,1,1,1,1,1,1e-05,0.0,0.3333333333333333,0.6666666666666666,1.0,,0.0,297370.8641975306,892112.5925925917,1486854.3209876535,,0,0.0,0.0016,0
88,94,WIND,W,,,1,170.5999841325928,0.0,25.69,0.0,0,0,0.0,1,1,1,1,1,1,1,1e-05,0.0,0.3333333333333333,0.6666666666666666,1.0,,0.0,517410.74819628283,1552232.2445888487,2587053.740981415,,0,0.0,0.0016,0
89,94,WIND,W,,,1,163.9999841055736,0.0,24.28,0.0,0,0,0.0,1,1,1,1,1,1,1,1e-05,0.0,0.3333333333333333,0.6666666666666666,1.0,,0.0,478151.0184289492,1434453.0552868475,2390755.092144746,,0,0.0,0.0016,0
90,94,WIND,W,,,1,220.199984363153,0.0,36.25,0.0,0,0,0.0,1,1,1,1,1,1,1,1e-05,0.0,0.3333333333333333,0.6666666666666666,1.0,,0.0,862009.4775739167,2586028.43272175,4310047.387869585,,0,0.0,0.0016,0
91,94,WIND,W,,,1,785.4999846514534,0.0,156.66,0.0,0,0,0.0,1,1,1,1,1,1,1,1e-05,0.0,0.3333333333333333,0.6666666666666666,1.0,,0.0,10969070.682443261,32907212.047329787,54845353.41221631,,0,0.0,0.0016,0
92,94,WIND,W,,,1,282.4999844536548,0.0,49.52,0.0,0,0,0.0,1,1,1,1,1,1,1,1e-05,0.0,0.3333333333333333,0.6666666666666666,1.0,,0.0,1418777.621623381,4256332.864870143,7093888.108116908,,0,0.0,0.0016,0
93,111,NUC,N,,,1,2708.6,812.58,996.76,-222.11,48,48,135.43,1,1,1,1,1,1,1,0.81035,0.30000000000000004,0.5333333333333333,0.7666666666666666,1.0,,4011007.58931326,16418.420776756273,17995.743866131917,19573.066955507562,,0,17.44,0.0016,1200
94,91,CT,G,,,1,63.1,18.93,29.4,-7.7,1,2,6.72,1,1,1,1,1,1,1,2.29,0.3,0.5333333333333333,0.7666666666666666,1.0,,1956.3755458515286,264.53222261038337,264.8351417991266,265.1380609878701,,219,41.06,0.0016,71
95,82,WIND,W,,,1,119.9999867619931,0.0,26.88,0.0,0,0,0.0,1,1,1,1,1,1,1,1e-05,0.0,0.3333333333333333,0.6666666666666666,1.0,,0.0,255999.9435178403,767999.8305535208,1279999.7175892016,,0,0.0,0.0016,0
96,22,WIND,W,,,1,99.60002575431464,0.0,31.86,0.0,0,0,0.0,1,1,1,1,1,1,1,1e-05,0.0,0.3333333333333333,0.6666666666666666,1.0,,0.0,176358.49120462468,529075.473613874,881792.4560231236,,0,0.0,0.0016,0
97,22,WIND,W,,,1,612.5000265020816,0.0,141.11,0.0,0,0,0.0,1,1,1,1,1,1,1,1e-05,0.0,0.3333333333333333,0.6666666666666666,1.0,,0.0,6669445.021600899,20008335.0648027,33347225.108004503,,0,0.0,0.0016,0
98,19,CT,G,,,1,150.0,45.0,31.95,-21.6,1,2,7.1,1,1,1,1,1,1,1,2.29,0.3,0.5333333333333333,0.7666666666666666,1.0,,3602.6200873362445,360.85152838427945,362.56331877729235,364.2751091703059,,85,23.41,0.0016,55
99,19,WIND,W,,,1,42.00002267048929,0.0,19.6,0.0,0,0,0.0,1,1,1,1,1,1,1,1e-05,0.0,0.3333333333333333,0.6666666666666666,1.0,,0.0,31360.033854606463,94080.1015638194,156800.1692730324,,0,0.0,0.0016,0
100,36,CT,G,,,1,618.7,185.61,346.47,-39.6,1,2,52.67,1,1,1,1,1,1,1,2.29,0.3,0.5333333333333333,0.7666666666666666,1.0,,1891.222707423581,3629.567376613295,3658.689852786024,3687.8123289587616,,889,56.75,0.0016,7
101,26,PV,S,,,1,18.66666666666667,0.0,3.14,0.0,0,0,0.0,1,1,1,1,1,1,1,1e-05,0.0,0.3333333333333333,0.6666666666666666,1.0,,0.0,6194.56790123457,18583.703703703708,30972.83950617285,,0,0.0,0.0016,0
102,74,WIND,W,,,1,80.50009646431697,0.0,27.8,0.0,0,0,0.0,1,1,1,1,1,1,1,1e-05,0.0,0.3333333333333333,0.6666666666666666,1.0,,0.0,115204.72054692154,345614.1616407646,576023.6027346078,,0,0.0,0.0016,0
103,74,WIND,W,,,1,70.0000947194203,0.0,25.56,0.0,0,0,0.0,1,1,1,1,1,1,1,1e-05,0.0,0.3333333333333333,0.6666666666666666,1.0,,0.0,87111.34685738335,261334.04057215006,435556.73428691697,,0,0.0,0.0016,0
104,74,WIND,W,,,1,13.00007328143217,0.0,13.42,0.0,0,0,0.0,1,1,1,1,1,1,1,1e-05,0.0,0.3333333333333333,0.6666666666666666,1.0,,0.0,3004.4783168463387,9013.434950539016,15022.391584231702,,0,0.0,0.0016,0
105,74,CT,G,,,1,249.0,74.7,53.04,-35.86,1,2,18.55,1,1,1,1,1,1,1,2.29,0.3,0.5333333333333333,0.7666666666666666,1.0,,5110.480349344978,846.6869868995633,851.4039965065497,856.1210061135373,,49,33.04,0.0016,47
106,50,PV,S,,,1,400.0,0.0,25.56,0.0,0,0,0.0,1,1,1,1,1,1,1,1e-05,0.0,0.3333333333333333,0.6666666666666666,1.0,,0.0,2844444.4444444436,8533333.33333333,14222222.222222222,,0,0.0,0.0016,0
107,120,CT,G,,,1,150.0,45.0,31.95,-21.6,1,2,13.85,1,1,1,1,1,1,1,2.29,0.3,0.5333333333333333,0.7666666666666666,1.0,,3406.113537117904,831.1353711790392,832.8471615720521,834.5589519650661,,191,54.18,0.0016,52
108,94,CT,G,,,1,169.5,50.85,36.1,-24.41,1,2,31.2,1,1,1,1,1,1,1,2.29,0.3,0.5333333333333333,0.7666666666666666,1.0,,4589.082969432315,779.8776419213974,782.0634270742356,784.2492122270744,,155,44.93,0.0016,62
109,77,WIND,W,,,1,199.9999318490493,0.0,31.95,0.0,0,0,0.0,1,1,1,1,1,1,1,1e-05,0.0,0.3333333333333333,0.6666666666666666,1.0,,0.0,711110.6264822108,2133331.879446632,3555553.1324110543,,0,0.0,0.0016,0
110,2,WIND,W,,,1,338.599998942999,0.0,61.47,0.0,0,0,0.0,1,1,1,1,1,1,1,1e-05,0.0,0.3333333333333333,0.6666666666666666,1.0,,0.0,2038221.4983857581,6114664.495157274,10191107.491928793,,0,0.0,0.0016,0
111,70,PV,S,,,1,32.0,0.0,3.69,0.0,0,0,0.0,1,1,1,1,1,1,1,1e-05,0.0,0.3333333333333333,0.6666666666666666,1.0,,0.0,18204.444444444445,54613.33333333333,91022.22222222222,,0,0.0,0.0016,0
112,82,CT,G,,,1,250.0,75.0,140.0,-16.0,1,2,15.92,1,1,1,1,1,1,1,2.29,0.3,0.5333333333333333,0.7666666666666666,1.0,,6113.53711790393,1287.748665696264,1292.503639010189,1297.2586123241147,,329,50.22,0.0016,56
113,30,WIND,W,,,1,150.0001006265589,0.0,42.6,0.0,0,0,0.0,1,1,1,1,1,1,1,1e-05,0.0,0.3333333333333333,0.6666666666666666,1.0,,0.0,400000.53667516075,1200001.610025482,2000002.6833758045,,0,0.0,0.0016,0
114,30,CT,G,,,1,165.6,49.68,35.27,-23.85,1,2,7.55,1,1,1,1,1,1,1,2.29,0.3,0.5333333333333333,0.7666666666666666,1.0,,5640.524017467248,773.1509659388646,775.237323458515,777.3236809781663,,317,45.6,0.0016,78
115,30,WIND,W,,,1,150.0001006265589,0.0,42.6,0.0,0,0,0.0,1,1,1,1,1,1,1,1e-05,0.0,0.3333333333333333,0.6666666666666666,1.0,,0.0,400000.53667516075,1200001.610025482,2000002.6833758045,,0,0.0,0.0016,0
116,120,PV,S,,,1,199.3333333333333,0.0,12.74,0.0,0,0,0.0,1,1,1,1,1,1,1,1e-05,0.0,0.3333333333333333,0.6666666666666666,1.0,,0.0,706378.2716049379,2119134.8148148134,3531891.35802469,,0,0.0,0.0016,0
117,30,WIND,W,,,1,10.0000765408814,0.0,12.78,0.0,0,0,0.0,1,1,1,1,1,1,1,1e-05,0.0,0.3333333333333333,0.6666666666666666,1.0,,0.0,1777.8049924175382,5333.414977252614,8889.02496208769,,0,0.0,0.0016,0
118,93,CT,G,,,1,225.0,67.5,47.93,-32.4,1,2,24.28,1,1,1,1,1,1,1,2.29,0.3,0.5333333333333333,0.7666666666666666,1.0,,6975.982532751092,555.2620087336244,559.1135371179041,562.9650655021833,,306,23.92,0.0016,71
119,93,WIND,W,,,1,199.9999881797006,0.0,31.95,0.0,0,0,0.0,1,1,1,1,1,1,1,1e-05,0.0,0.3333333333333333,0.6666666666666666,1.0,,0.0,711111.0270556512,2133333.0811669533,3555555.135278256,,0,0.0,0.0016,0
120,93,WIND,W,,,1,117.5999879336357,0.0,14.4,0.0,0,0,0.0,1,1,1,1,1,1,1,1e-05,0.0,0.3333333333333333,0.6666666666666666,1.0,,0.0,245862.3495465113,737587.0486395338,1229311.7477325567,,0,0.0,0.0016,0
121,53,CT,G,,,1,1097.4,329.22,511.39,-133.88,1,2,119.29,1,1,1,1,1,1,1,2.29,0.3,0.5333333333333333,0.7666666666666666,1.0,,3833.7117903930134,4305.296677729259,4396.918300227074,4488.539922724892,,1850,37.04,0.0016,8
122,81,CT,G,,,1,243.3,72.99,113.38,-29.68,1,2,67.83,1,1,1,1,1,1,1,2.29,0.3,0.5333333333333333,0.7666666666666666,1.0,,2231.1353711790393,759.4388157205241,763.9423376768559,768.4458596331879,,343,30.31,0.0016,21
123,50,PV,S,,,1,6.666666666666667,0.0,1.02,0.0,0,0,0.0,1,1,1,1,1,1,1,1e-05,0.0,0.3333333333333333,0.6666666666666666,1.0,,0.0,790.1234567901236,2370.370370370371,3950.6172839506175,,0,0.0,0.0016,0
124,98,CT,G,,,1,44.0,13.2,0.0,0.0,1,2,8.2,1,1,1,1,1,1,1,2.29,0.3,0.5333333333333333,0.7666666666666666,1.0,,115.28384279475982,219.67378942261033,219.82107947598257,219.96836952935462,,107,48.94,0.0016,6
125,50,WIND,W,,,1,174.1999763095554,0.0,26.45,0.0,0,0,0.0,1,1,1,1,1,1,1,1e-05,0.0,0.3333333333333333,0.6666666666666666,1.0,,0.0,539477.8977111051,1618433.693133315,2697389.4885555264,,0,0.0,0.0016,0
126,50,PV,S,,,1,300.0,0.0,19.17,0.0,0,0,0.0,1,1,1,1,1,1,1,1e-05,0.0,0.3333333333333333,0.6666666666666666,1.0,,0.0,1599999.9999999998,4800000.0,7999999.999999999,,0,0.0,0.0016,0
127,50,PV,S,,,1,385.0,0.0,24.6,0.0,0,0,0.0,1,1,1,1,1,1,1,1e-05,0.0,0.3333333333333333,0.6666666666666666,1.0,,0.0,2635111.11111111,7905333.33333333,13175555.55555556,,0,0.0,0.0016,0
128,50,WIND,W,,,1,249.4999759911978,0.0,42.49,0.0,0,0,0.0,1,1,1,1,1,1,1,1e-05,0.0,0.3333333333333333,0.6666666666666666,1.0,,0.0,1106670.898126369,3320012.6943791076,5533354.490631849,,0,0.0,0.0016,0
129,48,CT,G,,,1,126.5,37.95,26.94,-18.22,1,2,35.81,1,1,1,1,1,1,1,2.29,0.30000000000000004,0.5333333333333333,0.7666666666666666,1.0,,2817.2489082969432,491.1968607472101,492.4143050946139,493.6317494420189,,357,37.94,0.0016,51
130,48,CT,G,,,1,209.0,62.7,44.52,-30.1,1,2,60.41,1,1,1,1,1,1,1,2.29,0.3,0.5333333333333333,0.7666666666666666,1.0,,1277.7292576419213,531.0810674429889,534.4042992721976,537.7275311014074,,501,24.66,0.0016,14
131,48,WIND,W,,,1,100.0000409955779,0.0,31.95,0.0,0,0,0.0,1,1,1,1,1,1,1,1e-05,0.0,0.3333333333333333,0.6666666666666666,1.0,,0.0,177777.92353986242,533333.7706195873,888889.6176993119,,0,0.0,0.0016,0
132,48,WIND,W,,,1,147.0000420015917,0.0,41.96,0.0,0,0,0.0,1,1,1,1,1,1,1,1e-05,0.0,0.3333333333333333,0.6666666666666666,1.0,,0.0,384160.21952835075,1152480.6585850522,1920801.0976417528,,0,0.0,0.0016,0
133,18,WIND,W,,,1,139.8039647700775,0.0,38.34,0.0,0,0,0.0,1,1,1,1,1,1,1,1e-05,0.0,0.3333333333333333,0.6666666666666666,1.0,,0.0,347469.30782992125,1042407.9234897638,1737346.5391496064,,0,0.0,0.0016,0
134,18,WIND,W,,,1,6.178165706542476e-05,0.0,1.92,0.0,0,0,0.0,1,1,1,1,1,1,1,1e-05,0.0,0.3333333333333333,0.6666666666666666,1.0,,0.0,6.785730043999553e-08,2.0357190131998658e-07,3.3928650219997774e-07,,0,0.0,0.0016,0
135,18,WIND,W,,,1,187.3297783473275,0.0,42.62,0.0,0,0,0.0,1,1,1,1,1,1,1,1e-05,0.0,0.3333333333333333,0.6666666666666666,1.0,,0.0,623865.7041006016,1871597.1123018048,3119328.5205030097,,0,0.0,0.0016,0
136,85,WIND,W,,,1,153.0000242562797,0.0,43.24,0.0,0,0,0.0,1,1,1,1,1,1,1,1e-05,0.0,0.3333333333333333,0.6666666666666666,1.0,,0.0,416160.1319541719,1248480.3958625156,2080800.6597708599,,0,0.0,0.0016,0
137,85,CT,G,,,1,200.0,60.0,42.6,-28.8,1,2,39.62,1,1,1,1,1,1,1,2.29,0.3,0.5333333333333333,0.7666666666666666,1.0,,2096.069868995633,1097.7195536147503,1100.7627365356616,1103.8059194565749,,80,53.6,0.0016,24
138,85,CT,G,,,1,201.6,60.48,42.94,-29.03,1,2,59.83,1,1,1,1,1,1,1,2.29,0.3,0.5333333333333333,0.7666666666666666,1.0,,3169.257641921397,730.430546724891,733.5226153362437,736.614683947599,,194,35.29,0.0016,36
139,70,WIND,W,,,1,149.799988246077,0.0,21.26,0.0,0,0,0.0,1,1,1,1,1,1,1,1e-05,0.0,0.3333333333333333,0.6666666666666666,1.0,,0.0,398933.98184044095,1196801.9455213228,1994669.909202205,,0,0.0,0.0016,0
140,2,WIND,W,,,1,250.5999989428539,0.0,42.73,0.0,0,0,0.0,1,1,1,1,1,1,1,1e-05,0.0,0.3333333333333333,0.6666666666666666,1.0,,0.0,1116450.8350250374,3349352.505075112,5582254.175125189,,0,0.0,0.0016,0
141,14,WIND,W,,,1,229.9999967377302,0.0,38.34,0.0,0,0,0.0,1,1,1,1,1,1,1,1e-05,0.0,0.3333333333333333,0.6666666666666666,1.0,,0.0,940444.4177663269,2821333.2532989806,4702222.088831637,,0,0.0,0.0016,0
142,14,PV,S,,,1,703.3333333333334,0.0,44.94,0.0,0,0,0.0,1,1,1,1,1,1,1,1e-05,0.0,0.3333333333333333,0.6666666666666666,1.0,,0.0,8794271.604938272,26382814.81481482,43971358.02469135,,0,0.0,0.0016,0
143,53,WIND,W,,,1,238.4999880303343,0.0,0.0,0.0,0,0,0.0,1,1,1,1,1,1,1,1e-05,0.0,0.3333333333333333,0.6666666666666666,1.0,,0.0,1011239.8984972372,3033719.6954917116,5056199.492486187,,0,0.0,0.0016,0
144,62,CT,G,,,1,52.1,15.63,26.52,-5.78,1,2,3.83,1,1,1,1,1,1,1,2.29,0.3,0.5333333333333333,0.7666666666666666,1.0,,1706.3318777292577,277.47706686074713,277.6835780145561,277.8900891683651,,590,52.2,0.0016,75
145,66,WIND,W,,,1,100.0000360514749,0.0,31.95,0.0,0,0,0.0,1,1,1,1,1,1,1,1e-05,0.0,0.3333333333333333,0.6666666666666666,1.0,,0.0,177777.90596082265,533333.717882468,888889.5298041141,,0,0.0,0.0016,0
146,75,WIND,W,,,1,267.9999991911224,0.0,46.43,0.0,0,0,0.0,1,1,1,1,1,1,1,1e-05,0.0,0.3333333333333333,0.6666666666666666,1.0,,0.0,1276871.1034034065,3830613.310210219,6384355.517017033,,0,0.0,0.0016,0
147,75,CT,G,,,1,181.7,54.51,38.7,-26.16,1,2,10.51,1,1,1,1,1,1,1,2.29,0.3,0.5333333333333333,0.7666666666666666,1.0,,1745.589519650655,956.4663314895681,958.9780902241624,961.4898489587578,,531,51.42,0.0016,22
148,83,CT,G,,,1,13.9,4.17,0.0,0.0,1,2,0.64,1,1,1,1,1,1,1,2.29,0.3,0.5333333333333333,0.7666666666666666,1.0,,42.48908296943231,67.55556467734114,67.57026401164481,67.58496334594857,,418,47.68,0.0016,7
149,52,CT,G,,,1,10.0,3.0,0.0,0.0,1,2,0.19,1,1,1,1,1,1,1,2.29,0.3,0.5333333333333333,0.7666666666666666,1.0,,109.17030567685589,58.05143134400776,58.05903930131004,58.066647258612335,,38,56.96,0.0016,25
150,52,CT,G,,,1,10.0,3.0,0.0,0.0,1,2,1.78,1,1,1,1,1,1,1,2.29,0.3,0.5333333333333333,0.7666666666666666,1.0,,222.707423580786,47.66860747210093,47.676215429403186,47.6838233867055,,77,46.77,0.0016,51
151,52,CT,G,,,1,40.7,12.21,0.0,0.0,1,2,9.28,1,1,1,1,1,1,1,2.29,0.3,0.5333333333333333,0.7666666666666666,1.0,,124.410480349345,132.9295571081999,133.05558216011644,133.18160721203304,,353,32.0,0.0016,7
152,52,PV,S,,,1,14.66666666666667,0.0,0.0,0.0,0,0,0.0,1,1,1,1,1,1,1,1e-05,0.0,0.3333333333333333,0.6666666666666666,1.0,,0.0,3824.197530864198,11472.592592592595,19120.987654320998,,0,0.0,0.0016,0
153,83,PV,S,,,1,18.33333333333334,0.0,0.0,0.0,0,0,0.0,1,1,1,1,1,1,1,1e-05,0.0,0.3333333333333333,0.6666666666666666,1.0,,0.0,5975.308641975312,17925.925925925934,29876.543209876563,,0,0.0,0.0016,0
154,70,PV,S,,,1,132.0,0.0,0.0,0.0,0,0,0.0,1,1,1,1,1,1,1,1e-05,0.0,0.3333333333333333,0.6666666666666666,1.0,,0.0,309760.0,929280.0000000001,1548800.0,,0,0.0,0.0016,0
155,79,CT,G,,,1,30.0,9.0,0.0,0.0,1,2,3.44,1,1,1,1,1,1,1,2.29,0.3,0.5333333333333333,0.7666666666666666,1.0,,655.0218340611353,168.30567685589523,168.37414847161563,168.44262008733645,,507,55.02,0.0016,50
156,43,CT,G,,,1,661.5,198.45,308.26,-80.7,1,2,63.37,1,1,1,1,1,1,1,2.29,0.3,0.5333333333333333,0.7666666666666666,1.0,,20220.524017467247,2970.5297816593893,3003.8208524017464,3037.111923144104,,2325,43.19,0.0016,70
157,16,WIND,W,,,1,249.9999989733363,0.0,42.6,0.0,0,0,0.0,1,1,1,1,1,1,1,1e-05,0.0,0.3333333333333333,0.6666666666666666,1.0,,0.0,1111111.1019852113,3333333.3059556335,5555555.509926058,,0,0.0,0.0016,0
158,16,PV,S,,,1,536.6666666666667,0.0,34.29,0.0,0,0,0.0,1,1,1,1,1,1,1,1e-05,0.0,0.3333333333333333,0.6666666666666666,1.0,,0.0,5120197.530864199,15360592.592592597,25600987.654320993,,0,0.0,0.0016,0
159,38,WIND,W,,,1,1.455330936732537e-05,0.0,0.0,0.0,0,0,0.0,1,1,1,1,1,1,1,1e-05,0.0,0.3333333333333333,0.6666666666666666,1.0,,0.0,3.765312240730317e-09,1.1295936722190948e-08,1.8826561203651588e-08,,0,0.0,0.0016,0
160,108,PV,S,,,1,4.666666666666667,0.0,0.0,0.0,0,0,0.0,1,1,1,1,1,1,1,1e-05,0.0,0.3333333333333333,0.6666666666666666,1.0,,0.0,387.1604938271605,1161.4814814814815,1935.8024691358032,,0,0.0,0.0016,0
161,74,PV,S,,,1,100.0,0.0,6.39,0.0,0,0,0.0,1,1,1,1,1,1,1,1e-05,0.0,0.3333333333333333,0.6666666666666666,1.0,,0.0,177777.77777777772,533333.3333333331,888888.8888888889,,0,0.0,0.0016,0
162,6,WIND,W,,,1,162.499984420327,0.0,23.96,0.0,0,0,0.0,1,1,1,1,1,1,1,1e-05,0.0,0.3333333333333333,0.6666666666666666,1.0,,0.0,469444.35442856036,1408333.063285681,2347221.772142801,,0,0.0,0.0016,0
163,120,WIND,W,,,1,185.3999876467921,0.0,28.84,0.0,0,0,0.0,1,1,1,1,1,1,1,1e-05,0.0,0.3333333333333333,0.6666666666666666,1.0,,0.0,611078.3185676562,1833234.9557029686,3055391.5928382813,,0,0.0,0.0016,0
164,3,PV,S,,,1,33.33333333333334,0.0,0.0,0.0,0,0,0.0,1,1,1,1,1,1,1,1e-05,0.0,0.3333333333333333,0.6666666666666666,1.0,,0.0,19753.086419753094,59259.259259259285,98765.43209876551,,0,0.0,0.0016,0
165,82,COAL,C,,,1,1175.4,352.62,547.74,-143.4,12,12,66.56,1,1,1,1,1,1,1,1.78,0.3,0.5333333333333333,0.7666666666666666,1.0,,235080.0,3098.0902651685406,3233.3146204044924,3368.5389756404516,,2367,18.54,0.0016,356
166,27,CT,G,,,1,927.5,278.25,432.22,-113.15,1,2,207.82,1,1,1,1,1,1,1,2.29,0.3,0.5333333333333333,0.7666666666666666,1.0,,8505.458515283843,3108.902595827269,3174.3505240174654,3239.7984522076695,,2558,31.66,0.0016,21
167,76,PV,S,,,1,10.66666666666667,0.0,1.63,0.0,0,0,0.0,1,1,1,1,1,1,1,1e-05,0.0,0.3333333333333333,0.6666666666666666,1.0,,0.0,2022.7160493827166,6068.14814814815,10113.580246913589,,0,0.0,0.0016,0
168,76,PV,S,,,1,5.333333333333334,0.0,0.81,0.0,0,0,0.0,1,1,1,1,1,1,1,1e-05,0.0,0.3333333333333333,0.6666666666666666,1.0,,0.0,505.67901234567904,1517.0370370370372,2528.3950617283954,,0,0.0,0.0016,0
169,76,WIND,W,,,1,1.547366779123746e-05,0.0,0.0,0.0,0,0,0.0,1,1,1,1,1,1,1,1e-05,0.0,0.3333333333333333,0.6666666666666666,1.0,,0.0,4.256611465130304e-09,1.276983439539091e-08,2.1283057325651515e-08,,0,0.0,0.0016,0
170,76,PV,S,,,1,11.66666666666667,0.0,1.78,0.0,0,0,0.0,1,1,1,1,1,1,1,1e-05,0.0,0.3333333333333333,0.6666666666666666,1.0,,0.0,2419.753086419754,7259.259259259262,12098.76543209877,,0,0.0,0.0016,0
171,76,CT,G,,,1,357.6,107.28,200.26,-22.89,1,2,53.95,1,1,1,1,1,1,1,2.29,0.3,0.5333333333333333,0.7666666666666666,1.0,,3747.7729257641927,1598.7249746724888,1608.453860052401,1618.182745432315,,406,43.4,0.0016,24
172,13,PV,S,,,1,14.0,0.0,2.14,0.0,0,0,0.0,1,1,1,1,1,1,1,1e-05,0.0,0.3333333333333333,0.6666666666666666,1.0,,0.0,3484.444444444443,10453.33333333333,17422.222222222223,,0,0.0,0.0016,0
173,13,PV,S,,,1,21.33333333333334,0.0,3.26,0.0,0,0,0.0,1,1,1,1,1,1,1,1e-05,0.0,0.3333333333333333,0.6666666666666666,1.0,,0.0,8090.8641975308665,24272.5925925926,40454.320987654355,,0,0.0,0.0016,0
174,13,CT,G,,,1,418.0,125.4,234.08,-26.75,1,2,113.34,1,1,1,1,1,1,1,2.29,0.3,0.5333333333333333,0.7666666666666666,1.0,,14055.021834061135,1358.964444444444,1372.2573717612804,1385.5502990781185,,1556,31.35,0.0016,77
175,82,COAL,C,,,1,852.2,255.66,397.13,-103.97,12,12,42.03,1,1,1,1,1,1,1,1.78,0.3,0.5333333333333333,0.7666666666666666,1.0,,113467.0786516854,2343.2925313358296,2414.375671730338,2485.4588121248435,,2029,19.84,0.0016,237
176,82,CT,G,,,1,1850.8,555.24,1036.45,-118.45,1,2,254.49,1,1,1,1,1,1,1,2.29,0.3,0.5333333333333333,0.7666666666666666,1.0,,58999.301310043666,6630.124162639494,6890.731745537117,7151.3393284347385,,2164,32.69,0.0016,73
177,98,COAL,C,,,1,1108.3,332.49,620.65,-70.93,12,12,15.58,1,1,1,1,1,1,1,1.78,0.30000000000000004,0.5333333333333333,0.7666666666666666,1.0,,90282.86516853933,2954.722265418226,3074.9482142022457,3195.1741629862677,,2935,18.86,0.0016,145
178,81,CT,G,,,1,803.2,240.96,449.79,-51.4,1,2,229.65,1,1,1,1,1,1,1,2.29,0.3,0.5333333333333333,0.7666666666666666,1.0,,27708.64628820961,3676.3239530325086,3725.4051862358065,3774.486419439107,,799,43.85,0.0016,79
179,1,CT,G,,,1,109.9,32.97,55.94,-12.2,1,2,6.45,1,1,1,1,1,1,1,2.29,0.3,0.5333333333333333,0.7666666666666666,1.0,,2975.4585152838426,434.21815274138794,435.1370425851524,436.0559324289186,,101,38.63,0.0016,62
180,54,CT,G,,,1,939.6,281.88,526.18,-60.13,1,2,214.7,1,1,1,1,1,1,1,2.29,0.3,0.5333333333333333,0.7666666666666666,1.0,,13540.087336244542,4811.102127510918,4878.268838567685,4945.435549624453,,3039,49.0,0.0016,33
181,98,COAL,C,,,1,1980.0,594.0,922.68,-241.56,12,12,156.5,1,1,1,1,1,1,1,1.78,0.3,0.5333333333333333,0.7666666666666666,1.0,,309235.9550561798,5782.786516853933,6166.506067415729,6550.22561797753,,1473,19.64,0.0016,278
182,78,CT,G,,,1,2379.6,713.88,1108.89,-290.31,1,2,282.78,1,1,1,1,1,1,1,2.29,0.3,0.5333333333333333,0.7666666666666666,1.0,,24939.03930131004,8659.028415720522,9089.828705816592,9520.628995912664,,1261,32.54,0.0016,24
183,1,CT,G,,,1,713.4,214.02,0.0,0.0,1,2,106.07,1,1,1,1,1,1,1,2.29,0.30000000000000004,0.5333333333333333,0.7666666666666666,1.0,,13707.248908296942,4084.535874235805,4123.255778655022,4161.975683074236,,2955,55.24,0.0016,44
184,98,CT,G,,,1,570.0,171.0,319.2,-36.48,1,2,52.87,1,1,1,1,1,1,1,2.29,0.3,0.5333333333333333,0.7666666666666666,1.0,,18917.03056768559,2250.5458515283844,2275.264104803492,2299.982358078605,,2028,37.99,0.0016,76
185,117,COAL,C,,,1,1186.8,356.04,553.05,-144.79,12,12,94.72,1,1,1,1,1,1,1,1.78,0.30000000000000004,0.5333333333333333,0.7666666666666666,1.0,,76008.53932584269,3175.6189932584257,3313.4791036404495,3451.339214022472,,2454,18.83,0.0016,114
186,102,CT,G,,,1,1036.0,310.8,580.16,-66.3,1,2,141.34,1,1,1,1,1,1,1,2.29,0.3,0.5333333333333333,0.7666666666666666,1.0,,13572.052401746725,3803.4822319262494,3885.138133333334,3966.794034740418,,2012,34.65,0.0016,30
187,55,COAL,C,,,1,1314.8,394.44,612.7,-160.41,12,12,90.71,1,1,1,1,1,1,1,1.78,0.3,0.5333333333333333,0.7666666666666666,1.0,,200913.25842696626,3602.686598751561,3771.887603415727,3941.088608079901,,2229,19.15,0.0016,272
188,27,PV,S,,,1,19.0,0.0,0.0,0.0,0,0,0.0,1,1,1,1,1,1,1,1e-05,0.0,0.3333333333333333,0.6666666666666666,1.0,,0.0,6417.777777777777,19253.333333333332,32088.888888888887,,0,0.0,0.0016,0
189,27,CT,G,,,1,746.0,223.8,417.76,-47.74,1,2,48.67,1,1,1,1,1,1,1,2.29,0.3,0.5333333333333333,0.7666666666666666,1.0,,23129.2576419214,3132.0344881125666,3174.3739877729254,3216.7134874332874,,3562,40.21,0.0016,71
190,58,PV,S,,,1,16.0,0.0,2.44,0.0,0,0,0.0,1,1,1,1,1,1,1,1e-05,0.0,0.3333333333333333,0.6666666666666666,1.0,,0.0,4551.111111111111,13653.333333333332,22755.555555555555,,0,0.0,0.0016,0
191,58,PV,S,,,1,41.33333333333334,0.0,6.31,0.0,0,0,0.0,1,1,1,1,1,1,1,1e-05,0.0,0.3333333333333333,0.6666666666666666,1.0,,0.0,30372.345679012356,91117.03703703707,151861.7283950618,,0,0.0,0.0016,0
192,58,WIND,W,,,1,332.5999964111627,0.0,158.26,0.0,0,0,0.0,1,1,1,1,1,1,1,1e-05,0.0,0.3333333333333333,0.6666666666666666,1.0,,0.0,1966626.802003652,5899880.406010956,9833134.01001826,,0,0.0,0.0016,0
193,58,CT,G,,,1,1734.0,520.2,971.04,-110.98,1,2,457.64,1,1,1,1,1,1,1,2.29,0.30000000000000004,0.5333333333333333,0.7666666666666666,1.0,,37103.05676855895,10239.03021834061,10467.782931004362,10696.535643668121,,1040,55.64,0.0016,49
194,7,WIND,W,,,1,176.4999950015191,0.0,58.95,0.0,0,0,0.0,1,1,1,1,1,1,1,1e-05,0.0,0.3333333333333333,0.6666666666666666,1.0,,0.0,553817.7464095335,1661453.2392286006,2769088.732047668,,0,0.0,0.0016,0
195,40,CT,G,,,1,1280.0,384.0,716.8,-81.92,1,2,238.81,1,1,1,1,1,1,1,2.29,0.3,0.5333333333333333,0.7666666666666666,1.0,,6148.471615720524,6636.747210092188,6761.395982532751,6886.0447549733135,,2874,49.18,0.0016,11
196,87,PV,S,,,1,10.66666666666667,0.0,1.63,0.0,0,0,0.0,1,1,1,1,1,1,1,1e-05,0.0,0.3333333333333333,0.6666666666666666,1.0,,0.0,2022.7160493827166,6068.14814814815,10113.580246913589,,0,0.0,0.0016,0
197,87,CT,G,,,1,427.7,128.31,199.31,-52.18,1,2,9.57,1,1,1,1,1,1,1,2.29,0.3,0.5333333333333333,0.7666666666666666,1.0,,14194.410480349345,1470.814022901504,1484.731053018923,1498.6480831363415,,1402,33.18,0.0016,76
198,43,PV,S,,,1,20.0,0.0,0.0,0.0,0,0,0.0,1,1,1,1,1,1,1,1e-05,0.0,0.3333333333333333,0.6666666666666666,1.0,,0.0,7111.1111111111095,21333.33333333333,35555.55555555556,,0,0.0,0.0016,0
199,63,WIND,W,,,1,129.9999691273388,0.0,44.8,0.0,0,0,0.0,1,1,1,1,1,1,1,1e-05,0.0,0.3333333333333333,0.6666666666666666,1.0,,0.0,300444.3017441607,901332.9052324821,1502221.5087208038,,0,0.0,0.0016,0
200,63,PV,S,,,1,34.66666666666667,0.0,5.29,0.0,0,0,0.0,1,1,1,1,1,1,1,1e-05,0.0,0.3333333333333333,0.6666666666666666,1.0,,0.0,21364.938271604944,64094.814814814825,106824.69135802472,,0,0.0,0.0016,0
201,42,CT,G,,,1,603.6,181.08,281.28,-73.64,1,2,159.43,1,1,1,1,1,1,1,2.29,0.3,0.5333333333333333,0.7666666666666666,1.0,,13969.781659388647,3354.6242934497814,3382.3425894847146,3410.060885519656,,1182,53.74,0.0016,53
202,115,CT,G,,,1,788.4,236.52,441.5,-50.46,1,2,61.5,1,1,1,1,1,1,1,2.29,0.30000000000000004,0.5333333333333333,0.7666666666666666,1.0,,6541.3100436681225,4619.179367685587,4666.468494812227,4713.757621938865,,1054,56.45,0.0016,19
203,99,CT,G,,,1,803.2,240.96,449.79,-51.4,1,2,119.51,1,1,1,1,1,1,1,2.29,0.3,0.5333333333333333,0.7666666666666666,1.0,,20693.799126637554,2476.551260164968,2525.6324933682677,2574.71372657157,,3625,29.19,0.0016,59
204,28,WIND,W,,,1,856.9999804088067,0.0,451.92,0.0,0,0,0.0,1,1,1,1,1,1,1,1e-05,0.0,0.3333333333333333,0.6666666666666666,1.0,,0.0,13056870.514145687,39170611.54243706,65284352.57072843,,0,0.0,0.0016,0
205,77,WIND,W,,,1,1057.999956964386,0.0,469.73,0.0,0,0,0.0,1,1,1,1,1,1,1,1e-05,0.0,0.3333333333333333,0.6666666666666666,1.0,,0.0,19899802.825540308,59699408.47662093,99499014.12770158,,0,0.0,0.0016,0
206,22,WIND,W,,,1,1799.800026503209,0.0,862.01,0.0,0,0,0.0,1,1,1,1,1,1,1,1e-05,0.0,0.3333333333333333,0.6666666666666666,1.0,,0.0,57587202.40712802,172761607.22138408,287936012.0356402,,0,0.0,0.0016,0
207,89,CT,G,,,1,634.7,190.41,295.77,-77.43,1,2,96.48,1,1,1,1,1,1,1,2.29,0.3,0.5333333333333333,0.7666666666666666,1.0,,7760.52401746725,1764.6310651140227,1795.2792714759826,1825.9274778379431,,975,26.44,0.0016,28
208,86,CT,G,,,1,153.9,46.17,86.18,-9.85,1,2,45.01,1,1,1,1,1,1,1,2.29,0.3,0.5333333333333333,0.7666666666666666,1.0,,2889.825327510917,468.3228524017467,470.12481306550217,471.9267737292576,,420,29.66,0.0016,43
209,89,CT,G,,,1,590.6,177.18,275.22,-72.05,1,2,110.74,1,1,1,1,1,1,1,2.29,0.3,0.5333333333333333,0.7666666666666666,1.0,,7221.310043668122,1571.084260456089,1597.6214515516738,1624.1586426472593,,673,25.32,0.0016,28
210,106,PV,S,,,1,4.333333333333334,0.0,0.66,0.0,0,0,0.0,1,1,1,1,1,1,1,1e-05,0.0,0.3333333333333333,0.6666666666666666,1.0,,0.0,333.82716049382725,1001.4814814814816,1669.1358024691363,,0,0.0,0.0016,0
211,106,CT,G,,,1,536.4,160.92,300.38,-34.33,1,2,32.74,1,1,1,1,1,1,1,2.29,0.3,0.5333333333333333,0.7666666666666666,1.0,,9369.43231441048,2731.9421973799126,2753.8321894847163,2775.7221815895196,,1821,49.27,0.0016,40
212,92,CT,G,,,1,230.0,69.0,128.8,-14.72,1,2,24.57,1,1,1,1,1,1,1,2.29,0.3,0.5333333333333333,0.7666666666666666,1.0,,2812.227074235808,689.8549247937893,693.8795342066954,697.9041436196025,,61,29.13,0.0016,28
213,90,CT,G,,,1,35.0,10.5,16.31,-4.27,1,2,1.39,1,1,1,1,1,1,1,2.29,0.3,0.5333333333333333,0.7666666666666666,1.0,,106.98689956331877,177.4793789422611,177.57257641921393,177.66577389616697,,66,49.72,0.0016,7
214,90,PV,S,,,1,25.0,0.0,0.0,0.0,0,0,0.0,1,1,1,1,1,1,1,1e-05,0.0,0.3333333333333333,0.6666666666666666,1.0,,0.0,11111.111111111108,33333.33333333332,55555.555555555555,,0,0.0,0.0016,0
215,90,CT,G,,,1,923.8,277.14,517.33,-59.12,1,2,51.3,1,1,1,1,1,1,1,2.29,0.3,0.5333333333333333,0.7666666666666666,1.0,,20170.305676855896,3806.70324269772,3871.6300402678294,3936.556837837942,,1258,39.21,0.0016,50
216,68,CT,G,,,1,48.0,14.4,26.88,-3.07,1,2,2.71,1,1,1,1,1,1,1,2.29,0.3,0.5333333333333333,0.7666666666666666,1.0,,1194.759825327511,160.9278602620088,161.1031475982532,161.27843493449794,,369,32.84,0.0016,57
217,68,PV,S,,,1,16.66666666666667,0.0,2.8,0.0,0,0,0.0,1,1,1,1,1,1,1,1e-05,0.0,0.3333333333333333,0.6666666666666666,1.0,,0.0,4938.271604938273,14814.814814814821,24691.358024691377,,0,0.0,0.0016,0
218,68,PV,S,,,1,23.0,0.0,3.86,0.0,0,0,0.0,1,1,1,1,1,1,1,1e-05,0.0,0.3333333333333333,0.6666666666666666,1.0,,0.0,9404.444444444443,28213.333333333332,47022.22222222222,,0,0.0,0.0016,0
219,68,PV,S,,,1,15.66666666666667,0.0,0.0,0.0,0,0,0.0,1,1,1,1,1,1,1,1e-05,0.0,0.3333333333333333,0.6666666666666666,1.0,,0.0,4363.456790123459,13090.370370370374,21817.283950617293,,0,0.0,0.0016,0
220,68,CT,G,,,1,815.0,244.5,456.4,-52.16,1,2,177.54,1,1,1,1,1,1,1,2.29,0.3,0.5333333333333333,0.7666666666666666,1.0,,8897.379912663755,3533.9997573993214,3584.533711790392,3635.067666181465,,1533,41.47,0.0016,25
221,90,PV,S,,,1,13.33333333333333,0.0,2.04,0.0,0,0,0.0,1,1,1,1,1,1,1,1e-05,0.0,0.3333333333333333,0.6666666666666666,1.0,,0.0,3160.4938271604915,9481.481481481474,15802.469135802465,,0,0.0,0.0016,0
222,90,CT,G,,,1,878.4,263.52,409.33,-107.16,1,2,57.98,1,1,1,1,1,1,1,2.29,0.3,0.5333333333333333,0.7666666666666666,1.0,,24932.751091703056,4319.482773799127,4378.184749834061,4436.886725868995,,2327,47.09,0.0016,65
223,100,CT,G,,,1,453.2,135.96,253.79,-29.0,1,2,15.61,1,1,1,1,1,1,1,2.29,0.30000000000000004,0.5333333333333333,0.7666666666666666,1.0,,3364.366812227074,2011.692570208636,2027.3185719708881,2042.9445737331396,,2943,42.96,0.0016,17
224,100,CT,G,,,1,252.0,75.6,0.0,0.0,1,2,45.26,1,1,1,1,1,1,1,2.29,0.3,0.5333333333333333,0.7666666666666666,1.0,,6272.489082969432,1440.1121397379914,1444.9434969432311,1449.774854148472,,289,55.75,0.0016,57
225,86,PV,S,,,1,12.33333333333333,0.0,2.07,0.0,0,0,0.0,1,1,1,1,1,1,1,1e-05,0.0,0.3333333333333333,0.6666666666666666,1.0,,0.0,2704.1975308641954,8112.592592592588,13520.987654320981,,0,0.0,0.0016,0
226,86,CT,G,,,1,102.7,30.81,57.51,-6.57,1,2,24.18,1,1,1,1,1,1,1,2.29,0.3,0.5333333333333333,0.7666666666666666,1.0,,3363.5371179039303,573.8321888403688,574.6346221601162,575.4370554798646,,156,54.7,0.0016,75
227,54,CT,G,,,1,1189.9,356.97,666.34,-76.15,1,2,13.65,1,1,1,1,1,1,1,2.29,0.3,0.5333333333333333,0.7666666666666666,1.0,,25460.742358078605,4713.454280834545,4821.172458014556,4928.890635194566,,663,37.29,0.0016,49
228,44,CT,G,,,1,10.2,3.06,5.19,-1.13,1,2,2.6,1,1,1,1,1,1,1,2.29,0.30000000000000004,0.5333333333333333,0.7666666666666666,1.0,,138.07860262008734,54.74374148471612,54.75165680349344,54.75957212227078,,208,52.66,0.0016,31
229,44,CT,G,,,1,918.3,275.49,514.25,-58.77,1,2,56.14,1,1,1,1,1,1,1,2.29,0.30000000000000004,0.5333333333333333,0.7666666666666666,1.0,,2807.030567685589,3721.598553711791,3785.7545472838383,3849.910540855896,,2112,38.55,0.0016,7
230,91,CT,G,,,1,1690.0,507.0,787.54,-206.18,1,2,453.27,1,1,1,1,1,1,1,2.29,0.3,0.5333333333333333,0.7666666666666666,1.0,,48707.423580786024,7573.8403687530335,7791.131237263461,8008.422105773896,,1637,41.73,0.0016,66
231,91,CT,G,,,1,101.9,30.57,57.06,-6.52,1,2,7.78,1,1,1,1,1,1,1,2.29,0.3,0.5333333333333333,0.7666666666666666,1.0,,2135.8951965065503,290.26083978651144,291.05082040174676,291.840801016982,,600,27.82,0.0016,48
232,91,COAL,C,,,1,939.7,281.91,526.23,-60.14,12,12,34.98,1,1,1,1,1,1,1,1.78,0.3,0.5333333333333333,0.7666666666666666,1.0,,194275.0561797753,2430.7352466916363,2517.164746636703,2603.5942465817743,,2470,18.48,0.0016,368
233,91,PV,S,,,1,14.33333333333333,0.0,2.41,0.0,0,0,0.0,1,1,1,1,1,1,1,1e-05,0.0,0.3333333333333333,0.6666666666666666,1.0,,0.0,3652.3456790123437,10957.037037037031,18261.728395061724,,0,0.0,0.0016,0
234,91,CT,G,,,1,643.6,193.08,360.42,-41.19,1,2,145.43,1,1,1,1,1,1,1,2.29,0.3,0.5333333333333333,0.7666666666666666,1.0,,7026.200873362445,2160.6685632217373,2192.1823169956338,2223.6960707695303,,2859,32.09,0.0016,25
235,65,CT,G,,,1,4008.4,1202.52,1867.91,-489.02,1,2,1030.93,1,1,1,1,1,1,1,2.29,0.3,0.5333333333333333,0.7666666666666666,1.0,,19254.323144104805,19467.3887611839,20689.779845030553,21912.17092887725,,1913,42.32,0.0016,11
236,31,WIND,W,,,1,530.1000171191179,0.0,324.86,0.0,0,0,0.0,1,1,1,1,1,1,1,1e-05,0.0,0.3333333333333333,0.6666666666666666,1.0,,0.0,4995662.722661139,14986988.167983416,24978313.613305695,,0,0.0,0.0016,0
237,19,WIND,W,,,1,522.0000272874335,0.0,320.32,0.0,0,0,0.0,1,1,1,1,1,1,1,1e-05,0.0,0.3333333333333333,0.6666666666666666,1.0,,0.0,4844160.506454778,14532481.519364335,24220802.532273892,,0,0.0,0.0016,0
238,49,PV,S,,,1,136.6666666666667,0.0,22.96,0.0,0,0,0.0,1,1,1,1,1,1,1,1e-05,0.0,0.3333333333333333,0.6666666666666666,1.0,,0.0,332049.38271604956,996148.1481481488,1660246.9135802486,,0,0.0,0.0016,0
239,33,CT,G,,,1,15.0,4.5,8.4,-0.96,1,2,3.79,1,1,1,1,1,1,1,2.29,0.3,0.5333333333333333,0.7666666666666666,1.0,,26.200873362445414,53.89082969432313,53.90794759825323,53.925065502183436,,419,35.24,0.0016,4
240,15,PV,S,,,1,22.66666666666667,0.0,3.46,0.0,0,0,0.0,1,1,1,1,1,1,1,1e-05,0.0,0.3333333333333333,0.6666666666666666,1.0,,0.0,9133.82716049383,27401.481481481493,45669.13580246915,,0,0.0,0.0016,0
241,15,COAL,C,,,1,1176.0,352.8,658.56,-75.26,12,12,73.44,1,1,1,1,1,1,1,1.78,0.3,0.5333333333333333,0.7666666666666666,1.0,,157240.44943820225,3229.2871910112367,3364.649635955055,3500.0120808988763,,2972,19.38,0.0016,238
242,52,CT,G,,,1,1795.4,538.62,836.66,-219.04,1,2,84.64,1,1,1,1,1,1,1,2.29,0.3,0.5333333333333333,0.7666666666666666,1.0,,13328.296943231442,8520.102496263951,8765.342044972344,9010.581593680732,,3296,44.18,0.0016,17
243,88,CT,G,,,1,376.9,113.07,211.06,-24.12,1,2,106.18,1,1,1,1,1,1,1,2.29,0.3,0.5333333333333333,0.7666666666666666,1.0,,9710.524017467249,1950.595934400776,1961.4033123959246,1972.2106903910726,,37,50.29,0.0016,59
244,33,CT,G,,,1,215.2,64.56,120.51,-13.77,1,2,47.73,1,1,1,1,1,1,1,2.29,0.30000000000000004,0.5333333333333333,0.7666666666666666,1.0,,7048.034934497817,991.0430913148953,994.5664154643376,998.0897396137804,,8,44.91,0.0016,75
245,113,WIND,W,,,1,260.0000216450519,0.0,144.46,0.0,0,0,0.0,1,1,1,1,1,1,1,1e-05,0.0,0.3333333333333333,0.6666666666666666,1.0,,0.0,1201777.9778742658,3605333.9336227975,6008889.889371329,,0,0.0,0.0016,0
246,80,CT,G,,,1,689.4,206.82,386.06,-44.12,1,2,198.78,1,1,1,1,1,1,1,2.29,0.3,0.5333333333333333,0.7666666666666666,1.0,,15353.449781659388,3795.2563807860265,3831.414899004366,3867.573417222707,,1850,53.11,0.0016,51
247,46,WIND,W,,,1,572.4000116113384,0.0,290.04,0.0,0,0,0.0,1,1,1,1,1,1,1,1e-05,0.0,0.3333333333333333,0.6666666666666666,1.0,,0.0,5824742.636313961,17474227.908941884,29123713.18156981,,0,0.0,0.0016,0
248,19,WIND,W,,,1,52.4000230998023,0.0,57.34,0.0,0,0,0.0,1,1,1,1,1,1,1,1e-05,0.0,0.3333333333333333,0.6666666666666666,1.0,,0.0,48813.5541486189,146440.66244585672,244067.7707430947,,0,0.0,0.0016,0
249,113,WIND,W,,,1,500.0000227461816,0.0,308.0,0.0,0,0,0.0,1,1,1,1,1,1,1,1e-05,0.0,0.3333333333333333,0.6666666666666666,1.0,,0.0,4444444.848821014,13333334.546463042,22222224.244105082,,0,0.0,0.0016,0
250,80,COAL,C,,,1,410.0,123.0,191.06,-50.02,12,12,24.48,1,1,1,1,1,1,1,1.78,0.3,0.5333333333333333,0.7666666666666666,1.0,,35241.573033707864,1050.0043695380768,1066.4576029962543,1082.910836454433,,2184,18.99,0.0016,153
251,118,WIND,W,,,1,1088.000014729177,0.0,530.31,0.0,0,0,0.0,1,1,1,1,1,1,1,1e-05,0.0,0.3333333333333333,0.6666666666666666,1.0,,0.0,21044338.347567808,63133015.042703435,105221691.7378391,,0,0.0,0.0016,0
252,25,WIND,W,,,1,890.2000140444867,0.0,526.51,0.0,0,0,0.0,1,1,1,1,1,1,1,1e-05,0.0,0.3333333333333333,0.6666666666666666,1.0,,0.0,14088107.822307628,42264323.46692288,70440539.11153817,,0,0.0,0.0016,0
253,25,CT,G,,,1,1088.2,326.46,609.39,-69.64,1,2,159.54,1,1,1,1,1,1,1,2.29,0.3,0.5333333333333333,0.7666666666666666,1.0,,8553.53711790393,5362.220867151868,5452.312718113537,5542.404569075206,,3636,46.91,0.0016,18
254,23,PV,S,,,1,32.0,0.0,4.89,0.0,0,0,0.0,1,1,1,1,1,1,1,1e-05,0.0,0.3333333333333333,0.6666666666666666,1.0,,0.0,18204.444444444445,54613.33333333333,91022.22222222222,,0,0.0,0.0016,0
255,23,PV,S,,,1,14.66666666666667,0.0,2.24,0.0,0,0,0.0,1,1,1,1,1,1,1,1e-05,0.0,0.3333333333333333,0.6666666666666666,1.0,,0.0,3824.197530864198,11472.592592592595,19120.987654320998,,0,0.0,0.0016,0
256,23,CT,G,,,1,932.0,279.6,434.31,-113.7,1,2,105.24,1,1,1,1,1,1,1,2.29,0.30000000000000004,0.5333333333333333,0.7666666666666666,1.0,,13023.580786026201,2822.571722464822,2888.6562655021835,2954.7408085395437,,1950,28.48,0.0016,32
257,79,CT,G,,,1,229.6,68.88,128.58,-14.69,1,2,42.18,1,1,1,1,1,1,1,2.29,0.3,0.5333333333333333,0.7666666666666666,1.0,,2606.8122270742356,1057.8074162057253,1061.818039149927,1065.8286620941292,,485,44.91,0.0016,26
258,8,PV,S,,,1,28.0,0.0,4.28,0.0,0,0,0.0,1,1,1,1,1,1,1,1e-05,0.0,0.3333333333333333,0.6666666666666666,1.0,,0.0,13937.777777777772,41813.33333333332,69688.88888888889,,0,0.0,0.0016,0
259,8,CT,G,,,1,892.0,267.6,415.67,-108.82,1,2,56.28,1,1,1,1,1,1,1,2.29,0.30000000000000004,0.5333333333333333,0.7666666666666666,1.0,,8569.43231441048,2463.9108782144594,2524.4446556040734,2584.9784329936947,,3228,25.92,0.0016,22
260,108,PV,S,,,1,11.33333333333333,0.0,1.73,0.0,0,0,0.0,1,1,1,1,1,1,1,1e-05,0.0,0.3333333333333333,0.6666666666666666,1.0,,0.0,2283.4567901234554,6850.370370370366,11417.283950617277,,0,0.0,0.0016,0
261,108,COAL,C,,,1,1444.0,433.2,672.9,-176.17,12,12,111.16,1,1,1,1,1,1,1,1.78,0.3,0.5333333333333333,0.7666666666666666,1.0,,260406.7415730337,3968.4941822721617,4172.582399999999,4376.670617727839,,1423,19.04,0.0016,321
262,17,CT,G,,,1,517.0,155.1,289.52,-33.09,1,2,7.72,1,1,1,1,1,1,1,2.29,0.3,0.5333333333333333,0.7666666666666666,1.0,,3837.991266375546,2981.030528869481,3001.3657618631714,3021.700994856867,,804,55.9,0.0016,17
263,29,CT,G,,,1,263.6,79.08,147.62,-16.87,1,2,37.17,1,1,1,1,1,1,1,2.29,0.3,0.5333333333333333,0.7666666666666666,1.0,,1151.0917030567684,759.6064380397868,764.8928241280929,770.1792102164001,,9,27.93,0.0016,10
264,29,CT,G,,,1,44.2,13.26,24.75,-2.83,1,2,9.97,1,1,1,1,1,1,1,2.29,0.3,0.5333333333333333,0.7666666666666666,1.0,,521.1353711790393,123.89030528869478,124.03893738573508,124.18756948277534,,149,27.45,0.0016,27
265,70,PV,S,,,1,136.6666666666667,0.0,22.96,0.0,0,0,0.0,1,1,1,1,1,1,1,1e-05,0.0,0.3333333333333333,0.6666666666666666,1.0,,0.0,332049.38271604956,996148.1481481488,1660246.9135802486,,0,0.0,0.0016,0
266,70,WIND,W,,,1,96.99998812823827,0.0,26.32,0.0,0,0,0.0,1,1,1,1,1,1,1,1e-05,0.0,0.3333333333333333,0.6666666666666666,1.0,,0.0,167271.07016672645,501813.2105001793,836355.3508336325,,0,0.0,0.0016,0
267,70,WIND,W,,,1,119.1999881287208,0.0,0.0,0.0,0,0,0.0,1,1,1,1,1,1,1,1e-05,0.0,0.3333333333333333,0.6666666666666666,1.0,,0.0,252597.99413132755,757793.9823939827,1262989.9706566387,,0,0.0,0.0016,0
268,2,CT,G,,,1,170.4,51.12,95.42,-10.91,1,2,44.21,1,1,1,1,1,1,1,2.29,0.3,0.5333333333333333,0.7666666666666666,1.0,,2381.1353711790393,961.4836122270741,963.6926708820959,965.9017295371185,,101,55.15,0.0016,32
269,2,COAL,C,,,1,801.0,240.3,448.56,-51.26,12,12,13.17,1,1,1,1,1,1,1,1.78,0.3,0.5333333333333333,0.7666666666666666,1.0,,77850.0,2165.9400000000005,2228.7383999999975,2291.5368000000017,,2476,19.56,0.0016,173
270,120,WIND,W,,,1,578.9999877407346,0.0,296.24,0.0,0,0,0.0,1,1,1,1,1,1,1,1e-05,0.0,0.3333333333333333,0.6666666666666666,1.0,,0.0,5959839.74762259,17879519.24286777,29799198.738112964,,0,0.0,0.0016,0
271,12,CT,G,,,1,1082.2,324.66,504.31,-132.03,1,2,223.44,1,1,1,1,1,1,1,2.29,0.3,0.5333333333333333,0.7666666666666666,1.0,,28354.585152838426,4601.80004619117,4690.901158521105,4780.002270851045,,2124,40.29,0.0016,60
272,30,WIND,W,,,1,501.3000961526271,0.0,308.73,0.0,0,0,0.0,1,1,1,1,1,1,1,1e-05,0.0,0.3333333333333333,0.6666666666666666,1.0,,0.0,4467587.313824588,13402761.941473765,22337936.569122948,,0,0.0,0.0016,0
273,120,PV,S,,,1,47.66666666666667,0.0,7.28,0.0,0,0,0.0,1,1,1,1,1,1,1,1e-05,0.0,0.3333333333333333,0.6666666666666666,1.0,,0.0,40393.08641975309,121179.25925925927,201965.4320987655,,0,0.0,0.0016,0
274,120,WIND,W,,,1,746.3999877635443,0.0,389.98,0.0,0,0,0.0,1,1,1,1,1,1,1,1e-05,0.0,0.3333333333333333,0.6666666666666666,1.0,,0.0,9904230.075260784,29712690.225782357,49521150.376303926,,0,0.0,0.0016,0
275,120,WIND,W,,,1,1038.999987796685,0.0,553.84,0.0,0,0,0.0,1,1,1,1,1,1,1,1e-05,0.0,0.3333333333333333,0.6666666666666666,1.0,,0.0,19191483.99362687,57574451.98088062,95957419.96813434,,0,0.0,0.0016,0
276,35,PV,S,,,1,10.66666666666667,0.0,1.63,0.0,0,0,0.0,1,1,1,1,1,1,1,1e-05,0.0,0.3333333333333333,0.6666666666666666,1.0,,0.0,2022.7160493827166,6068.14814814815,10113.580246913589,,0,0.0,0.0016,0
277,34,PV,S,,,1,13.33333333333333,0.0,2.04,0.0,0,0,0.0,1,1,1,1,1,1,1,1e-05,0.0,0.3333333333333333,0.6666666666666666,1.0,,0.0,3160.4938271604915,9481.481481481474,15802.469135802465,,0,0.0,0.0016,0
278,34,PV,S,,,1,21.33333333333334,0.0,3.26,0.0,0,0,0.0,1,1,1,1,1,1,1,1e-05,0.0,0.3333333333333333,0.6666666666666666,1.0,,0.0,8090.8641975308665,24272.5925925926,40454.320987654355,,0,0.0,0.0016,0
279,34,WIND,W,,,1,882.0000399863538,0.0,434.31,0.0,0,0,0.0,1,1,1,1,1,1,1,1e-05,0.0,0.3333333333333333,0.6666666666666666,1.0,,0.0,13829761.253972081,41489283.76191624,69148806.26986043,,0,0.0,0.0016,0
280,26,CT,G,,,1,559.0,167.7,313.04,-35.78,1,2,135.88,1,1,1,1,1,1,1,2.29,0.3,0.5333333333333333,0.7666666666666666,1.0,,1952.8384279475981,2282.0327413876757,2305.806162445414,2329.579583503156,,1485,39.32,0.0016,8
281,26,WIND,W,,,1,56.099983494724,0.0,3.42,0.0,0,0,0.0,1,1,1,1,1,1,1,1e-05,0.0,0.3333333333333333,0.6666666666666666,1.0,,0.0,55950.367077480965,167851.1012324429,279751.83538740495,,0,0.0,0.0016,0
282,26,PV,S,,,1,508.3333333333334,0.0,85.4,0.0,0,0,0.0,1,1,1,1,1,1,1,1e-05,0.0,0.3333333333333333,0.6666666666666666,1.0,,0.0,4593827.160493828,13781481.481481485,22969135.802469146,,0,0.0,0.0016,0
283,61,HYDRO,H,,,1,54.9,0.0,23.5,0.0,0,0,18.2,1,1,1,1,1,1,1,1e-05,0.0,0.3333333333333333,0.6666666666666666,1.0,,0.0,53582.39999999998,160747.19999999995,267912.0,,0,0.0,0.0016,0
284,61,HYDRO,H,,,1,54.0,0.0,17.2,0.0,0,0,22.5,1,1,1,1,1,1,1,1e-05,0.0,0.3333333333333333,0.6666666666666666,1.0,,0.0,51839.99999999999,155519.99999999997,259200.00000000003,,0,0.0,0.0016,0
285,29,HYDRO,H,,,1,108.0,0.0,45.2,0.0,0,0,43.2,1,1,1,1,1,1,1,1e-05,0.0,0.3333333333333333,0.6666666666666666,1.0,,0.0,207359.99999999997,622079.9999999999,1036800.0000000001,,0,0.0,0.0016,0
286,70,HYDRO,H,,,1,58.0,0.0,11.8,0.0,0,0,22.4,1,1,1,1,1,1,1,1e-05,0.0,0.3333333333333333,0.6666666666666666,1.0,,0.0,59804.44444444443,179413.33333333328,299022.22222222225,,0,0.0,0.0016,0
287,122,HYDRO,H,,,1,80.0,0.0,23.5,0.0,0,0,35.2,1,1,1,1,1,1,1,1e-05,0.0,0.3333333333333333,0.6666666666666666,1.0,,0.0,113777.77777777775,341333.33333333326,568888.888888889,,0,0.0,0.0016,0
288,29,HYDRO,H,,,1,17.0,0.0,3.6,0.0,0,0,8.7,1,1,1,1,1,1,1,1e-05,0.0,0.3333333333333333,0.6666666666666666,1.0,,0.0,5137.7777777777765,15413.33333333333,25688.888888888894,,0,0.0,0.0016,0
289,61,HYDRO,H,,,1,13.8,0.0,6.7,0.0,0,0,15.8,1,1,1,1,1,1,1,1e-05,0.0,0.3333333333333333,0.6666666666666666,1.0,,0.0,3385.5999999999995,10156.799999999997,16928.000000000004,,0,0.0,0.0016,0
290,61,HYDRO,H,,,1,39.6,0.0,15.2,0.0,0,0,28.3,1,1,1,1,1,1,1,1e-05,0.0,0.3333333333333333,0.6666666666666666,1.0,,0.0,27878.399999999994,83635.2,139392.00000000003,,0,0.0,0.0016,0
291,49,HYDRO,H,,,1,30.5,0.0,13.5,0.0,0,0,22.4,1,1,1,1,1,1,1,1e-05,0.0,0.3333333333333333,0.6666666666666666,1.0,,0.0,16537.777777777774,49613.33333333333,82688.8888888889,,0,0.0,0.0016,0
292,42,HYDRO,H,,,1,42.0,0.0,15.6,0.0,0,0,15.2,1,1,1,1,1,1,1,1e-05,0.0,0.3333333333333333,0.6666666666666666,1.0,,0.0,31359.999999999996,94079.99999999999,156800.0,,0,0.0,0.0016,0
