Date,Hour,Load shedding,Reserve shortfall,Available headroom,Over generation
2019-01-01,0,0.0,0.0,6495.828392,1607.301608
2019-01-01,1,0.0,0.0,6694.075074,1513.814926
2019-01-01,2,0.0,0.0,5881.117578,1555.602422
2019-01-01,3,0.0,0.0,6290.076079,1513.963921
2019-01-01,4,0.0,0.0,6666.280419,1440.899581
2019-01-01,5,0.0,0.0,6431.292507,1520.947493
2019-01-01,6,0.0,0.0,6084.629915,1554.860085
2019-01-01,7,0.0,0.0,6099.398834,1440.201166
2019-01-01,8,0.0,0.0,5672.483689,1265.806311
2019-01-01,9,0.0,0.0,5811.631736,1167.328264
2019-01-01,10,0.0,0.0,7486.998947,171.291421
2019-01-01,11,0.0,0.0,5142.512034,818.447966
2019-01-01,12,0.0,0.0,7385.464496,884.005504
2019-01-01,13,0.0,0.0,6028.907496,566.592504
2019-01-01,14,0.0,0.0,5204.593698,860.199566
2019-01-01,15,0.0,0.0,4629.39105,714.386065
2019-01-01,16,0.0,0.0,5425.25,0.0
2019-01-01,17,0.0,0.0,4546.749859,301.068544
2019-01-01,18,0.0,0.0,6316.08,0.0
2019-01-01,19,0.0,0.0,5143.81,0.0
2019-01-01,20,0.0,0.0,5206.16,0.0
2019-01-01,21,0.0,0.0,5213.61,0.0
2019-01-01,22,0.0,0.0,5967.91,0.0
2019-01-01,23,0.0,0.0,5406.711016,0.0
2019-01-02,0,0.0,0.0,4348.599956,0.0
2019-01-02,1,0.0,0.0,4525.78,0.0
2019-01-02,2,0.0,0.0,4182.55,0.0
2019-01-02,3,0.0,0.0,3984.09,0.0
2019-01-02,4,0.0,0.0,4183.23,0.0
2019-01-02,5,0.0,0.0,4972.92,0.0
2019-01-02,6,0.0,0.0,5008.4,0.0
2019-01-02,7,0.0,0.0,4754.56,0.0
2019-01-02,8,0.0,0.0,5629.72,0.0
2019-01-02,9,0.0,0.0,6596.6,0.0
2019-01-02,10,0.0,0.0,6468.72,0.0
2019-01-02,11,0.0,0.0,5503.13,0.0
2019-01-02,12,0.0,0.0,5269.15,0.0
2019-01-02,13,0.0,0.0,6162.844993,0.0
2019-01-02,14,0.0,0.0,5500.87,0.0
2019-01-02,15,0.0,0.0,5874.8,0.0
2019-01-02,16,0.0,0.0,7110.79,0.0
2019-01-02,17,0.0,0.0,5659.91,0.0
2019-01-02,18,0.0,0.0,5515.96,0.0
2019-01-02,19,0.0,0.0,6804.006905,0.0
2019-01-02,20,0.0,0.0,6547.31,0.0
2019-01-02,21,0.0,0.0,7153.06,0.0
2019-01-02,22,0.0,0.0,7466.27,0.0
2019-01-02,23,0.0,0.0,4648.059919,0.0
2019-01-03,0,0.0,0.0,5100.72,0.0
2019-01-03,1,0.0,0.0,6200.76,0.0
2019-01-03,2,0.0,0.0,6401.84,0.0
2019-01-03,3,0.0,0.0,6716.56,0.0
2019-01-03,4,0.0,0.0,7833.6,0.0
2019-01-03,5,0.0,0.0,9298.09,0.0
2019-01-03,6,0.0,0.0,8888.32,0.0
2019-01-03,7,0.0,0.0,8484.46,0.0
2019-01-03,8,0.0,0.0,8451.39,0.0
2019-01-03,9,0.0,0.0,9179.23,0.0
2019-01-03,10,0.0,0.0,12128.004784,0.0
2019-01-03,11,0.0,0.0,13094.28,0.0
2019-01-03,12,0.0,0.0,9455.64396,54.93604
2019-01-03,13,0.0,0.0,9118.353099,693.07434
2019-01-03,14,0.0,0.0,7098.229637,691.040363
2019-01-03,15,0.0,0.0,7563.095526,510.534474
2019-01-03,16,0.0,0.0,9933.646297,54.153703
2019-01-03,17,0.0,0.0,10105.461076,0.0
2019-01-03,18,0.0,0.0,10017.68,0.0
2019-01-03,19,0.0,0.0,7271.85,0.0
2019-01-03,20,0.0,0.0,7598.16,0.0
2019-01-03,21,0.0,0.0,8778.50284,0.0
2019-01-03,22,0.0,0.0,10795.93,0.0
2019-01-03,23,0.0,0.0,6721.61,0.0
2019-01-04,0,0.0,0.0,4800.593058,0.0
2019-01-04,1,0.0,0.0,4554.72,0.0
2019-01-04,2,0.0,0.0,4960.94,0.0
2019-01-04,3,0.0,0.0,5162.6,0.0
2019-01-04,4,0.0,0.0,5371.61,0.0
2019-01-04,5,0.0,0.0,5225.28,0.0
2019-01-04,6,0.0,0.0,5495.2,0.0
2019-01-04,7,0.0,0.0,5157.42,0.0
2019-01-04,8,0.0,0.0,5736.47,0.0
2019-01-04,9,0.0,0.0,5221.98,0.0
2019-01-04,10,0.0,0.0,6478.586933,0.0
2019-01-04,11,0.0,0.0,6643.82,0.0
2019-01-04,12,0.0,0.0,8575.28,0.0
2019-01-04,13,0.0,0.0,6007.840287,201.489713
2019-01-04,14,0.0,0.0,6040.84985,157.37015
2019-01-04,15,0.0,0.0,8072.073401,0.0
2019-01-04,16,0.0,0.0,5675.86,0.0
2019-01-04,17,0.0,0.0,4179.79,0.0
2019-01-04,18,0.0,0.0,4537.33,0.0
2019-01-04,19,0.0,0.0,4815.85,0.0
2019-01-04,20,0.0,0.0,4955.55,0.0
2019-01-04,21,0.0,0.0,5070.75379,0.0
2019-01-04,22,0.0,0.0,5934.65,0.0
2019-01-04,23,0.0,0.0,6018.900543,0.0
2019-01-05,0,0.0,0.0,5222.71,0.0
2019-01-05,1,0.0,0.0,4296.0,0.0
2019-01-05,2,0.0,0.0,4215.56,0.0
2019-01-05,3,0.0,0.0,4394.54,0.0
2019-01-05,4,0.0,0.0,4833.15,0.0
2019-01-05,5,0.0,0.0,4097.83,0.0
2019-01-05,6,0.0,0.0,5028.93,0.0
2019-01-05,7,0.0,0.0,4604.77,0.0
2019-01-05,8,0.0,0.0,4676.79,0.0
2019-01-05,9,0.0,0.0,6144.542307,0.0
2019-01-05,10,0.0,0.0,5767.085596,0.0
2019-01-05,11,0.0,0.0,4905.33,0.0
2019-01-05,12,0.0,0.0,4674.25,0.0
2019-01-05,13,0.0,0.0,3819.7667,0.0
2019-01-05,14,0.0,0.0,4252.36,0.0
2019-01-05,15,0.0,0.0,3761.88,0.0
2019-01-05,16,0.0,0.0,3537.32,0.0
2019-01-05,17,0.0,0.0,3580.33,0.0
2019-01-05,18,0.0,0.0,3886.07,0.0
2019-01-05,19,0.0,0.0,3827.56,0.0
2019-01-05,20,0.0,0.0,3764.01,0.0
2019-01-05,21,0.0,0.0,4360.17064,0.0
2019-01-05,22,0.0,0.0,5064.53,0.0
2019-01-05,23,0.0,0.0,6258.81,0.0
2019-01-06,0,0.0,0.0,6877.776684,0.0
2019-01-06,1,0.0,0.0,6063.96,0.0
2019-01-06,2,0.0,0.0,5055.19,0.0
2019-01-06,3,0.0,0.0,5248.67,0.0
2019-01-06,4,0.0,0.0,6430.55,0.0
2019-01-06,5,0.0,0.0,8498.72,0.0
2019-01-06,6,0.0,0.0,8713.31,0.0
2019-01-06,7,0.0,0.0,9948.1,0.0
2019-01-06,8,0.0,0.0,7697.884657,94.164772
2019-01-06,9,0.0,0.0,6550.882367,825.687633
2019-01-06,10,0.0,0.0,6801.183634,357.846366
2019-01-06,11,0.0,0.0,5824.961512,1254.878488
2019-01-06,12,0.0,0.0,5517.448624,1515.12076
2019-01-06,13,0.0,0.0,5722.951653,551.798347
2019-01-06,14,0.0,0.0,6184.782232,1170.367768
2019-01-06,15,0.0,0.0,6071.25636,1255.05034
2019-01-06,16,0.0,0.0,5734.57411,787.741253
2019-01-06,17,0.0,0.0,5390.960255,1314.519745
2019-01-06,18,0.0,0.0,5513.986626,1030.023374
2019-01-06,19,0.0,0.0,4873.531256,361.698744
2019-01-06,20,0.0,0.0,6928.410751,974.714875
2019-01-06,21,0.0,0.0,7019.892576,1636.247424
2019-01-06,22,0.0,0.0,8275.131959,1710.57823
2019-01-06,23,0.0,0.0,5890.548955,1734.294345
2019-01-07,0,0.0,0.0,5567.830658,1740.53777
2019-01-07,1,0.0,0.0,5482.215712,1657.354288
2019-01-07,2,0.0,0.0,5412.1301,1698.6199
2019-01-07,3,0.0,0.0,5220.315694,1666.294306
2019-01-07,4,0.0,0.0,4815.877319,1582.622681
2019-01-07,5,0.0,0.0,4804.873853,1654.806147
2019-01-07,6,0.0,0.0,5835.680086,1596.789914
2019-01-07,7,0.0,0.0,7711.939446,1111.510554
2019-01-07,8,0.0,0.0,7098.78348,738.25652
2019-01-07,9,0.0,0.0,7457.67846,378.17154
2019-01-07,10,0.0,0.0,7315.17,0.0
2019-01-07,11,0.0,0.0,8834.208473,170.537523
2019-01-07,12,0.0,0.0,10480.037475,677.252525
2019-01-07,13,0.0,0.0,9355.835046,522.124617
2019-01-07,14,0.0,0.0,8813.189589,1141.429375
2019-01-07,15,0.0,0.0,9772.420474,1200.959526
2019-01-07,16,0.0,0.0,8686.213526,482.587566
2019-01-07,17,0.0,0.0,7868.718164,307.241836
2019-01-07,18,0.0,0.0,10060.02,0.0
2019-01-07,19,0.0,0.0,6435.6,0.0
2019-01-07,20,0.0,0.0,6942.7033,0.0
2019-01-07,21,0.0,0.0,7162.93,0.0
2019-01-07,22,0.0,0.0,8055.371688,0.0
2019-01-07,23,0.0,0.0,4428.217829,0.0
2019-01-08,0,0.0,0.0,4050.06,0.0
2019-01-08,1,0.0,0.0,4279.85,0.0
2019-01-08,2,0.0,0.0,4157.3,0.0
2019-01-08,3,0.0,0.0,4057.77,0.0
2019-01-08,4,0.0,0.0,3587.27,0.0
2019-01-08,5,0.0,0.0,5033.33,0.0
2019-01-08,6,0.0,0.0,7063.87,0.0
2019-01-08,7,0.0,0.0,6657.89,0.0
2019-01-08,8,0.0,0.0,7913.40554,0.0
2019-01-08,9,0.0,0.0,10811.13,0.0
2019-01-08,10,0.0,0.0,8800.5633,0.0
2019-01-08,11,0.0,0.0,8096.47,0.0
2019-01-08,12,0.0,0.0,8915.03,0.0
2019-01-08,13,0.0,0.0,7104.291959,166.428041
2019-01-08,14,0.0,0.0,5805.716354,925.933646
2019-01-08,15,0.0,0.0,6614.525074,1207.776258
2019-01-08,16,0.0,0.0,7984.198902,865.791098
2019-01-08,17,0.0,0.0,6983.385388,1135.164612
2019-01-08,18,0.0,0.0,7140.270832,471.809168
2019-01-08,19,0.0,0.0,8517.209978,0.0
2019-01-08,20,0.0,0.0,5780.0067,0.0
2019-01-08,21,0.0,0.0,6401.985732,0.0
2019-01-08,22,0.0,0.0,6767.336231,0.0
2019-01-08,23,0.0,0.0,4607.5967,0.0
2019-01-09,0,0.0,0.0,4483.218281,0.0
2019-01-09,1,0.0,0.0,3309.11,0.0
2019-01-09,2,0.0,0.0,3254.66,0.0
2019-01-09,3,0.0,0.0,3375.51,0.0
2019-01-09,4,0.0,0.0,3328.56,0.0
2019-01-09,5,0.0,0.0,3609.51,0.0
2019-01-09,6,0.0,0.0,4126.66,0.0
2019-01-09,7,0.0,0.0,5199.71,0.0
2019-01-09,8,0.0,0.0,5378.76,0.0
2019-01-09,9,0.0,0.0,5621.58,0.0
2019-01-09,10,0.0,0.0,4596.182788,0.0
2019-01-09,11,0.0,0.0,4329.76,0.0
2019-01-09,12,0.0,0.0,4839.258773,0.0
2019-01-09,13,0.0,0.0,4415.4933,0.0
2019-01-09,14,0.0,0.0,4089.81,0.0
2019-01-09,15,0.0,0.0,4062.91,0.0
2019-01-09,16,0.0,0.0,4091.95,0.0
2019-01-09,17,0.0,0.0,3902.5,0.0
2019-01-09,18,0.0,0.0,5096.38,0.0
2019-01-09,19,0.0,0.0,4395.19,0.0
2019-01-09,20,0.0,0.0,4974.83,0.0
2019-01-09,21,0.0,0.0,5257.32,0.0
2019-01-09,22,0.0,0.0,5921.710019,0.0
2019-01-09,23,0.0,0.0,4687.87,0.0
2019-01-10,0,0.0,0.0,4138.070827,0.0
2019-01-10,1,0.0,0.0,4613.78,0.0
2019-01-10,2,0.0,0.0,4401.44,0.0
2019-01-10,3,0.0,0.0,4095.67,0.0
2019-01-10,4,0.0,0.0,5206.78,0.0
2019-01-10,5,0.0,0.0,8170.19,0.0
2019-01-10,6,0.0,0.0,8455.62,0.0
2019-01-10,7,0.0,0.0,8158.51,0.0
2019-01-10,8,0.0,0.0,8971.576885,0.0
2019-01-10,9,0.0,0.0,6974.88,0.0
2019-01-10,10,0.0,0.0,7936.51,0.0
2019-01-10,11,0.0,0.0,9779.208828,575.431778
2019-01-10,12,0.0,0.0,8606.711191,1478.688809
2019-01-10,13,0.0,0.0,8503.795267,494.723429
2019-01-10,14,0.0,0.0,8434.85139,1091.53861
2019-01-10,15,0.0,0.0,8848.415436,1147.908761
2019-01-10,16,0.0,0.0,8131.926068,675.663932
2019-01-10,17,0.0,0.0,8303.875005,1159.074995
2019-01-10,18,0.0,0.0,7699.160368,838.149632
2019-01-10,19,0.0,0.0,8282.498935,614.471065
2019-01-10,20,0.0,0.0,9172.134423,499.665577
2019-01-10,21,0.0,0.0,10832.636508,339.400192
2019-01-10,22,0.0,0.0,11649.939985,0.0
2019-01-10,23,0.0,0.0,7323.22,0.0
2019-01-11,0,0.0,0.0,6231.316222,0.0
2019-01-11,1,0.0,0.0,6022.2,0.0
2019-01-11,2,0.0,0.0,5856.75,0.0
2019-01-11,3,0.0,0.0,6501.8,0.0
2019-01-11,4,0.0,0.0,6492.07,0.0
2019-01-11,5,0.0,0.0,6204.49,0.0
2019-01-11,6,0.0,0.0,6923.86219,0.0
2019-01-11,7,0.0,0.0,7120.37,0.0
2019-01-11,8,0.0,0.0,9158.01055,0.0
2019-01-11,9,0.0,0.0,6468.949537,4.300463
2019-01-11,10,0.0,0.0,5301.26,0.0
2019-01-11,11,0.0,0.0,7380.965933,135.484978
2019-01-11,12,0.0,0.0,6140.211511,390.368489
2019-01-11,13,0.0,0.0,6755.44,0.0
2019-01-11,14,0.0,0.0,7208.090892,385.56483
2019-01-11,15,0.0,0.0,7757.553154,407.82088
2019-01-11,16,0.0,0.0,7369.899822,30.140178
2019-01-11,17,0.0,0.0,6478.294943,337.465057
2019-01-11,18,0.0,0.0,6979.80518,0.0
2019-01-11,19,0.0,0.0,5188.42,0.0
2019-01-11,20,0.0,0.0,7641.432447,0.0
2019-01-11,21,0.0,0.0,9492.426121,639.530579
2019-01-11,22,0.0,0.0,8829.282805,909.437195
2019-01-11,23,0.0,0.0,8356.081558,249.111742
2019-01-12,0,0.0,0.0,7454.778804,0.0
2019-01-12,1,0.0,0.0,6458.24,0.0
2019-01-12,2,0.0,0.0,5948.54,0.0
2019-01-12,3,0.0,0.0,6784.595974,0.0
2019-01-12,4,0.0,0.0,8012.904205,246.455795
2019-01-12,5,0.0,0.0,7914.799398,1322.850602
2019-01-12,6,0.0,0.0,8220.012765,1566.197794
2019-01-12,7,0.0,0.0,6244.93975,1427.06025
2019-01-12,8,0.0,0.0,6301.177142,1271.342858
2019-01-12,9,0.0,0.0,8683.992247,1212.877753
2019-01-12,10,0.0,0.0,8666.242902,260.357098
2019-01-12,11,0.0,0.0,11222.303117,1156.605471
2019-01-12,12,0.0,0.0,13590.229334,1429.345942
2019-01-12,13,0.0,0.0,11272.42085,861.91915
2019-01-12,14,0.0,0.0,9694.157432,1290.272568
2019-01-12,15,0.0,0.0,9094.734315,1171.741114
2019-01-12,16,0.0,0.0,9397.222171,759.6655
2019-01-12,17,0.0,0.0,7746.193382,1180.026618
2019-01-12,18,0.0,0.0,7172.485772,602.874228
2019-01-12,19,0.0,0.0,8741.839494,0.0
2019-01-12,20,0.0,0.0,7690.28,0.0
2019-01-12,21,0.0,0.0,8650.1,0.0
2019-01-12,22,0.0,0.0,9705.6067,0.0
2019-01-12,23,0.0,0.0,5784.11,0.0
2019-01-13,0,0.0,0.0,4973.91,0.0
2019-01-13,1,0.0,0.0,4316.39,0.0
2019-01-13,2,0.0,0.0,4796.6,0.0
2019-01-13,3,0.0,0.0,4092.5,0.0
2019-01-13,4,0.0,0.0,3886.4,0.0
2019-01-13,5,0.0,0.0,3914.16,0.0
2019-01-13,6,0.0,0.0,4152.41,0.0
2019-01-13,7,0.0,0.0,4354.75,0.0
2019-01-13,8,0.0,0.0,4487.14,0.0
2019-01-13,9,0.0,0.0,4475.1,0.0
2019-01-13,10,0.0,0.0,6405.681854,0.0
2019-01-13,11,0.0,0.0,4332.16,0.0
2019-01-13,12,0.0,0.0,4922.701448,0.0
2019-01-13,13,0.0,0.0,4026.24,0.0
2019-01-13,14,0.0,0.0,4163.3633,0.0
2019-01-13,15,0.0,0.0,3929.6,0.0
2019-01-13,16,0.0,0.0,4087.39,0.0
2019-01-13,17,0.0,0.0,4482.67,0.0
2019-01-13,18,0.0,0.0,4914.79,0.0
2019-01-13,19,0.0,0.0,5129.87,0.0
2019-01-13,20,0.0,0.0,4614.67,0.0
2019-01-13,21,0.0,0.0,5043.004002,0.0
2019-01-13,22,0.0,0.0,6126.82,0.0
2019-01-13,23,0.0,0.0,5073.82247,0.0
2019-01-14,0,0.0,0.0,4488.691388,0.0
2019-01-14,1,0.0,0.0,4722.61,0.0
2019-01-14,2,0.0,0.0,4316.79,0.0
2019-01-14,3,0.0,0.0,4184.14,0.0
2019-01-14,4,0.0,0.0,4071.83,0.0
2019-01-14,5,0.0,0.0,4926.25,0.0
2019-01-14,6,0.0,0.0,6788.35,0.0
2019-01-14,7,0.0,0.0,5870.96,0.0
2019-01-14,8,0.0,0.0,6106.08,0.0
2019-01-14,9,0.0,0.0,6298.92,0.0
2019-01-14,10,0.0,0.0,4942.46,0.0
2019-01-14,11,0.0,0.0,6236.251379,0.0
2019-01-14,12,0.0,0.0,5912.495135,0.0
2019-01-14,13,0.0,0.0,5647.09,0.0
2019-01-14,14,0.0,0.0,4600.06,0.0
2019-01-14,15,0.0,0.0,4674.58,0.0
2019-01-14,16,0.0,0.0,4400.13,0.0
2019-01-14,17,0.0,0.0,4746.19,0.0
2019-01-14,18,0.0,0.0,5327.14,0.0
2019-01-14,19,0.0,0.0,4740.53,0.0
2019-01-14,20,0.0,0.0,5301.12,0.0
2019-01-14,21,0.0,0.0,4813.85,0.0
2019-01-14,22,0.0,0.0,6198.607185,0.0
2019-01-14,23,0.0,0.0,4973.5633,0.0
2019-01-15,0,0.0,0.0,5509.29,0.0
2019-01-15,1,0.0,0.0,6487.25,0.0
2019-01-15,2,0.0,0.0,6533.23,0.0
2019-01-15,3,0.0,0.0,6977.85,0.0
2019-01-15,4,0.0,0.0,6799.54,0.0
2019-01-15,5,0.0,0.0,7340.21,0.0
2019-01-15,6,0.0,0.0,9661.16,0.0
2019-01-15,7,0.0,0.0,9875.89,0.0
2019-01-15,8,0.0,0.0,10692.93919,0.0
2019-01-15,9,0.0,0.0,9276.20053,0.0
2019-01-15,10,0.0,0.0,7215.34,0.0
2019-01-15,11,0.0,0.0,9725.02485,0.0
2019-01-15,12,0.0,0.0,8261.546307,167.515904
2019-01-15,13,0.0,0.0,7143.153569,0.0
2019-01-15,14,0.0,0.0,6502.137973,138.272027
2019-01-15,15,0.0,0.0,8283.96,0.0
2019-01-15,16,0.0,0.0,9822.91,0.0
2019-01-15,17,0.0,0.0,10216.75,0.0
2019-01-15,18,0.0,0.0,12597.38,0.0
2019-01-15,19,0.0,0.0,12792.51,0.0
2019-01-15,20,0.0,0.0,14332.52,0.0
2019-01-15,21,0.0,0.0,12007.6033,0.0
2019-01-15,22,0.0,0.0,11349.665104,0.0
2019-01-15,23,0.0,0.0,7549.11,0.0
2019-01-16,0,0.0,0.0,7539.057124,0.0
2019-01-16,1,0.0,0.0,6746.44,0.0
2019-01-16,2,0.0,0.0,6584.91,0.0
2019-01-16,3,0.0,0.0,6995.5,0.0
2019-01-16,4,0.0,0.0,8284.72,0.0
2019-01-16,5,0.0,0.0,7642.09,0.0
2019-01-16,6,0.0,0.0,7552.48,0.0
2019-01-16,7,0.0,0.0,8939.34,0.0
2019-01-16,8,0.0,0.0,6514.3067,0.0
2019-01-16,9,0.0,0.0,5605.52,0.0
2019-01-16,10,0.0,0.0,7970.92,0.0
2019-01-16,11,0.0,0.0,10612.273441,368.246341
2019-01-16,12,0.0,0.0,8536.064567,1078.255433
2019-01-16,13,0.0,0.0,10547.688327,168.641673
2019-01-16,14,0.0,0.0,10523.837722,1005.432278
2019-01-16,15,0.0,0.0,10357.12758,1284.72242
2019-01-16,16,0.0,0.0,9698.441089,859.208655
2019-01-16,17,0.0,0.0,8541.008807,1175.30346
2019-01-16,18,0.0,0.0,9023.825301,0.0
2019-01-16,19,0.0,0.0,5578.8,0.0
2019-01-16,20,0.0,0.0,6091.77,0.0
2019-01-16,21,0.0,0.0,6262.301899,0.0
2019-01-16,22,0.0,0.0,7129.530405,0.0
2019-01-16,23,0.0,0.0,5674.852528,0.0
2019-01-17,0,0.0,0.0,5333.4933,0.0
2019-01-17,1,0.0,0.0,3296.29,0.0
2019-01-17,2,0.0,0.0,3120.21,0.0
2019-01-17,3,0.0,0.0,3692.66,0.0
2019-01-17,4,0.0,0.0,3597.93,0.0
2019-01-17,5,0.0,0.0,3732.52,0.0
2019-01-17,6,0.0,0.0,3933.86,0.0
2019-01-17,7,0.0,0.0,4324.39,0.0
2019-01-17,8,0.0,0.0,4254.54,0.0
2019-01-17,9,0.0,0.0,4436.53,0.0
2019-01-17,10,0.0,0.0,5798.05,0.0
2019-01-17,11,0.0,0.0,4148.16,0.0
2019-01-17,12,0.0,0.0,4276.975933,0.0
2019-01-17,13,0.0,0.0,5105.73,0.0
2019-01-17,14,0.0,0.0,4423.86,0.0
2019-01-17,15,0.0,0.0,4027.77,0.0
2019-01-17,16,0.0,0.0,3797.24,0.0
2019-01-17,17,0.0,0.0,4004.37,0.0
2019-01-17,18,0.0,0.0,4257.6,0.0
2019-01-17,19,0.0,0.0,4647.69,0.0
2019-01-17,20,0.0,0.0,5252.5467,0.0
2019-01-17,21,0.0,0.0,4785.3933,0.0
2019-01-17,22,0.0,0.0,5154.917485,0.0
2019-01-17,23,0.0,0.0,4878.28,0.0
2019-01-18,0,0.0,0.0,5848.728886,0.0
2019-01-18,1,0.0,0.0,6947.596766,0.0
2019-01-18,2,0.0,0.0,6325.224398,0.0
2019-01-18,3,0.0,0.0,6707.31,0.0
2019-01-18,4,0.0,0.0,7399.48144,0.0
2019-01-18,5,0.0,0.0,6727.554492,296.965508
2019-01-18,6,0.0,0.0,5705.425468,745.143807
2019-01-18,7,0.0,0.0,5166.591209,1145.548791
2019-01-18,8,0.0,0.0,5322.806844,1369.163156
2019-01-18,9,0.0,0.0,6158.067142,1334.562858
2019-01-18,10,0.0,0.0,7532.145102,429.400091
2019-01-18,11,0.0,0.0,10330.514175,1330.857053
2019-01-18,12,0.0,0.0,9766.429021,1670.15053
2019-01-18,13,0.0,0.0,9326.125554,1284.387494
2019-01-18,14,0.0,0.0,8645.424999,1932.691832
2019-01-18,15,0.0,0.0,9157.54806,1832.087511
2019-01-18,16,0.0,0.0,9173.926751,981.170562
2019-01-18,17,0.0,0.0,5948.703518,987.820084
2019-01-18,18,0.0,0.0,7082.011936,616.004792
2019-01-18,19,0.0,0.0,4937.655364,473.954636
2019-01-18,20,0.0,0.0,6127.315988,1180.842413
2019-01-18,21,0.0,0.0,6249.625977,1605.424023
2019-01-18,22,0.0,0.0,7351.710863,758.689137
2019-01-18,23,0.0,0.0,6904.306124,846.548156
2019-01-19,0,0.0,0.0,7594.691714,884.608286
2019-01-19,1,0.0,0.0,6150.795081,0.0
2019-01-19,2,0.0,0.0,5566.74,0.0
2019-01-19,3,0.0,0.0,5986.55,0.0
2019-01-19,4,0.0,0.0,5238.750018,0.0
2019-01-19,5,0.0,0.0,10097.517724,246.742276
2019-01-19,6,0.0,0.0,6443.180307,963.079693
2019-01-19,7,0.0,0.0,5834.113654,1412.716346
2019-01-19,8,0.0,0.0,5332.978828,1256.451172
2019-01-19,9,0.0,0.0,4908.246572,1233.453428
2019-01-19,10,0.0,0.0,5726.446343,327.103657
2019-01-19,11,0.0,0.0,7474.472501,1258.446291
2019-01-19,12,0.0,0.0,10110.873117,1474.662166
2019-01-19,13,0.0,0.0,8856.400493,1127.358604
2019-01-19,14,0.0,0.0,9125.219919,1798.483787
2019-01-19,15,0.0,0.0,10817.846237,1690.373763
2019-01-19,16,0.0,0.0,8708.421989,668.962363
2019-01-19,17,0.0,0.0,8717.822529,1041.599165
2019-01-19,18,0.0,0.0,7291.417576,399.459388
2019-01-19,19,0.0,0.0,11099.48,0.0
2019-01-19,20,0.0,0.0,10572.37,0.0
2019-01-19,21,0.0,0.0,7922.0,0.0
2019-01-19,22,0.0,0.0,7226.45,0.0
2019-01-19,23,0.0,0.0,6775.54,0.0
2019-01-20,0,0.0,0.0,7187.79,0.0
2019-01-20,1,0.0,0.0,8899.75,0.0
2019-01-20,2,0.0,0.0,8417.6,0.0
2019-01-20,3,0.0,0.0,8124.18,0.0
2019-01-20,4,0.0,0.0,9131.93,0.0
2019-01-20,5,0.0,0.0,10163.51,0.0
2019-01-20,6,0.0,0.0,7992.65,0.0
2019-01-20,7,0.0,0.0,6742.52,0.0
2019-01-20,8,0.0,0.0,7824.42,0.0
2019-01-20,9,0.0,0.0,12040.4567,0.0
2019-01-20,10,0.0,0.0,11950.89,0.0
2019-01-20,11,0.0,0.0,12065.23,0.0
2019-01-20,12,0.0,0.0,9565.049687,100.723713
2019-01-20,13,0.0,0.0,7493.421736,310.200149
2019-01-20,14,0.0,0.0,6872.475186,940.42786
2019-01-20,15,0.0,0.0,7262.250735,1341.619681
2019-01-20,16,0.0,0.0,7724.403268,891.526732
2019-01-20,17,0.0,0.0,7051.032207,974.057793
2019-01-20,18,0.0,0.0,9537.073657,0.0
2019-01-20,19,0.0,0.0,11531.21,0.0
2019-01-20,20,0.0,0.0,10401.39,0.0
2019-01-20,21,0.0,0.0,9298.2433,0.0
2019-01-20,22,0.0,0.0,8995.0567,0.0
2019-01-20,23,0.0,0.0,6570.35,0.0
2019-01-21,0,0.0,0.0,6317.2567,0.0
2019-01-21,1,0.0,0.0,4898.14,0.0
2019-01-21,2,0.0,0.0,5724.58,0.0
2019-01-21,3,0.0,0.0,7356.88,0.0
2019-01-21,4,0.0,0.0,7587.44,0.0
2019-01-21,5,0.0,0.0,7321.378115,231.001885
2019-01-21,6,0.0,0.0,5456.865221,583.914779
2019-01-21,7,0.0,0.0,5044.608953,803.981047
2019-01-21,8,0.0,0.0,5119.937545,1280.772455
2019-01-21,9,0.0,0.0,6077.453724,1286.896276
2019-01-21,10,0.0,0.0,7700.113521,429.594824
2019-01-21,11,0.0,0.0,9254.318042,1369.876357
2019-01-21,12,0.0,0.0,10930.526798,1685.967416
2019-01-21,13,0.0,0.0,13792.996294,844.277116
2019-01-21,14,0.0,0.0,11339.815814,1639.187936
2019-01-21,15,0.0,0.0,11296.620443,1676.589557
2019-01-21,16,0.0,0.0,10825.552122,1044.477878
2019-01-21,17,0.0,0.0,9726.014326,1401.19327
2019-01-21,18,0.0,0.0,8617.78039,1114.40291
2019-01-21,19,0.0,0.0,7973.030161,869.699839
2019-01-21,20,0.0,0.0,8052.859284,1141.427416
2019-01-21,21,0.0,0.0,7976.892638,1568.787362
2019-01-21,22,0.0,0.0,10033.15409,1590.67591
2019-01-21,23,0.0,0.0,10207.727444,1619.733626
2019-01-22,0,0.0,0.0,9642.755289,1641.921411
2019-01-22,1,0.0,0.0,8650.126211,1556.453789
2019-01-22,2,0.0,0.0,9043.061733,1608.328267
2019-01-22,3,0.0,0.0,9132.81812,1572.21188
2019-01-22,4,0.0,0.0,9215.452556,1498.967444
2019-01-22,5,0.0,0.0,8707.020489,1510.429511
2019-01-22,6,0.0,0.0,8252.173418,1238.456582
2019-01-22,7,0.0,0.0,8245.147167,947.672833
2019-01-22,8,0.0,0.0,8104.853751,609.306249
2019-01-22,9,0.0,0.0,7821.777836,775.792164
2019-01-22,10,0.0,0.0,9266.538663,280.501337
2019-01-22,11,0.0,0.0,9589.271258,155.375242
2019-01-22,12,0.0,0.0,10650.113946,152.106054
2019-01-22,13,0.0,0.0,11193.88462,682.33538
2019-01-22,14,0.0,0.0,14040.408389,666.291289
2019-01-22,15,0.0,0.0,12900.097464,750.017156
2019-01-22,16,0.0,0.0,12532.793222,99.349872
2019-01-22,17,0.0,0.0,11716.588582,366.821418
2019-01-22,18,0.0,0.0,11421.106524,986.154652
2019-01-22,19,0.0,0.0,10029.893896,808.476104
2019-01-22,20,0.0,0.0,10487.003056,1068.866944
2019-01-22,21,0.0,0.0,9481.433687,1508.38776
2019-01-22,22,0.0,0.0,9588.365587,1502.204413
2019-01-22,23,0.0,0.0,6877.290806,1482.119194
2019-01-23,0,0.0,0.0,6365.296072,1476.093928
2019-01-23,1,0.0,0.0,4200.695419,1255.674581
2019-01-23,2,0.0,0.0,5008.060267,1224.899733
2019-01-23,3,0.0,0.0,5223.259162,394.570838
2019-01-23,4,0.0,0.0,5399.651003,0.0
2019-01-23,5,0.0,0.0,5272.35,0.0
2019-01-23,6,0.0,0.0,5221.42,0.0
2019-01-23,7,0.0,0.0,5237.92,0.0
2019-01-23,8,0.0,0.0,5586.67,0.0
2019-01-23,9,0.0,0.0,6275.28,0.0
2019-01-23,10,0.0,0.0,6330.477315,0.0
2019-01-23,11,0.0,0.0,7896.32,0.0
2019-01-23,12,0.0,0.0,8883.07,0.0
2019-01-23,13,0.0,0.0,8784.81543,269.01457
2019-01-23,14,0.0,0.0,7190.131274,540.438726
2019-01-23,15,0.0,0.0,7729.089697,634.440303
2019-01-23,16,0.0,0.0,7839.573736,414.200805
2019-01-23,17,0.0,0.0,8427.248876,0.0
2019-01-23,18,0.0,0.0,7320.82,0.0
2019-01-23,19,0.0,0.0,8965.93,0.0
2019-01-23,20,0.0,0.0,7855.23,0.0
2019-01-23,21,0.0,0.0,8551.87,0.0
2019-01-23,22,0.0,0.0,9787.483328,0.0
2019-01-23,23,0.0,0.0,6179.43,0.0
2019-01-24,0,0.0,0.0,6488.83,0.0
2019-01-24,1,0.0,0.0,8093.05,0.0
2019-01-24,2,0.0,0.0,8171.18,0.0
2019-01-24,3,0.0,0.0,9861.3,0.0
2019-01-24,4,0.0,0.0,8849.6,0.0
2019-01-24,5,0.0,0.0,8560.31,0.0
2019-01-24,6,0.0,0.0,7581.62,0.0
2019-01-24,7,0.0,0.0,8607.89,0.0
2019-01-24,8,0.0,0.0,10910.51,0.0
2019-01-24,9,0.0,0.0,13989.091124,0.0
2019-01-24,10,0.0,0.0,15905.0233,0.0
2019-01-24,11,0.0,0.0,14596.023077,0.0
2019-01-24,12,0.0,0.0,11674.706927,71.733073
2019-01-24,13,0.0,0.0,10589.92149,1097.86851
2019-01-24,14,0.0,0.0,11918.578246,1851.961754
2019-01-24,15,0.0,0.0,12375.946952,1850.953048
2019-01-24,16,0.0,0.0,11228.766792,1076.383208
2019-01-24,17,0.0,0.0,9069.149693,1241.267261
2019-01-24,18,0.0,0.0,9678.754679,895.425321
2019-01-24,19,0.0,0.0,9697.08,0.0
2019-01-24,20,0.0,0.0,9316.192805,0.0
2019-01-24,21,0.0,0.0,7549.58,0.0
2019-01-24,22,0.0,0.0,8097.55,0.0
2019-01-24,23,0.0,0.0,7159.210562,0.0
2019-01-25,0,0.0,0.0,6091.58,0.0
2019-01-25,1,0.0,0.0,4045.47,0.0
2019-01-25,2,0.0,0.0,4561.14,0.0
2019-01-25,3,0.0,0.0,4083.6,0.0
2019-01-25,4,0.0,0.0,4330.94,0.0
2019-01-25,5,0.0,0.0,4535.68,0.0
2019-01-25,6,0.0,0.0,5922.64,0.0
2019-01-25,7,0.0,0.0,5435.73,0.0
2019-01-25,8,0.0,0.0,5776.96,0.0
2019-01-25,9,0.0,0.0,6271.69,0.0
2019-01-25,10,0.0,0.0,6010.024117,0.0
2019-01-25,11,0.0,0.0,5530.299295,0.0
2019-01-25,12,0.0,0.0,5288.156491,0.0
2019-01-25,13,0.0,0.0,6634.683673,0.0
2019-01-25,14,0.0,0.0,6147.74,0.0
2019-01-25,15,0.0,0.0,7088.98252,0.0
2019-01-25,16,0.0,0.0,3782.74,0.0
2019-01-25,17,0.0,0.0,3901.17,0.0
2019-01-25,18,0.0,0.0,4580.82,0.0
2019-01-25,19,0.0,0.0,4197.35,0.0
2019-01-25,20,0.0,0.0,4370.43,0.0
2019-01-25,21,0.0,0.0,4940.85,0.0
2019-01-25,22,0.0,0.0,5106.721131,0.0
2019-01-25,23,142.241113,0.0,3834.309,0.0
2019-01-26,0,0.0,0.0,4237.37,0.0
2019-01-26,1,0.0,0.0,4038.96,0.0
2019-01-26,2,0.0,0.0,3910.57,0.0
2019-01-26,3,0.0,0.0,4042.14,0.0
2019-01-26,4,0.0,0.0,3911.86,0.0
2019-01-26,5,0.0,0.0,3942.79,0.0
2019-01-26,6,0.0,0.0,4888.52,0.0
2019-01-26,7,0.0,0.0,5038.1,0.0
2019-01-26,8,0.0,0.0,4319.39,0.0
2019-01-26,9,0.0,0.0,5520.907011,0.0
2019-01-26,10,0.0,0.0,7794.643231,0.0
2019-01-26,11,0.0,0.0,4199.7767,0.0
2019-01-26,12,0.0,0.0,5249.989596,0.0
2019-01-26,13,0.0,0.0,4239.67,0.0
2019-01-26,14,0.0,0.0,4503.86,0.0
2019-01-26,15,0.0,0.0,4202.42,0.0
2019-01-26,16,0.0,0.0,4167.06,0.0
2019-01-26,17,0.0,0.0,3771.93,0.0
2019-01-26,18,0.0,0.0,4067.18,0.0
2019-01-26,19,0.0,0.0,3856.68,0.0
2019-01-26,20,0.0,0.0,3874.33,0.0
2019-01-26,21,0.0,0.0,4108.314549,0.0
2019-01-26,22,0.0,0.0,4989.515784,0.0
2019-01-26,23,0.0,0.0,4547.29,0.0
2019-01-27,0,0.0,0.0,6077.33,0.0
2019-01-27,1,0.0,0.0,6824.82,0.0
2019-01-27,2,0.0,0.0,7211.44,0.0
2019-01-27,3,0.0,0.0,8752.02,0.0
2019-01-27,4,0.0,0.0,9019.92,0.0
2019-01-27,5,0.0,0.0,9039.92,0.0
2019-01-27,6,0.0,0.0,8674.52,0.0
2019-01-27,7,0.0,0.0,8871.42,0.0
2019-01-27,8,0.0,0.0,9339.24,0.0
2019-01-27,9,0.0,0.0,9355.63,0.0
2019-01-27,10,0.0,0.0,10913.918327,0.0
2019-01-27,11,0.0,0.0,10186.14,0.0
2019-01-27,12,0.0,0.0,11738.756463,0.0
2019-01-27,13,0.0,0.0,11787.22,0.0
2019-01-27,14,0.0,0.0,10318.547513,138.906222
2019-01-27,15,0.0,0.0,7614.560584,10.679416
2019-01-27,16,0.0,0.0,6872.639236,0.0
2019-01-27,17,0.0,0.0,7220.95,0.0
2019-01-27,18,0.0,0.0,7167.56,0.0
2019-01-27,19,0.0,0.0,6969.73,0.0
2019-01-27,20,0.0,0.0,7226.249937,0.0
2019-01-27,21,0.0,0.0,8625.0367,0.0
2019-01-27,22,0.0,0.0,8568.9433,0.0
2019-01-27,23,0.0,0.0,5167.52,0.0
2019-01-28,0,0.0,0.0,6021.13,0.0
2019-01-28,1,0.0,0.0,7226.49,0.0
2019-01-28,2,0.0,0.0,7501.96,0.0
2019-01-28,3,0.0,0.0,7774.49,0.0
2019-01-28,4,0.0,0.0,7580.34,0.0
2019-01-28,5,0.0,0.0,7321.06,0.0
2019-01-28,6,0.0,0.0,6396.09,0.0
2019-01-28,7,0.0,0.0,7272.53,0.0
2019-01-28,8,0.0,0.0,7096.62,0.0
2019-01-28,9,0.0,0.0,8251.48,0.0
2019-01-28,10,0.0,0.0,10721.964519,0.0
2019-01-28,11,0.0,0.0,7931.014289,692.345711
2019-01-28,12,0.0,0.0,9196.897879,1179.802468
2019-01-28,13,0.0,0.0,6455.189267,797.461408
2019-01-28,14,0.0,0.0,9452.249553,831.885121
2019-01-28,15,0.0,0.0,13703.43426,606.19574
2019-01-28,16,0.0,0.0,13925.956665,231.018114
2019-01-28,17,0.0,0.0,10683.277495,1015.957857
2019-01-28,18,0.0,0.0,10200.410385,1085.219615
2019-01-28,19,0.0,0.0,7322.971964,838.198036
2019-01-28,20,0.0,0.0,8497.923517,1043.716483
2019-01-28,21,0.0,0.0,9107.216741,1396.613259
2019-01-28,22,0.0,0.0,8627.388844,334.451156
2019-01-28,23,0.0,0.0,10177.52,0.0
2019-01-29,0,0.0,0.0,6215.1767,0.0
2019-01-29,1,0.0,0.0,4437.45,0.0
2019-01-29,2,0.0,0.0,3845.7,0.0
2019-01-29,3,0.0,0.0,4339.11,0.0
2019-01-29,4,0.0,0.0,4875.46,0.0
2019-01-29,5,0.0,0.0,5365.69,0.0
2019-01-29,6,0.0,0.0,5754.63,0.0
2019-01-29,7,0.0,0.0,6676.25,0.0
2019-01-29,8,0.0,0.0,6469.35,0.0
2019-01-29,9,0.0,0.0,6197.051811,0.0
2019-01-29,10,0.0,0.0,6235.25,0.0
2019-01-29,11,0.0,0.0,6435.205954,0.0
2019-01-29,12,0.0,0.0,6996.0067,0.0
2019-01-29,13,0.0,0.0,5653.12,0.0
2019-01-29,14,0.0,0.0,5784.746811,22.657688
2019-01-29,15,0.0,0.0,5882.283212,98.766788
2019-01-29,16,0.0,0.0,5522.19,0.0
2019-01-29,17,0.0,0.0,4972.899349,0.0
2019-01-29,18,0.0,0.0,5592.2767,0.0
2019-01-29,19,0.0,0.0,4715.34,0.0
2019-01-29,20,0.0,0.0,4978.22,0.0
2019-01-29,21,0.0,0.0,5006.08,0.0
2019-01-29,22,0.0,0.0,6615.6333,0.0
2019-01-29,23,0.0,0.0,5287.26,0.0
2019-01-30,0,0.0,0.0,5440.0667,0.0
2019-01-30,1,0.0,0.0,5117.97,0.0
2019-01-30,2,0.0,0.0,5752.83,0.0
2019-01-30,3,0.0,0.0,5596.32,0.0
2019-01-30,4,0.0,0.0,5888.61,0.0
2019-01-30,5,0.0,0.0,7539.45,0.0
2019-01-30,6,0.0,0.0,6721.51,0.0
2019-01-30,7,0.0,0.0,5186.76,0.0
2019-01-30,8,0.0,0.0,5917.52,0.0
2019-01-30,9,0.0,0.0,5182.05,0.0
2019-01-30,10,0.0,0.0,7831.135228,0.0
2019-01-30,11,0.0,0.0,8717.44,0.0
2019-01-30,12,0.0,0.0,11047.44327,0.0
2019-01-30,13,0.0,0.0,7548.08211,0.0
2019-01-30,14,0.0,0.0,6793.367059,472.241224
2019-01-30,15,0.0,0.0,6723.752785,1352.824354
2019-01-30,16,0.0,0.0,6691.462339,936.777661
2019-01-30,17,0.0,0.0,5142.149328,1291.090672
2019-01-30,18,0.0,0.0,4880.507235,0.0
2019-01-30,19,0.0,0.0,7726.26,0.0
2019-01-30,20,0.0,0.0,8949.8,0.0
2019-01-30,21,0.0,0.0,8278.6233,0.0
2019-01-30,22,0.0,0.0,5026.72,0.0
2019-01-30,23,0.0,0.0,4252.93,0.0
2019-01-31,0,0.0,0.0,5073.26283,0.0
2019-01-31,1,0.0,0.0,3803.01,0.0
2019-01-31,2,0.0,0.0,3794.33,0.0
2019-01-31,3,0.0,0.0,3754.35,0.0
2019-01-31,4,0.0,0.0,3967.2,0.0
2019-01-31,5,0.0,0.0,4836.91,0.0
2019-01-31,6,0.0,0.0,4518.88,0.0
2019-01-31,7,0.0,0.0,5008.298547,0.0
2019-01-31,8,0.0,0.0,5448.99,0.0
2019-01-31,9,0.0,0.0,5658.597295,15.072705
2019-01-31,10,0.0,0.0,4747.35,0.0
2019-01-31,11,0.0,0.0,5671.551492,854.078508
2019-01-31,12,0.0,0.0,5465.528431,1095.987481
2019-01-31,13,0.0,0.0,5742.97067,164.035751
2019-01-31,14,0.0,0.0,4881.521149,642.27303
2019-01-31,15,0.0,0.0,5797.896619,107.551013
2019-01-31,16,0.0,0.0,7071.31776,0.0
2019-01-31,17,0.0,0.0,4133.24,0.0
2019-01-31,18,0.0,0.0,4285.51,0.0
2019-01-31,19,0.0,0.0,5355.91,0.0
2019-01-31,20,0.0,0.0,5388.46,0.0
2019-01-31,21,0.0,0.0,6047.25,0.0
2019-01-31,22,0.0,0.0,6512.239641,0.0
2019-01-31,23,0.0,0.0,4667.32,0.0
2019-02-01,0,0.0,0.0,5421.78,0.0
2019-02-01,1,0.0,0.0,3312.51,0.0
2019-02-01,2,0.0,0.0,3733.67,0.0
2019-02-01,3,0.0,0.0,3370.53,0.0
2019-02-01,4,0.0,0.0,3787.46,0.0
2019-02-01,5,0.0,0.0,3674.24,0.0
2019-02-01,6,0.0,0.0,4419.16,0.0
2019-02-01,7,0.0,0.0,4011.53,0.0
2019-02-01,8,0.0,0.0,4781.02,0.0
2019-02-01,9,0.0,0.0,5136.09,0.0
2019-02-01,10,0.0,0.0,6058.8167,0.0
2019-02-01,11,0.0,0.0,5380.69,0.0
2019-02-01,12,0.0,0.0,5902.74,0.0
2019-02-01,13,0.0,0.0,4509.229265,0.0
2019-02-01,14,0.0,0.0,5062.659243,0.0
2019-02-01,15,0.0,0.0,3926.15677,150.577377
2019-02-01,16,0.0,0.0,4252.56367,217.484128
2019-02-01,17,0.0,0.0,4931.270313,0.0
2019-02-01,18,0.0,0.0,5457.758634,0.0
2019-02-01,19,0.0,0.0,4740.15,0.0
2019-02-01,20,0.0,0.0,4682.66,0.0
2019-02-01,21,0.0,0.0,4713.01,0.0
2019-02-01,22,0.0,0.0,4658.5,0.0
2019-02-01,23,0.0,0.0,4552.524347,0.0
2019-02-02,0,0.0,0.0,4513.55,0.0
2019-02-02,1,0.0,0.0,4237.73,0.0
2019-02-02,2,0.0,0.0,3744.47,0.0
2019-02-02,3,0.0,0.0,3652.39,0.0
2019-02-02,4,0.0,0.0,3553.1,0.0
2019-02-02,5,0.0,0.0,3461.33,0.0
2019-02-02,6,0.0,0.0,4323.72,0.0
2019-02-02,7,0.0,0.0,5880.24,0.0
2019-02-02,8,0.0,0.0,6676.29,0.0
2019-02-02,9,0.0,0.0,6568.31,0.0
2019-02-02,10,0.0,0.0,8571.271572,0.0
2019-02-02,11,0.0,0.0,11792.49096,36.304004
2019-02-02,12,0.0,0.0,10230.936148,1336.683852
2019-02-02,13,0.0,0.0,11816.237899,859.195811
2019-02-02,14,0.0,0.0,11453.401855,1597.708145
2019-02-02,15,0.0,0.0,11915.310468,1650.799532
2019-02-02,16,0.0,0.0,9498.749582,873.265065
2019-02-02,17,0.0,0.0,9259.690527,457.169473
2019-02-02,18,0.0,0.0,8997.40776,0.0
2019-02-02,19,0.0,0.0,7089.6567,0.0
2019-02-02,20,0.0,0.0,5832.48,0.0
2019-02-02,21,0.0,0.0,6282.07,0.0
2019-02-02,22,0.0,0.0,7506.442535,367.957942
2019-02-02,23,0.0,0.0,5689.663621,924.876379
2019-02-03,0,0.0,0.0,7276.629439,1465.075325
2019-02-03,1,0.0,0.0,7216.556029,1466.783971
2019-02-03,2,0.0,0.0,7197.592414,1479.967586
2019-02-03,3,0.0,0.0,7094.4493,925.1207
2019-02-03,4,0.0,0.0,7384.89251,427.91749
2019-02-03,5,0.0,0.0,7225.289971,560.100029
2019-02-03,6,0.0,0.0,6563.862316,693.657684
2019-02-03,7,0.0,0.0,6250.433309,739.276691
2019-02-03,8,0.0,0.0,6628.154155,1207.305845
2019-02-03,9,0.0,0.0,6070.645052,1409.654948
2019-02-03,10,0.0,0.0,7138.034578,539.530099
2019-02-03,11,0.0,0.0,9763.511686,1470.865236
2019-02-03,12,0.0,0.0,10331.083395,1905.477315
2019-02-03,13,0.0,0.0,10348.214338,1186.935662
2019-02-03,14,0.0,0.0,10057.651115,1829.401829
2019-02-03,15,0.0,0.0,9484.27672,1795.68328
2019-02-03,16,0.0,0.0,6465.841793,1002.121178
2019-02-03,17,0.0,0.0,4923.535543,1501.609795
2019-02-03,18,0.0,0.0,4822.938801,1239.391199
2019-02-03,19,0.0,0.0,4958.459792,974.280208
2019-02-03,20,0.0,0.0,5623.87849,1209.96151
2019-02-03,21,0.0,0.0,6247.935568,1651.894432
2019-02-03,22,0.0,0.0,6985.736262,1703.933738
2019-02-03,23,0.0,0.0,5457.334989,1695.855404
2019-02-04,0,0.0,0.0,4596.218023,1644.561977
2019-02-04,1,0.0,0.0,5027.778238,1505.171762
2019-02-04,2,0.0,0.0,5249.511301,1279.688699
2019-02-04,3,0.0,0.0,5978.217572,802.412428
2019-02-04,4,0.0,0.0,6569.610394,281.189606
2019-02-04,5,0.0,0.0,8147.917837,0.0
2019-02-04,6,0.0,0.0,8756.5,0.0
2019-02-04,7,0.0,0.0,7895.08,0.0
2019-02-04,8,0.0,0.0,7646.1,0.0
2019-02-04,9,0.0,0.0,7082.57,0.0
2019-02-04,10,0.0,0.0,8629.84,0.0
2019-02-04,11,0.0,0.0,10267.093093,190.616907
2019-02-04,12,0.0,0.0,11569.356074,267.913926
2019-02-04,13,0.0,0.0,12524.640332,446.349668
2019-02-04,14,0.0,0.0,12870.422663,283.637337
2019-02-04,15,0.0,0.0,11640.761632,0.0
2019-02-04,16,0.0,0.0,12083.139077,0.0
2019-02-04,17,0.0,0.0,9908.73,0.0
2019-02-04,18,0.0,0.0,8738.21,0.0
2019-02-04,19,0.0,0.0,8327.55,0.0
2019-02-04,20,0.0,0.0,9775.74,0.0
2019-02-04,21,0.0,0.0,8567.738759,0.0
2019-02-04,22,0.0,0.0,7558.3,0.0
2019-02-04,23,0.0,0.0,5331.52,0.0
2019-02-05,0,0.0,0.0,4466.233796,0.0
2019-02-05,1,0.0,0.0,4423.33,0.0
2019-02-05,2,0.0,0.0,4371.01,0.0
2019-02-05,3,0.0,0.0,4264.09,0.0
2019-02-05,4,0.0,0.0,3916.47,0.0
2019-02-05,5,0.0,0.0,4327.21,0.0
2019-02-05,6,0.0,0.0,4750.2,0.0
2019-02-05,7,0.0,0.0,5769.95,0.0
2019-02-05,8,0.0,0.0,6245.22,0.0
2019-02-05,9,0.0,0.0,6322.59,0.0
2019-02-05,10,0.0,0.0,6667.45,0.0
2019-02-05,11,0.0,0.0,9250.8633,0.0
2019-02-05,12,0.0,0.0,7714.349023,250.124277
2019-02-05,13,0.0,0.0,6948.6,0.0
2019-02-05,14,0.0,0.0,6726.457406,633.922594
2019-02-05,15,0.0,0.0,6229.506187,938.583813
2019-02-05,16,0.0,0.0,6106.394606,506.465394
2019-02-05,17,0.0,0.0,6971.163774,416.706226
2019-02-05,18,0.0,0.0,8657.111424,0.0
2019-02-05,19,0.0,0.0,6825.82,0.0
2019-02-05,20,0.0,0.0,7401.646378,0.0
2019-02-05,21,0.0,0.0,8046.227408,0.0
2019-02-05,22,0.0,0.0,6741.923375,0.0
2019-02-05,23,0.0,0.0,5282.8133,0.0
2019-02-06,0,0.0,0.0,4909.388851,0.0
2019-02-06,1,0.0,0.0,3311.95,0.0
2019-02-06,2,0.0,0.0,3290.92,0.0
2019-02-06,3,0.0,0.0,3328.09,0.0
2019-02-06,4,0.0,0.0,3611.44,0.0
2019-02-06,5,0.0,0.0,4314.76,0.0
2019-02-06,6,0.0,0.0,6244.74,0.0
2019-02-06,7,0.0,0.0,7783.64,0.0
2019-02-06,8,0.0,0.0,8171.71,0.0
2019-02-06,9,0.0,0.0,8764.29,0.0
2019-02-06,10,0.0,0.0,9819.06,0.0
2019-02-06,11,0.0,0.0,10391.476566,0.0
2019-02-06,12,0.0,0.0,6498.807895,1047.612105
2019-02-06,13,0.0,0.0,6128.48544,669.37456
2019-02-06,14,0.0,0.0,5555.099157,1284.620843
2019-02-06,15,0.0,0.0,5768.99333,1364.89667
2019-02-06,16,0.0,0.0,6617.592068,896.447932
2019-02-06,17,0.0,0.0,6942.861354,1419.678646
2019-02-06,18,0.0,0.0,7111.329331,1179.88853
2019-02-06,19,0.0,0.0,6522.340417,822.119583
2019-02-06,20,0.0,0.0,6215.390285,1016.715527
2019-02-06,21,0.0,0.0,6097.185462,1432.320163
2019-02-06,22,0.0,0.0,5954.016421,1398.040279
2019-02-06,23,0.0,0.0,6290.512536,986.37854
2019-02-07,0,0.0,0.0,4890.308462,813.149672
2019-02-07,1,0.0,0.0,4792.622567,692.027433
2019-02-07,2,0.0,0.0,4751.515504,494.804496
2019-02-07,3,0.0,0.0,4954.878898,947.171102
2019-02-07,4,0.0,0.0,5210.034222,1317.325778
2019-02-07,5,0.0,0.0,5134.813731,1637.766269
2019-02-07,6,0.0,0.0,5411.40416,1603.74584
2019-02-07,7,0.0,0.0,5907.280103,1421.749897
2019-02-07,8,0.0,0.0,7008.266457,1270.913543
2019-02-07,9,0.0,0.0,7854.598969,1079.471031
2019-02-07,10,0.0,0.0,10239.898191,405.199867
2019-02-07,11,0.0,0.0,12467.211668,1375.368332
2019-02-07,12,0.0,0.0,13084.976275,1941.832676
2019-02-07,13,0.0,0.0,14178.654227,1825.683969
2019-02-07,14,0.0,0.0,13243.243032,2592.885056
2019-02-07,15,0.0,0.0,13157.12454,2457.44546
2019-02-07,16,0.0,0.0,13703.748682,1506.625651
2019-02-07,17,0.0,0.0,11267.439225,1224.464496
2019-02-07,18,0.0,0.0,9335.921248,702.07894
2019-02-07,19,0.0,0.0,7026.982434,234.067566
2019-02-07,20,0.0,0.0,7155.728628,46.871372
2019-02-07,21,0.0,0.0,7275.643156,248.647411
2019-02-07,22,0.0,0.0,6578.340383,473.929617
2019-02-07,23,0.0,0.0,7289.921585,325.012981
2019-02-08,0,0.0,0.0,7568.758141,0.0
2019-02-08,1,0.0,0.0,4137.66,0.0
2019-02-08,2,0.0,0.0,4609.48,0.0
2019-02-08,3,0.0,0.0,4544.69,0.0
2019-02-08,4,0.0,0.0,4777.89,0.0
2019-02-08,5,0.0,0.0,5633.23,0.0
2019-02-08,6,0.0,0.0,5216.15,0.0
2019-02-08,7,0.0,0.0,5812.68,0.0
2019-02-08,8,0.0,0.0,7845.69,0.0
2019-02-08,9,0.0,0.0,6466.28,0.0
2019-02-08,10,0.0,0.0,7643.551389,0.0
2019-02-08,11,0.0,0.0,6798.39,0.0
2019-02-08,12,0.0,0.0,7583.39,0.0
2019-02-08,13,0.0,0.0,6372.11,0.0
2019-02-08,14,0.0,0.0,6882.09,0.0
2019-02-08,15,0.0,0.0,8124.09,0.0
2019-02-08,16,0.0,0.0,8951.46,0.0
2019-02-08,17,0.0,0.0,7041.08,0.0
2019-02-08,18,0.0,0.0,5440.16,0.0
2019-02-08,19,0.0,0.0,6150.98,0.0
2019-02-08,20,0.0,0.0,6403.51,0.0
2019-02-08,21,0.0,0.0,6713.01,0.0
2019-02-08,22,0.0,0.0,5400.53,0.0
2019-02-08,23,0.0,0.0,5263.105522,0.0
2019-02-09,0,0.0,0.0,6011.83,0.0
2019-02-09,1,0.0,0.0,5219.1933,0.0
2019-02-09,2,0.0,0.0,4511.51,0.0
2019-02-09,3,0.0,0.0,4454.85,0.0
2019-02-09,4,0.0,0.0,4960.39,0.0
2019-02-09,5,0.0,0.0,5021.92,0.0
2019-02-09,6,0.0,0.0,4899.53,0.0
2019-02-09,7,0.0,0.0,6378.32,0.0
2019-02-09,8,0.0,0.0,6293.18,0.0
2019-02-09,9,0.0,0.0,5919.74,0.0
2019-02-09,10,0.0,0.0,7097.785171,0.0
2019-02-09,11,0.0,0.0,7138.17,0.0
2019-02-09,12,0.0,0.0,5851.0633,0.0
2019-02-09,13,0.0,0.0,5997.86,0.0
2019-02-09,14,0.0,0.0,5328.066434,107.013566
2019-02-09,15,0.0,0.0,5208.33,0.0
2019-02-09,16,0.0,0.0,6889.11,0.0
2019-02-09,17,0.0,0.0,5633.48,0.0
2019-02-09,18,0.0,0.0,5579.65938,0.0
2019-02-09,19,0.0,0.0,5046.46,0.0
2019-02-09,20,0.0,0.0,5132.72,0.0
2019-02-09,21,0.0,0.0,6331.99,0.0
2019-02-09,22,0.0,0.0,6168.0,0.0
2019-02-09,23,0.0,0.0,4708.7833,0.0
2019-02-10,0,0.0,0.0,5748.17,0.0
2019-02-10,1,0.0,0.0,8560.42,0.0
2019-02-10,2,0.0,0.0,8087.44,0.0
2019-02-10,3,0.0,0.0,7537.87,0.0
2019-02-10,4,0.0,0.0,7274.41,0.0
2019-02-10,5,0.0,0.0,8432.01,0.0
2019-02-10,6,0.0,0.0,10598.52,0.0
2019-02-10,7,0.0,0.0,9688.82,0.0
2019-02-10,8,0.0,0.0,8803.99,0.0
2019-02-10,9,0.0,0.0,9012.58,0.0
2019-02-10,10,0.0,0.0,9584.7095,0.0
2019-02-10,11,0.0,0.0,7289.31,0.0
2019-02-10,12,0.0,0.0,7191.6067,0.0
2019-02-10,13,0.0,0.0,7104.286334,0.0
2019-02-10,14,0.0,0.0,6930.88,0.0
2019-02-10,15,0.0,0.0,7354.39,0.0
2019-02-10,16,0.0,0.0,6959.77,0.0
2019-02-10,17,0.0,0.0,7370.16,0.0
2019-02-10,18,0.0,0.0,9727.74,0.0
2019-02-10,19,0.0,0.0,9147.15,0.0
2019-02-10,20,0.0,0.0,9416.604902,0.0
2019-02-10,21,0.0,0.0,8024.62141,0.0
2019-02-10,22,0.0,0.0,8563.249053,0.0
2019-02-10,23,0.0,0.0,10829.732695,222.883019
2019-02-11,0,0.0,0.0,7116.720289,1195.529711
2019-02-11,1,0.0,0.0,7025.286115,1391.883885
2019-02-11,2,0.0,0.0,7568.500527,1500.039473
2019-02-11,3,0.0,0.0,7523.000443,786.459557
2019-02-11,4,0.0,0.0,7284.236949,109.253051
2019-02-11,5,0.0,0.0,6734.224721,0.0
2019-02-11,6,0.0,0.0,6317.03,0.0
2019-02-11,7,0.0,0.0,7111.78,0.0
2019-02-11,8,0.0,0.0,9284.163266,887.926734
2019-02-11,9,0.0,0.0,7350.838435,1255.401565
2019-02-11,10,0.0,0.0,7845.600496,399.229504
2019-02-11,11,0.0,0.0,7963.453609,1277.816391
2019-02-11,12,0.0,0.0,8414.962794,1522.117206
2019-02-11,13,0.0,0.0,8389.52724,0.0
2019-02-11,14,0.0,0.0,9440.809136,1217.528461
2019-02-11,15,0.0,0.0,11470.145656,1305.883603
2019-02-11,16,0.0,0.0,11637.441428,1364.558572
2019-02-11,17,0.0,0.0,9460.758275,1470.926395
2019-02-11,18,0.0,0.0,9432.586828,1190.763758
2019-02-11,19,0.0,0.0,8101.437119,767.582881
2019-02-11,20,0.0,0.0,7973.568569,1123.52176
2019-02-11,21,0.0,0.0,7246.487188,1476.932812
2019-02-11,22,0.0,0.0,7783.265197,1000.011503
2019-02-11,23,0.0,0.0,6262.357612,460.772388
2019-02-12,0,0.0,0.0,7581.477126,1549.483913
2019-02-12,1,0.0,0.0,5929.818641,1445.931359
2019-02-12,2,0.0,0.0,5478.259352,1468.080648
2019-02-12,3,0.0,0.0,5601.805014,1320.714986
2019-02-12,4,0.0,0.0,5027.755874,1097.964126
2019-02-12,5,0.0,0.0,3890.715344,1120.534656
2019-02-12,6,0.0,0.0,4799.074545,234.875455
2019-02-12,7,0.0,0.0,6429.81776,0.0
2019-02-12,8,0.0,0.0,5518.1,0.0
2019-02-12,9,0.0,0.0,4413.55,0.0
2019-02-12,10,0.0,0.0,4351.64,0.0
2019-02-12,11,0.0,0.0,5546.409175,0.0
2019-02-12,12,0.0,0.0,6297.0,0.0
2019-02-12,13,0.0,0.0,6925.461062,52.358938
2019-02-12,14,0.0,0.0,5367.381628,261.568372
2019-02-12,15,0.0,0.0,6931.429597,161.613703
2019-02-12,16,0.0,0.0,10310.927221,0.0
2019-02-12,17,0.0,0.0,7342.69,0.0
2019-02-12,18,0.0,0.0,4089.14,0.0
2019-02-12,19,0.0,0.0,4744.48,0.0
2019-02-12,20,0.0,0.0,4473.18,0.0
2019-02-12,21,0.0,0.0,5750.505445,0.0
2019-02-12,22,0.0,0.0,5758.744452,0.0
2019-02-12,23,0.0,0.0,5536.98,0.0
2019-02-13,0,0.0,0.0,6728.45,0.0
2019-02-13,1,0.0,0.0,8153.14,0.0
2019-02-13,2,0.0,0.0,8253.25,0.0
2019-02-13,3,0.0,0.0,8987.0,0.0
2019-02-13,4,0.0,0.0,8673.86,0.0
2019-02-13,5,0.0,0.0,8596.51,0.0
2019-02-13,6,0.0,0.0,9570.67,0.0
2019-02-13,7,0.0,0.0,8974.94,0.0
2019-02-13,8,0.0,0.0,10207.545151,547.495313
2019-02-13,9,0.0,0.0,8261.818049,1384.006398
2019-02-13,10,0.0,0.0,10083.197705,556.271182
2019-02-13,11,0.0,0.0,8623.279378,1514.940628
2019-02-13,12,0.0,0.0,10488.886069,1843.92486
2019-02-13,13,0.0,0.0,11876.714576,1356.273539
2019-02-13,14,0.0,0.0,9527.666285,1917.324441
2019-02-13,15,0.0,0.0,9248.388494,1942.031506
2019-02-13,16,0.0,0.0,9904.817054,656.417064
2019-02-13,17,0.0,0.0,9032.047987,674.222232
2019-02-13,18,0.0,0.0,6914.975754,1242.938892
2019-02-13,19,0.0,0.0,6286.061542,946.058458
2019-02-13,20,0.0,0.0,6036.951297,1150.678703
2019-02-13,21,0.0,0.0,5895.936098,1594.323902
2019-02-13,22,0.0,0.0,7591.094483,1649.555517
2019-02-13,23,0.0,0.0,8014.779009,1667.760991
2019-02-14,0,0.0,0.0,8301.920525,1684.912799
2019-02-14,1,0.0,0.0,8173.142803,1592.777197
2019-02-14,2,0.0,0.0,7937.32629,1633.45371
2019-02-14,3,0.0,0.0,7757.991325,1600.350354
2019-02-14,4,0.0,0.0,6993.312542,1519.857458
2019-02-14,5,0.0,0.0,7972.90799,1593.84201
2019-02-14,6,0.0,0.0,8582.797369,1608.952631
2019-02-14,7,0.0,0.0,9285.826684,1505.293316
2019-02-14,8,0.0,0.0,9593.574347,1380.945653
2019-02-14,9,0.0,0.0,9011.944949,1428.775051
2019-02-14,10,0.0,0.0,8864.065388,561.485216
2019-02-14,11,0.0,0.0,8825.82388,1294.89612
2019-02-14,12,0.0,0.0,7033.909687,1822.223853
2019-02-14,13,0.0,0.0,7135.173005,1455.556995
2019-02-14,14,0.0,0.0,7148.07299,2005.44701
2019-02-14,15,0.0,0.0,7906.816532,1853.973468
2019-02-14,16,0.0,0.0,8699.72376,915.988166
2019-02-14,17,0.0,0.0,8181.354684,381.492338
2019-02-14,18,0.0,0.0,10953.807738,0.0
2019-02-14,19,0.0,0.0,10076.8,0.0
2019-02-14,20,0.0,0.0,10087.6233,0.0
2019-02-14,21,0.0,0.0,9779.426802,0.0
2019-02-14,22,0.0,0.0,9522.6933,0.0
2019-02-14,23,0.0,0.0,5906.38,0.0
2019-02-15,0,0.0,0.0,5491.87,0.0
2019-02-15,1,0.0,0.0,3774.21,0.0
2019-02-15,2,0.0,0.0,3176.32,0.0
2019-02-15,3,0.0,0.0,3283.59,0.0
2019-02-15,4,0.0,0.0,3504.52,0.0
2019-02-15,5,0.0,0.0,4337.13,0.0
2019-02-15,6,0.0,0.0,6463.86,0.0
2019-02-15,7,0.0,0.0,7385.63,0.0
2019-02-15,8,0.0,0.0,7481.62,0.0
2019-02-15,9,0.0,0.0,8317.21,0.0
2019-02-15,10,0.0,0.0,10655.851689,0.0
2019-02-15,11,0.0,0.0,10441.11,0.0
2019-02-15,12,0.0,0.0,8457.655821,250.544179
2019-02-15,13,0.0,0.0,8306.418018,783.95808
2019-02-15,14,0.0,0.0,8202.316575,835.783111
2019-02-15,15,0.0,0.0,8865.034664,746.345336
2019-02-15,16,0.0,0.0,8294.917042,819.562958
2019-02-15,17,0.0,0.0,8471.012668,21.457332
2019-02-15,18,0.0,0.0,10037.9485,0.0
2019-02-15,19,0.0,0.0,6824.613827,283.066173
2019-02-15,20,0.0,0.0,5907.896233,229.723767
2019-02-15,21,0.0,0.0,6343.113408,289.566592
2019-02-15,22,0.0,0.0,6268.4329,348.0671
2019-02-15,23,0.0,0.0,6054.542656,33.347344
2019-02-16,0,0.0,0.0,6493.765349,0.0
2019-02-16,1,0.0,0.0,4104.27,0.0
2019-02-16,2,0.0,0.0,4409.24,0.0
2019-02-16,3,0.0,0.0,5712.61,0.0
2019-02-16,4,0.0,0.0,6306.35544,77.26456
2019-02-16,5,0.0,0.0,5957.287504,0.0
2019-02-16,6,0.0,0.0,4224.79,0.0
2019-02-16,7,0.0,0.0,5464.58,0.0
2019-02-16,8,0.0,0.0,4298.217325,0.0
2019-02-16,9,0.0,0.0,4249.88,0.0
2019-02-16,10,0.0,0.0,6231.76,0.0
2019-02-16,11,0.0,0.0,7466.941014,0.0
2019-02-16,12,0.0,0.0,7003.39486,311.077006
2019-02-16,13,0.0,0.0,5158.043524,957.113495
2019-02-16,14,0.0,0.0,4524.752042,1012.035566
2019-02-16,15,0.0,0.0,6161.042499,931.095343
2019-02-16,16,0.0,0.0,7229.556185,572.171281
2019-02-16,17,0.0,0.0,7168.129831,0.0
2019-02-16,18,0.0,0.0,4916.4,0.0
2019-02-16,19,0.0,0.0,4468.4,0.0
2019-02-16,20,0.0,0.0,5184.711496,0.0
2019-02-16,21,0.0,0.0,5349.387971,0.0
2019-02-16,22,0.0,0.0,5817.17,0.0
2019-02-16,23,0.0,0.0,5410.61,0.0
2019-02-17,0,0.0,0.0,4644.207017,0.0
2019-02-17,1,0.0,0.0,4613.59,0.0
2019-02-17,2,0.0,0.0,4534.16,0.0
2019-02-17,3,0.0,0.0,3326.28,0.0
2019-02-17,4,0.0,0.0,3722.49,0.0
2019-02-17,5,0.0,0.0,3492.68,0.0
2019-02-17,6,0.0,0.0,4207.67,0.0
2019-02-17,7,0.0,0.0,5677.17,0.0
2019-02-17,8,0.0,0.0,4319.99,0.0
2019-02-17,9,0.0,0.0,4603.62,0.0
2019-02-17,10,0.0,0.0,6736.211344,0.0
2019-02-17,11,0.0,0.0,6499.027401,0.0
2019-02-17,12,0.0,0.0,6482.738881,1168.130672
2019-02-17,13,0.0,0.0,5966.721241,847.058197
2019-02-17,14,0.0,0.0,5060.790427,1414.319573
2019-02-17,15,0.0,0.0,4249.988644,825.593896
2019-02-17,16,0.0,0.0,4785.15,0.0
2019-02-17,17,0.0,0.0,6369.97,0.0
2019-02-17,18,0.0,0.0,3920.55,0.0
2019-02-17,19,0.0,0.0,5700.26,0.0
2019-02-17,20,0.0,0.0,4357.6,0.0
2019-02-17,21,0.0,0.0,5088.04,0.0
2019-02-17,22,0.0,0.0,5256.2333,0.0
2019-02-17,23,230.2597,0.0,3621.133,0.0
2019-02-18,0,0.0,0.0,5693.67,0.0
2019-02-18,1,0.0,0.0,7227.757334,244.005966
2019-02-18,2,0.0,0.0,5145.676433,299.080015
2019-02-18,3,0.0,0.0,4742.155713,258.814287
2019-02-18,4,0.0,0.0,4652.740959,183.669041
2019-02-18,5,0.0,0.0,4988.125465,408.834535
2019-02-18,6,0.0,0.0,5230.825723,677.624277
2019-02-18,7,0.0,0.0,6431.055517,857.794483
2019-02-18,8,0.0,0.0,6013.650756,1333.419244
2019-02-18,9,0.0,0.0,6039.876395,1395.730305
2019-02-18,10,0.0,0.0,6699.798825,532.469598
2019-02-18,11,0.0,0.0,8754.319024,1483.049186
2019-02-18,12,0.0,0.0,7431.864304,2266.13551
2019-02-18,13,0.0,0.0,7333.574721,1828.435279
2019-02-18,14,0.0,0.0,7679.134072,2529.975928
2019-02-18,15,0.0,0.0,8852.834918,2438.365082
2019-02-18,16,0.0,0.0,11302.248798,1472.652574
2019-02-18,17,0.0,0.0,8790.692622,1513.21127
2019-02-18,18,0.0,0.0,7485.38235,1206.45435
2019-02-18,19,0.0,0.0,7103.686502,909.263498
2019-02-18,20,0.0,0.0,7351.843937,1064.964416
2019-02-18,21,0.0,0.0,7558.300182,1478.713118
2019-02-18,22,0.0,0.0,5738.631986,1287.998014
2019-02-18,23,0.0,0.0,6039.800358,1069.682886
2019-02-19,0,0.0,0.0,5289.469566,759.230434
2019-02-19,1,0.0,0.0,5297.129214,411.340786
2019-02-19,2,0.0,0.0,5278.415745,457.954255
2019-02-19,3,0.0,0.0,4979.069772,460.340228
2019-02-19,4,0.0,0.0,4339.80914,427.20086
2019-02-19,5,0.0,0.0,4525.25982,374.20018
2019-02-19,6,0.0,0.0,4798.633239,331.166761
2019-02-19,7,0.0,0.0,4838.819509,320.210491
2019-02-19,8,0.0,0.0,6659.110484,0.0
2019-02-19,9,0.0,0.0,4856.55,0.0
2019-02-19,10,0.0,0.0,4799.0,0.0
2019-02-19,11,0.0,0.0,5654.89,0.0
2019-02-19,12,0.0,0.0,8275.907666,0.0
2019-02-19,13,0.0,0.0,5642.862254,351.687746
2019-02-19,14,0.0,0.0,5495.299877,103.670123
2019-02-19,15,0.0,0.0,7301.22,0.0
2019-02-19,16,0.0,0.0,6459.23,0.0
2019-02-19,17,0.0,0.0,5002.55,0.0
2019-02-19,18,0.0,0.0,5439.18,0.0
2019-02-19,19,0.0,0.0,5831.007522,0.0
2019-02-19,20,0.0,0.0,5069.16,0.0
2019-02-19,21,0.0,0.0,7044.76,0.0
2019-02-19,22,0.0,0.0,5059.45,0.0
2019-02-19,23,0.0,0.0,4966.1,0.0
2019-02-20,0,0.0,0.0,6413.80995,0.0
2019-02-20,1,0.0,0.0,7652.28,0.0
2019-02-20,2,0.0,0.0,7703.71,0.0
2019-02-20,3,0.0,0.0,7513.51,0.0
2019-02-20,4,0.0,0.0,7521.16,0.0
2019-02-20,5,0.0,0.0,9694.83,0.0
2019-02-20,6,0.0,0.0,11565.64,0.0
2019-02-20,7,0.0,0.0,9980.58222,0.0
2019-02-20,8,0.0,0.0,9553.15409,0.0
2019-02-20,9,0.0,0.0,9506.694654,699.592046
2019-02-20,10,0.0,0.0,11801.699843,380.710157
2019-02-20,11,0.0,0.0,13625.667287,1033.364292
2019-02-20,12,0.0,0.0,12578.729432,1269.201468
2019-02-20,13,0.0,0.0,12422.465952,931.454048
2019-02-20,14,0.0,0.0,11114.498382,1104.487327
2019-02-20,15,0.0,0.0,10308.328035,918.039216
2019-02-20,16,0.0,0.0,10864.086032,447.203968
2019-02-20,17,0.0,0.0,10679.094208,0.0
2019-02-20,18,0.0,0.0,11227.31,0.0
2019-02-20,19,0.0,0.0,11145.0,0.0
2019-02-20,20,0.0,0.0,13984.83,0.0
2019-02-20,21,0.0,0.0,11801.914024,0.0
2019-02-20,22,0.0,0.0,12076.7067,0.0
2019-02-20,23,0.0,0.0,8192.21,0.0
2019-02-21,0,0.0,0.0,6632.67571,0.0
2019-02-21,1,0.0,0.0,5911.76,0.0
2019-02-21,2,0.0,0.0,5628.64,0.0
2019-02-21,3,0.0,0.0,5944.14,0.0
2019-02-21,4,0.0,0.0,7019.1,0.0
2019-02-21,5,0.0,0.0,6778.06,0.0
2019-02-21,6,0.0,0.0,7296.28,0.0
2019-02-21,7,0.0,0.0,7915.07,0.0
2019-02-21,8,0.0,0.0,10162.595627,0.0
2019-02-21,9,0.0,0.0,11874.3,0.0
2019-02-21,10,0.0,0.0,10160.78,0.0
2019-02-21,11,0.0,0.0,11203.408813,1322.851187
2019-02-21,12,0.0,0.0,11730.157672,1721.272328
2019-02-21,13,0.0,0.0,12590.223691,1848.126309
2019-02-21,14,0.0,0.0,12881.293579,2417.147219
2019-02-21,15,0.0,0.0,12786.636175,2213.603825
2019-02-21,16,0.0,0.0,13759.299897,1205.608895
2019-02-21,17,0.0,0.0,11292.931191,1549.382109
2019-02-21,18,0.0,0.0,10868.568741,1259.287661
2019-02-21,19,0.0,0.0,8351.040143,926.799857
2019-02-21,20,0.0,0.0,8962.22858,1082.53142
2019-02-21,21,0.0,0.0,9354.899154,768.518473
2019-02-21,22,0.0,0.0,9746.469579,0.0
2019-02-21,23,0.0,0.0,6300.4366,0.0
2019-02-22,0,0.0,0.0,5024.896309,1.132111
2019-02-22,1,0.0,0.0,5331.41,0.0
2019-02-22,2,0.0,0.0,3699.13,0.0
2019-02-22,3,0.0,0.0,3529.65,0.0
2019-02-22,4,0.0,0.0,4302.537071,28.052929
2019-02-22,5,0.0,0.0,6231.064153,0.0
2019-02-22,6,0.0,0.0,4753.86,0.0
2019-02-22,7,0.0,0.0,5014.53,0.0
2019-02-22,8,0.0,0.0,4223.92,0.0
2019-02-22,9,0.0,0.0,4244.02,0.0
2019-02-22,10,0.0,0.0,5559.1067,0.0
2019-02-22,11,0.0,0.0,5651.27,0.0
2019-02-22,12,0.0,0.0,8086.062382,0.0
2019-02-22,13,0.0,0.0,7604.019086,200.165713
2019-02-22,14,0.0,0.0,4758.575057,401.483506
2019-02-22,15,0.0,0.0,5579.289429,366.345254
2019-02-22,16,0.0,0.0,4640.216576,190.703424
2019-02-22,17,0.0,0.0,6340.958212,586.481788
2019-02-22,18,0.0,0.0,8776.032569,552.858793
2019-02-22,19,0.0,0.0,5343.564725,517.866676
2019-02-22,20,0.0,0.0,7429.624992,0.0
2019-02-22,21,0.0,0.0,4968.396393,0.0
2019-02-22,22,0.0,0.0,3974.56,0.0
2019-02-22,23,0.0,0.0,6393.4867,0.0
2019-02-23,0,0.0,0.0,6354.965274,334.106328
2019-02-23,1,0.0,0.0,6729.211179,1009.298821
2019-02-23,2,0.0,0.0,7330.221026,662.585548
2019-02-23,3,0.0,0.0,6765.286054,984.233946
2019-02-23,4,0.0,0.0,6591.739441,1335.560559
2019-02-23,5,0.0,0.0,7280.51472,1487.84528
2019-02-23,6,0.0,0.0,6866.521394,1124.228606
2019-02-23,7,0.0,0.0,6852.970134,278.719866
2019-02-23,8,0.0,0.0,6276.524917,394.905083
2019-02-23,9,0.0,0.0,7248.877122,464.632878
2019-02-23,10,0.0,0.0,11200.215622,0.0
2019-02-23,11,0.0,0.0,9672.93,0.0
2019-02-23,12,0.0,0.0,11123.107734,30.685566
2019-02-23,13,0.0,0.0,12520.810735,133.759265
2019-02-23,14,0.0,0.0,10322.5912,356.2488
2019-02-23,15,0.0,0.0,8277.435927,493.604073
2019-02-23,16,0.0,0.0,8491.901355,810.298645
2019-02-23,17,0.0,0.0,9876.80357,76.026756
2019-02-23,18,0.0,0.0,10435.349178,784.35646
2019-02-23,19,0.0,0.0,9439.267773,419.643774
2019-02-23,20,0.0,0.0,7331.875387,1075.208727
2019-02-23,21,0.0,0.0,9555.241672,1347.218328
2019-02-23,22,0.0,0.0,9910.58883,0.0
2019-02-23,23,0.0,0.0,5800.55,0.0
2019-02-24,0,0.0,0.0,3961.16,0.0
2019-02-24,1,0.0,0.0,4208.0,0.0
2019-02-24,2,0.0,0.0,4237.3,0.0
2019-02-24,3,0.0,0.0,4291.75,0.0
2019-02-24,4,0.0,0.0,4373.55,0.0
2019-02-24,5,0.0,0.0,4563.11,0.0
2019-02-24,6,0.0,0.0,5217.25,0.0
2019-02-24,7,0.0,0.0,5498.75,0.0
2019-02-24,8,0.0,0.0,4706.75,0.0
2019-02-24,9,0.0,0.0,5166.99,0.0
2019-02-24,10,0.0,0.0,7127.06,0.0
2019-02-24,11,0.0,0.0,9969.016653,0.0
2019-02-24,12,0.0,0.0,8723.927312,102.722688
2019-02-24,13,0.0,0.0,7454.755154,887.268132
2019-02-24,14,0.0,0.0,5662.312516,1130.946047
2019-02-24,15,0.0,0.0,4853.5117,1188.003595
2019-02-24,16,0.0,0.0,5755.598493,942.211507
2019-02-24,17,0.0,0.0,5927.43033,322.35297
2019-02-24,18,0.0,0.0,6701.829096,0.0
2019-02-24,19,0.0,0.0,6703.842396,0.0
2019-02-24,20,0.0,0.0,4763.58,0.0
2019-02-24,21,0.0,0.0,5275.3433,0.0
2019-02-24,22,0.0,0.0,4942.08,0.0
2019-02-24,23,0.0,0.0,5860.76,0.0
2019-02-25,0,0.0,0.0,6482.49,0.0
2019-02-25,1,0.0,0.0,7528.67,0.0
2019-02-25,2,0.0,0.0,7122.38,0.0
2019-02-25,3,0.0,0.0,6696.93,0.0
2019-02-25,4,0.0,0.0,7299.65,0.0
2019-02-25,5,0.0,0.0,9479.81,0.0
2019-02-25,6,0.0,0.0,11005.91,0.0
2019-02-25,7,0.0,0.0,11797.01,0.0
2019-02-25,8,0.0,0.0,11547.18848,0.0
2019-02-25,9,0.0,0.0,13039.6467,0.0
2019-02-25,10,0.0,0.0,13951.7967,0.0
2019-02-25,11,0.0,0.0,14197.499565,1067.710435
2019-02-25,12,0.0,0.0,12197.638197,1942.671803
2019-02-25,13,0.0,0.0,13222.476537,1947.503463
2019-02-25,14,0.0,0.0,11319.339147,2790.270853
2019-02-25,15,0.0,0.0,11181.264234,2829.920553
2019-02-25,16,0.0,0.0,11567.181533,1932.781182
2019-02-25,17,0.0,0.0,12395.304437,1733.878863
2019-02-25,18,0.0,0.0,12794.678309,1362.941691
2019-02-25,19,0.0,0.0,14737.445403,990.456161
2019-02-25,20,0.0,0.0,10274.086109,713.133891
2019-02-25,21,0.0,0.0,10817.380784,741.905224
2019-02-25,22,0.0,0.0,11207.929035,406.200965
2019-02-25,23,0.0,0.0,9711.87067,217.418229
2019-02-26,0,0.0,0.0,8058.58726,73.521119
2019-02-26,1,0.0,0.0,5615.144448,0.0
2019-02-26,2,0.0,0.0,6058.17,0.0
2019-02-26,3,0.0,0.0,5765.65,0.0
2019-02-26,4,0.0,0.0,5898.41,0.0
2019-02-26,5,0.0,0.0,5026.57,0.0
2019-02-26,6,0.0,0.0,5775.5,0.0
2019-02-26,7,0.0,0.0,5666.84,0.0
2019-02-26,8,0.0,0.0,5552.714242,0.0
2019-02-26,9,0.0,0.0,5716.44,0.0
2019-02-26,10,0.0,0.0,6517.3467,0.0
2019-02-26,11,0.0,0.0,8138.50226,591.37774
2019-02-26,12,0.0,0.0,9363.957475,1316.055825
2019-02-26,13,0.0,0.0,10553.104751,795.923477
2019-02-26,14,0.0,0.0,9182.87327,1489.126464
2019-02-26,15,0.0,0.0,7288.728129,1445.241871
2019-02-26,16,0.0,0.0,7429.052595,757.981984
2019-02-26,17,0.0,0.0,5747.716486,967.870214
2019-02-26,18,0.0,0.0,5892.652184,378.027816
2019-02-26,19,0.0,0.0,7089.418346,0.0
2019-02-26,20,0.0,0.0,5913.35,0.0
2019-02-26,21,0.0,0.0,7509.95,0.0
2019-02-26,22,0.0,0.0,6536.636789,0.0
2019-02-26,23,0.0,0.0,5129.27,0.0
2019-02-27,0,0.0,0.0,5207.459283,0.0
2019-02-27,1,0.0,0.0,5063.76,0.0
2019-02-27,2,0.0,0.0,4882.561212,0.0
2019-02-27,3,0.0,0.0,4285.79,0.0
2019-02-27,4,0.0,0.0,3824.47,0.0
2019-02-27,5,0.0,0.0,4284.72,0.0
2019-02-27,6,0.0,0.0,5160.14,0.0
2019-02-27,7,0.0,0.0,6499.67,0.0
2019-02-27,8,0.0,0.0,7110.48,0.0
2019-02-27,9,0.0,0.0,7333.2,0.0
2019-02-27,10,0.0,0.0,7024.4067,0.0
2019-02-27,11,0.0,0.0,4729.84,0.0
2019-02-27,12,0.0,0.0,5418.16,0.0
2019-02-27,13,0.0,0.0,5937.59,0.0
2019-02-27,14,0.0,0.0,7107.39,0.0
2019-02-27,15,0.0,0.0,6704.528284,0.0
2019-02-27,16,0.0,0.0,5322.5967,0.0
2019-02-27,17,0.0,0.0,6475.95,0.0
2019-02-27,18,0.0,0.0,6958.94,0.0
2019-02-27,19,0.0,0.0,5640.72,0.0
2019-02-27,20,0.0,0.0,5327.387237,128.792763
2019-02-27,21,0.0,0.0,6063.835567,282.596242
2019-02-27,22,0.0,0.0,6172.204765,704.755235
2019-02-27,23,0.0,0.0,5093.795024,690.544976
2019-02-28,0,0.0,0.0,4760.76099,708.361659
2019-02-28,1,0.0,0.0,3676.193788,695.929512
2019-02-28,2,0.0,0.0,4515.564914,582.685086
2019-02-28,3,0.0,0.0,4289.089457,456.920543
2019-02-28,4,0.0,0.0,4431.398454,336.911546
2019-02-28,5,0.0,0.0,3967.713,306.067506
2019-02-28,6,0.0,0.0,4394.410251,218.919749
2019-02-28,7,0.0,0.0,6909.739609,0.0
2019-02-28,8,0.0,0.0,4734.07,0.0
2019-02-28,9,0.0,0.0,5400.52,0.0
2019-02-28,10,0.0,0.0,5834.054713,0.0
2019-02-28,11,0.0,0.0,5329.9667,0.0
2019-02-28,12,0.0,0.0,8124.41,0.0
2019-02-28,13,0.0,0.0,7934.941418,110.286503
2019-02-28,14,0.0,0.0,6777.396665,319.043335
2019-02-28,15,0.0,0.0,5485.956365,209.503948
2019-02-28,16,0.0,0.0,6232.212543,0.0
2019-02-28,17,0.0,0.0,6247.63,0.0
2019-02-28,18,0.0,0.0,4798.72,0.0
2019-02-28,19,0.0,0.0,4868.71,0.0
2019-02-28,20,0.0,0.0,4775.75,0.0
2019-02-28,21,0.0,0.0,6415.12,0.0
2019-02-28,22,0.0,0.0,5112.66953,0.0
2019-02-28,23,0.0,0.0,4754.3,0.0
2019-03-01,0,0.0,0.0,6053.42,0.0
2019-03-01,1,0.0,0.0,7105.01,0.0
2019-03-01,2,0.0,0.0,6471.58,0.0
2019-03-01,3,0.0,0.0,6138.72,0.0
2019-03-01,4,0.0,0.0,6459.11,0.0
2019-03-01,5,0.0,0.0,8963.89,0.0
2019-03-01,6,0.0,0.0,11159.42,0.0
2019-03-01,7,0.0,0.0,10630.11,0.0
2019-03-01,8,0.0,0.0,10252.2,0.0
2019-03-01,9,0.0,0.0,8506.23,0.0
2019-03-01,10,0.0,0.0,9864.0033,0.0
2019-03-01,11,0.0,0.0,12809.022672,44.057328
2019-03-01,12,0.0,0.0,12017.931307,609.497107
2019-03-01,13,0.0,0.0,12203.325945,1268.32016
2019-03-01,14,0.0,0.0,12781.31912,1332.47088
2019-03-01,15,0.0,0.0,12920.010903,1202.039097
2019-03-01,16,0.0,0.0,13399.808252,719.624109
2019-03-01,17,0.0,0.0,13906.829073,60.950927
2019-03-01,18,0.0,0.0,13661.792832,0.0
2019-03-01,19,0.0,0.0,12896.17,0.0
2019-03-01,20,0.0,0.0,10990.58,0.0
2019-03-01,21,0.0,0.0,9668.017024,0.0
2019-03-01,22,0.0,0.0,9082.1,0.0
2019-03-01,23,0.0,0.0,7986.386235,0.0
2019-03-02,0,0.0,0.0,8106.94,0.0
2019-03-02,1,0.0,0.0,4433.573181,98.076819
2019-03-02,2,0.0,0.0,4335.3583,368.6717
2019-03-02,3,0.0,0.0,4582.72909,566.194851
2019-03-02,4,0.0,0.0,4549.016691,582.693309
2019-03-02,5,0.0,0.0,4340.826315,150.597337
2019-03-02,6,0.0,0.0,5304.76,0.0
2019-03-02,7,0.0,0.0,4202.66,0.0
2019-03-02,8,0.0,0.0,5073.08,0.0
2019-03-02,9,0.0,0.0,4771.76,0.0
2019-03-02,10,0.0,0.0,4658.8,0.0
2019-03-02,11,0.0,0.0,4500.51,0.0
2019-03-02,12,0.0,0.0,4158.91,0.0
2019-03-02,13,0.0,0.0,4924.490841,0.0
2019-03-02,14,0.0,0.0,4945.537779,0.0
2019-03-02,15,0.0,0.0,4658.687813,0.0
2019-03-02,16,0.0,0.0,4792.3,0.0
2019-03-02,17,0.0,0.0,4104.806,0.0
2019-03-02,18,0.0,0.0,4445.71,0.0
2019-03-02,19,0.0,0.0,5223.9467,0.0
2019-03-02,20,0.0,0.0,7252.874001,0.0
2019-03-02,21,0.0,0.0,6363.29656,761.223689
2019-03-02,22,0.0,0.0,4567.346916,1286.643084
2019-03-02,23,0.0,0.0,3856.177316,901.307701
2019-03-03,0,0.0,0.0,4961.085547,613.454453
2019-03-03,1,0.0,0.0,7044.094963,424.805037
2019-03-03,2,0.0,0.0,5908.585466,519.244534
2019-03-03,3,0.0,0.0,5972.743669,894.126331
2019-03-03,4,0.0,0.0,6994.34903,1268.30097
2019-03-03,5,0.0,0.0,7024.458458,1424.361542
2019-03-03,6,0.0,0.0,7281.287723,1525.732205
2019-03-03,7,0.0,0.0,6906.809468,1433.050532
2019-03-03,8,0.0,0.0,6862.44573,1295.81427
2019-03-03,9,0.0,0.0,7703.28205,1407.042056
2019-03-03,10,0.0,0.0,10224.116555,531.916942
2019-03-03,11,0.0,0.0,13329.692665,1540.207335
2019-03-03,12,0.0,0.0,11055.68465,2471.67535
2019-03-03,13,0.0,0.0,12137.703589,2166.236411
2019-03-03,14,0.0,0.0,10021.369899,2853.159572
2019-03-03,15,0.0,0.0,9428.52623,2796.992752
2019-03-03,16,0.0,0.0,8815.786383,1772.533617
2019-03-03,17,0.0,0.0,7462.714034,1656.295966
2019-03-03,18,0.0,0.0,7790.010319,1276.200327
2019-03-03,19,0.0,0.0,8594.806206,1014.543794
2019-03-03,20,0.0,0.0,7985.847545,1147.390619
2019-03-03,21,0.0,0.0,9925.128125,1517.875917
2019-03-03,22,0.0,0.0,5560.005482,1531.144518
2019-03-03,23,0.0,0.0,4940.57176,1487.87824
2019-03-04,0,0.0,0.0,4996.237721,1409.272279
2019-03-04,1,0.0,0.0,4993.044342,1199.507139
2019-03-04,2,0.0,0.0,5561.255802,1223.992843
2019-03-04,3,0.0,0.0,4738.292784,1199.397216
2019-03-04,4,0.0,0.0,5043.170872,1151.599128
2019-03-04,5,0.0,0.0,6048.772901,1101.337099
2019-03-04,6,0.0,0.0,5825.183111,966.056889
2019-03-04,7,0.0,0.0,6497.289695,746.680305
2019-03-04,8,0.0,0.0,6237.078279,569.301721
2019-03-04,9,0.0,0.0,6629.021738,576.268262
2019-03-04,10,0.0,0.0,6405.899558,0.0
2019-03-04,11,0.0,0.0,6068.45499,332.14501
2019-03-04,12,0.0,0.0,7210.907225,518.252775
2019-03-04,13,0.0,0.0,8694.48,0.0
2019-03-04,14,0.0,0.0,7309.476549,257.723451
2019-03-04,15,0.0,0.0,6792.885308,237.363028
2019-03-04,16,0.0,0.0,6315.053055,214.186945
2019-03-04,17,0.0,0.0,7135.23,0.0
2019-03-04,18,0.0,0.0,8166.244855,0.0
2019-03-04,19,0.0,0.0,5912.34,0.0
2019-03-04,20,0.0,0.0,5963.33,0.0
2019-03-04,21,0.0,0.0,6357.52,0.0
2019-03-04,22,0.0,0.0,6698.238522,0.0
2019-03-04,23,0.0,0.0,5534.52,0.0
2019-03-05,0,0.0,0.0,6184.32,0.0
2019-03-05,1,0.0,0.0,7034.13,0.0
2019-03-05,2,0.0,0.0,7391.25,0.0
2019-03-05,3,0.0,0.0,8980.87,0.0
2019-03-05,4,0.0,0.0,9488.62,0.0
2019-03-05,5,0.0,0.0,9159.75,0.0
2019-03-05,6,0.0,0.0,7652.32,0.0
2019-03-05,7,0.0,0.0,7408.86,0.0
2019-03-05,8,0.0,0.0,9690.76,0.0
2019-03-05,9,0.0,0.0,10623.83,0.0
2019-03-05,10,0.0,0.0,14734.75,0.0
2019-03-05,11,0.0,0.0,13037.317432,10.545566
2019-03-05,12,0.0,0.0,10543.316717,171.813283
2019-03-05,13,0.0,0.0,10782.637801,854.322199
2019-03-05,14,0.0,0.0,9591.907356,1183.831158
2019-03-05,15,0.0,0.0,8923.920399,1183.327277
2019-03-05,16,0.0,0.0,9274.486162,648.323838
2019-03-05,17,0.0,0.0,10333.25104,158.78896
2019-03-05,18,0.0,0.0,12318.3733,0.0
2019-03-05,19,0.0,0.0,13455.5467,0.0
2019-03-05,20,0.0,0.0,9566.38,0.0
2019-03-05,21,0.0,0.0,8848.93,0.0
2019-03-05,22,0.0,0.0,9269.06,0.0
2019-03-05,23,0.0,0.0,8356.25,0.0
2019-03-06,0,0.0,0.0,9179.524128,0.0
2019-03-06,1,0.0,0.0,9627.88,0.0
2019-03-06,2,0.0,0.0,9051.88,0.0
2019-03-06,3,0.0,0.0,9082.93,0.0
2019-03-06,4,0.0,0.0,9624.01,0.0
2019-03-06,5,0.0,0.0,8104.24,0.0
2019-03-06,6,0.0,0.0,7772.93,0.0
2019-03-06,7,0.0,0.0,8478.98,0.0
2019-03-06,8,0.0,0.0,10323.173348,0.0
2019-03-06,9,0.0,0.0,9843.39294,0.0
2019-03-06,10,0.0,0.0,12198.684816,0.0
2019-03-06,11,0.0,0.0,11645.164663,1511.407749
2019-03-06,12,0.0,0.0,10867.949397,1941.490603
2019-03-06,13,0.0,0.0,10973.4203,1668.300347
2019-03-06,14,0.0,0.0,10301.479634,2341.109095
2019-03-06,15,0.0,0.0,9909.723352,2307.428229
2019-03-06,16,0.0,0.0,9495.199719,1264.890281
2019-03-06,17,0.0,0.0,9576.26773,1840.24227
2019-03-06,18,0.0,0.0,9612.460555,1313.209445
2019-03-06,19,0.0,0.0,8456.561191,979.638809
2019-03-06,20,0.0,0.0,7430.945411,1118.175998
2019-03-06,21,0.0,0.0,7395.497382,1556.067136
2019-03-06,22,0.0,0.0,8787.69233,729.94767
2019-03-06,23,0.0,0.0,11430.024942,905.765058
2019-03-07,0,0.0,0.0,11076.938655,1055.652967
2019-03-07,1,0.0,0.0,10514.300708,1122.589292
2019-03-07,2,0.0,0.0,10603.434767,1213.665233
2019-03-07,3,0.0,0.0,10610.321544,1234.448456
2019-03-07,4,0.0,0.0,8856.26432,1142.94568
2019-03-07,5,0.0,0.0,8225.765369,889.344631
2019-03-07,6,0.0,0.0,7470.156273,657.563727
2019-03-07,7,0.0,0.0,8686.52949,434.44051
2019-03-07,8,0.0,0.0,9453.064184,436.085816
2019-03-07,9,0.0,0.0,10172.179965,878.315144
2019-03-07,10,0.0,0.0,8066.039324,3.952524
2019-03-07,11,0.0,0.0,9165.482589,903.777411
2019-03-07,12,0.0,0.0,9908.404947,989.815053
2019-03-07,13,0.0,0.0,9363.272429,516.716318
2019-03-07,14,0.0,0.0,9686.431475,1106.046171
2019-03-07,15,0.0,0.0,9514.390197,1456.139803
2019-03-07,16,0.0,0.0,10237.197325,999.483477
2019-03-07,17,0.0,0.0,9128.285731,905.97905
2019-03-07,18,0.0,0.0,8979.644025,335.460848
2019-03-07,19,0.0,0.0,7141.81,0.0
2019-03-07,20,0.0,0.0,7144.596147,601.100342
2019-03-07,21,0.0,0.0,8042.093812,1015.519666
2019-03-07,22,0.0,0.0,8729.642127,1020.307873
2019-03-07,23,0.0,0.0,6221.578096,983.071293
2019-03-08,0,0.0,0.0,3907.7461,956.9839
2019-03-08,1,0.0,0.0,3689.934557,874.415443
2019-03-08,2,0.0,0.0,3755.158595,863.951405
2019-03-08,3,0.0,0.0,4272.959722,835.810278
2019-03-08,4,0.0,0.0,4329.112737,808.107263
2019-03-08,5,0.0,0.0,4835.619629,807.390371
2019-03-08,6,0.0,0.0,4834.48,0.0
2019-03-08,7,0.0,0.0,5212.766679,0.0
2019-03-08,8,0.0,0.0,4219.04,0.0
2019-03-08,9,0.0,0.0,4072.22,0.0
2019-03-08,10,0.0,0.0,4226.02,0.0
2019-03-08,11,0.0,0.0,4628.0,0.0
2019-03-08,12,0.0,0.0,6114.883547,49.756453
2019-03-08,13,0.0,0.0,6200.73,0.0
2019-03-08,14,0.0,0.0,5171.18601,155.554977
2019-03-08,15,0.0,0.0,5238.621971,232.940142
2019-03-08,16,0.0,0.0,6877.085471,14.304529
2019-03-08,17,0.0,0.0,5828.088338,144.241396
2019-03-08,18,0.0,0.0,7024.993574,195.413368
2019-03-08,19,0.0,0.0,4986.073673,327.166327
2019-03-08,20,0.0,0.0,5740.390369,235.171671
2019-03-08,21,0.0,0.0,6499.069607,583.413131
2019-03-08,22,0.0,0.0,5797.279151,543.999882
2019-03-08,23,0.0,0.0,5759.179293,1190.180707
2019-03-09,0,0.0,0.0,6715.213872,1324.056525
2019-03-09,1,0.0,0.0,5190.181828,1241.428172
2019-03-09,2,0.0,0.0,5727.170656,1261.109344
2019-03-09,3,0.0,0.0,6863.9,0.0
2019-03-09,4,0.0,0.0,6004.0,0.0
2019-03-09,5,0.0,0.0,8705.213493,1248.276507
2019-03-09,6,0.0,0.0,8186.862867,1173.747133
2019-03-09,7,0.0,0.0,7289.614237,418.225763
2019-03-09,8,0.0,0.0,6512.247505,316.472495
2019-03-09,9,0.0,0.0,6920.79,0.0
2019-03-09,10,0.0,0.0,10828.580811,0.0
2019-03-09,11,0.0,0.0,12757.144445,220.885555
2019-03-09,12,0.0,0.0,11663.371693,3041.129478
2019-03-09,13,0.0,0.0,8671.285309,2690.582283
2019-03-09,14,0.0,0.0,6896.40235,3394.32765
2019-03-09,15,0.0,0.0,7526.574971,3256.859777
2019-03-09,16,0.0,0.0,9447.257096,2216.682904
2019-03-09,17,0.0,0.0,11322.554998,1999.185002
2019-03-09,18,0.0,0.0,10834.813212,0.0
2019-03-09,19,0.0,0.0,10056.70872,0.0
2019-03-09,20,0.0,0.0,8301.6,0.0
2019-03-09,21,0.0,0.0,8773.43,0.0
2019-03-09,22,0.0,0.0,8499.71,0.0
2019-03-09,23,0.0,0.0,5559.53,0.0
2019-03-10,0,0.0,0.0,5731.9933,0.0
2019-03-10,1,0.0,0.0,4821.92,0.0
2019-03-10,2,0.0,0.0,5467.69,0.0
2019-03-10,3,0.0,0.0,5208.8,0.0
2019-03-10,4,0.0,0.0,4994.049604,0.0
2019-03-10,5,0.0,0.0,4510.08,0.0
2019-03-10,6,0.0,0.0,5315.25,0.0
2019-03-10,7,0.0,0.0,6257.392094,15.057906
2019-03-10,8,0.0,0.0,5218.820899,385.939101
2019-03-10,9,0.0,0.0,5018.298258,698.021742
2019-03-10,10,0.0,0.0,5605.000976,106.79305
2019-03-10,11,0.0,0.0,5799.886994,1308.433006
2019-03-10,12,0.0,0.0,5594.295372,1482.925565
2019-03-10,13,0.0,0.0,6397.182656,627.107344
2019-03-10,14,0.0,0.0,5325.200677,1231.200023
2019-03-10,15,0.0,0.0,6653.917043,1445.917169
2019-03-10,16,0.0,0.0,6612.651152,987.400747
2019-03-10,17,0.0,0.0,6160.519821,875.124985
2019-03-10,18,0.0,0.0,7265.240612,250.299388
2019-03-10,19,0.0,0.0,6919.533105,0.0
2019-03-10,20,0.0,0.0,7289.390967,0.0
2019-03-10,21,0.0,0.0,4662.265181,0.0
2019-03-10,22,0.0,0.0,3835.039552,0.0
2019-03-10,23,0.0,0.0,3754.61,0.0
2019-03-11,0,0.0,0.0,3644.31,0.0
2019-03-11,1,0.0,0.0,3985.44,0.0
2019-03-11,2,0.0,0.0,4392.09,0.0
2019-03-11,3,0.0,0.0,3835.14,0.0
2019-03-11,4,0.0,0.0,4646.83,0.0
2019-03-11,5,0.0,0.0,6489.48,0.0
2019-03-11,6,0.0,0.0,6333.53,0.0
2019-03-11,7,0.0,0.0,8138.96,0.0
2019-03-11,8,0.0,0.0,8200.45,0.0
2019-03-11,9,0.0,0.0,9235.432441,0.0
2019-03-11,10,0.0,0.0,10500.25,0.0
2019-03-11,11,0.0,0.0,9011.87,0.0
2019-03-11,12,0.0,0.0,11452.076933,0.0
2019-03-11,13,0.0,0.0,11502.819876,296.250124
2019-03-11,14,0.0,0.0,11291.900793,755.273512
2019-03-11,15,0.0,0.0,7388.998689,813.668451
2019-03-11,16,0.0,0.0,6046.337344,491.312656
2019-03-11,17,0.0,0.0,6419.208038,893.621325
2019-03-11,18,0.0,0.0,6561.394978,1006.706852
2019-03-11,19,0.0,0.0,5015.507382,979.762618
2019-03-11,20,0.0,0.0,5864.124545,194.853764
2019-03-11,21,0.0,0.0,7664.602725,0.0
2019-03-11,22,0.0,0.0,6233.1267,0.0
2019-03-11,23,0.0,0.0,4349.98,0.0
2019-03-12,0,0.0,0.0,4508.000207,0.0
2019-03-12,1,0.0,0.0,4202.25,0.0
2019-03-12,2,0.0,0.0,3907.16,0.0
2019-03-12,3,0.0,0.0,3956.63,0.0
2019-03-12,4,0.0,0.0,4851.32,0.0
2019-03-12,5,0.0,0.0,7223.59,0.0
2019-03-12,6,0.0,0.0,8745.432684,0.0
2019-03-12,7,0.0,0.0,9895.91,0.0
2019-03-12,8,0.0,0.0,9794.626216,0.0
2019-03-12,9,0.0,0.0,9638.686812,353.696488
2019-03-12,10,0.0,0.0,8977.507855,174.322145
2019-03-12,11,0.0,0.0,12377.788737,901.411263
2019-03-12,12,0.0,0.0,11740.276696,1710.88188
2019-03-12,13,0.0,0.0,10420.217995,1279.135305
2019-03-12,14,0.0,0.0,10058.33245,2124.205491
2019-03-12,15,0.0,0.0,11974.22669,1948.05331
2019-03-12,16,0.0,0.0,10095.842513,588.187487
2019-03-12,17,0.0,0.0,11205.130554,1095.019446
2019-03-12,18,0.0,0.0,9809.953068,656.076932
2019-03-12,19,0.0,0.0,9740.223771,135.276229
2019-03-12,20,0.0,0.0,10445.432178,308.017822
2019-03-12,21,0.0,0.0,9696.572079,0.0
2019-03-12,22,0.0,0.0,7049.790349,0.0
2019-03-12,23,0.0,0.0,5607.32,0.0
2019-03-13,0,0.0,0.0,9967.949073,967.064227
2019-03-13,1,0.0,0.0,5970.241129,576.522366
2019-03-13,2,0.0,0.0,7502.472788,1740.267212
2019-03-13,3,0.0,0.0,6192.872345,1648.787655
2019-03-13,4,0.0,0.0,5972.52541,1455.67459
2019-03-13,5,0.0,0.0,7593.31809,1518.80191
2019-03-13,6,0.0,0.0,9453.798172,730.441828
2019-03-13,7,0.0,0.0,9469.770742,0.0
2019-03-13,8,0.0,0.0,7544.08,0.0
2019-03-13,9,0.0,0.0,8750.19,0.0
2019-03-13,10,0.0,0.0,8434.2767,0.0
2019-03-13,11,0.0,0.0,10484.735942,153.219318
2019-03-13,12,0.0,0.0,9523.257273,3.642727
2019-03-13,13,0.0,0.0,10857.1093,467.6607
2019-03-13,14,0.0,0.0,10607.641955,677.808045
2019-03-13,15,0.0,0.0,10711.113201,565.076799
2019-03-13,16,0.0,0.0,11431.412689,65.707311
2019-03-13,17,0.0,0.0,10797.74902,0.0
2019-03-13,18,0.0,0.0,8918.76,0.0
2019-03-13,19,0.0,0.0,6535.45,0.0
2019-03-13,20,0.0,0.0,8144.97,0.0
2019-03-13,21,0.0,0.0,9507.486425,0.0
2019-03-13,22,0.0,0.0,10644.848492,321.584352
2019-03-13,23,0.0,0.0,7498.007901,1190.772099
2019-03-14,0,0.0,0.0,7022.241414,1205.181528
2019-03-14,1,0.0,0.0,4812.271566,484.7668
2019-03-14,2,0.0,0.0,7689.70965,1623.781142
2019-03-14,3,0.0,0.0,5943.583436,1546.476564
2019-03-14,4,0.0,0.0,6122.667428,1454.312572
2019-03-14,5,0.0,0.0,8025.235568,1503.184432
2019-03-14,6,0.0,0.0,8328.517469,1522.222531
2019-03-14,7,0.0,0.0,8545.18869,438.70131
2019-03-14,8,0.0,0.0,8781.25,0.0
2019-03-14,9,0.0,0.0,9694.24,0.0
2019-03-14,10,0.0,0.0,11685.044505,0.0
2019-03-14,11,0.0,0.0,9028.074803,1015.455197
2019-03-14,12,0.0,0.0,8830.492412,3094.517588
2019-03-14,13,0.0,0.0,9750.429583,2207.973257
2019-03-14,14,0.0,0.0,10331.669658,3165.860342
2019-03-14,15,0.0,0.0,10018.783691,2337.176309
2019-03-14,16,0.0,0.0,10986.459339,703.473273
2019-03-14,17,0.0,0.0,9856.670762,337.563456
2019-03-14,18,0.0,0.0,10483.61,0.0
2019-03-14,19,0.0,0.0,10767.28,0.0
2019-03-14,20,0.0,0.0,10785.96,0.0
2019-03-14,21,0.0,0.0,12190.3933,0.0
2019-03-14,22,0.0,0.0,10033.08,0.0
2019-03-14,23,0.0,0.0,6852.46,0.0
2019-03-15,0,0.0,0.0,5958.394264,0.0
2019-03-15,1,0.0,0.0,4385.99,0.0
2019-03-15,2,0.0,0.0,6102.781921,0.0
2019-03-15,3,0.0,0.0,6349.35,0.0
2019-03-15,4,0.0,0.0,6706.911287,2.088713
2019-03-15,5,0.0,0.0,7134.72776,0.0
2019-03-15,6,0.0,0.0,4320.19,0.0
2019-03-15,7,0.0,0.0,4126.22,0.0
2019-03-15,8,0.0,0.0,5836.18,0.0
2019-03-15,9,0.0,0.0,9370.83,0.0
2019-03-15,10,0.0,0.0,9305.459768,0.0
2019-03-15,11,0.0,0.0,10865.880895,0.0
2019-03-15,12,0.0,0.0,8086.622346,343.237654
2019-03-15,13,0.0,0.0,8164.845513,510.174487
2019-03-15,14,0.0,0.0,7493.83237,700.70763
2019-03-15,15,0.0,0.0,8632.326571,667.223429
2019-03-15,16,0.0,0.0,8243.958216,280.705364
2019-03-15,17,0.0,0.0,7474.602836,0.0
2019-03-15,18,0.0,0.0,7719.631163,0.0
2019-03-15,19,0.0,0.0,6872.577402,0.0
2019-03-15,20,0.0,0.0,8762.81,0.0
2019-03-15,21,0.0,0.0,7582.18,0.0
2019-03-15,22,0.0,0.0,7013.966405,0.0
2019-03-15,23,0.0,0.0,5955.58,0.0
2019-03-16,0,0.0,0.0,6259.37,0.0
2019-03-16,1,0.0,0.0,6452.96,0.0
2019-03-16,2,0.0,0.0,6323.83,0.0
2019-03-16,3,0.0,0.0,6901.36,0.0
2019-03-16,4,0.0,0.0,7920.85,0.0
2019-03-16,5,0.0,0.0,9095.36,0.0
2019-03-16,6,0.0,0.0,9220.99,0.0
2019-03-16,7,0.0,0.0,9535.72,0.0
2019-03-16,8,0.0,0.0,9768.98,0.0
2019-03-16,9,0.0,0.0,9599.0,0.0
2019-03-16,10,0.0,0.0,11675.48,0.0
2019-03-16,11,0.0,0.0,13438.08,0.0
2019-03-16,12,0.0,0.0,11675.872969,362.157031
2019-03-16,13,0.0,0.0,10418.421622,1096.188378
2019-03-16,14,0.0,0.0,8692.286158,1498.083842
2019-03-16,15,0.0,0.0,8434.874698,1541.705302
2019-03-16,16,0.0,0.0,8048.374166,966.525834
2019-03-16,17,0.0,0.0,9104.978274,301.974605
2019-03-16,18,0.0,0.0,10390.359448,0.0
2019-03-16,19,0.0,0.0,8893.86,0.0
2019-03-16,20,0.0,0.0,7519.19,0.0
2019-03-16,21,0.0,0.0,7617.23,0.0
2019-03-16,22,0.0,0.0,7015.91,0.0
2019-03-16,23,0.0,0.0,6531.65,0.0
2019-03-17,0,0.0,0.0,7140.94,0.0
2019-03-17,1,0.0,0.0,8028.68,0.0
2019-03-17,2,0.0,0.0,7672.27,0.0
2019-03-17,3,0.0,0.0,7335.02,0.0
2019-03-17,4,0.0,0.0,7608.32,0.0
2019-03-17,5,0.0,0.0,8709.17,0.0
2019-03-17,6,0.0,0.0,8758.75,0.0
2019-03-17,7,0.0,0.0,8298.47,0.0
2019-03-17,8,0.0,0.0,8319.63,0.0
2019-03-17,9,0.0,0.0,7588.3967,0.0
2019-03-17,10,0.0,0.0,8578.43,0.0
2019-03-17,11,0.0,0.0,10608.41,0.0
2019-03-17,12,0.0,0.0,10337.663478,68.413985
2019-03-17,13,0.0,0.0,8979.39137,468.95863
2019-03-17,14,0.0,0.0,9024.649766,639.470234
2019-03-17,15,0.0,0.0,8760.924736,519.725264
2019-03-17,16,0.0,0.0,9521.920232,79.279768
2019-03-17,17,0.0,0.0,10190.869333,0.0
2019-03-17,18,0.0,0.0,8927.46,0.0
2019-03-17,19,0.0,0.0,7002.4,0.0
2019-03-17,20,0.0,0.0,6963.28,0.0
2019-03-17,21,0.0,0.0,8177.565728,0.0
2019-03-17,22,0.0,0.0,7154.22,0.0
2019-03-17,23,0.0,0.0,4803.27,0.0
2019-03-18,0,0.0,0.0,4226.73,0.0
2019-03-18,1,0.0,0.0,3427.18,0.0
2019-03-18,2,0.0,0.0,3358.2,0.0
2019-03-18,3,0.0,0.0,3657.99,0.0
2019-03-18,4,0.0,0.0,3582.14,0.0
2019-03-18,5,0.0,0.0,3995.3,0.0
2019-03-18,6,0.0,0.0,4576.47,0.0
2019-03-18,7,0.0,0.0,5202.38,0.0
2019-03-18,8,0.0,0.0,4831.531054,0.0
2019-03-18,9,0.0,0.0,6031.222007,0.0
2019-03-18,10,0.0,0.0,5313.38,0.0
2019-03-18,11,0.0,0.0,5376.259885,0.0
2019-03-18,12,0.0,0.0,7351.6,0.0
2019-03-18,13,0.0,0.0,6614.028309,19.43388
2019-03-18,14,0.0,0.0,3906.780013,239.599987
2019-03-18,15,0.0,0.0,4781.070505,201.249495
2019-03-18,16,0.0,0.0,6292.800924,0.0
2019-03-18,17,0.0,0.0,5368.9033,0.0
2019-03-18,18,0.0,0.0,3773.51,0.0
2019-03-18,19,0.0,0.0,5067.8,0.0
2019-03-18,20,0.0,0.0,6711.625525,0.0
2019-03-18,21,0.0,0.0,5025.291316,0.0
2019-03-18,22,0.0,0.0,3913.34,0.0
2019-03-18,23,0.0,0.0,3317.38,0.0
2019-03-19,0,0.0,0.0,3027.38,0.0
2019-03-19,1,0.0,0.0,3656.6,0.0
2019-03-19,2,0.0,0.0,3735.42,0.0
2019-03-19,3,0.0,0.0,3226.15,0.0
2019-03-19,4,0.0,0.0,3761.98,0.0
2019-03-19,5,0.0,0.0,3827.35,0.0
2019-03-19,6,0.0,0.0,4280.47,0.0
2019-03-19,7,0.0,0.0,4302.5,0.0
2019-03-19,8,0.0,0.0,4270.446482,0.0
2019-03-19,9,0.0,0.0,6179.04,0.0
2019-03-19,10,0.0,0.0,5914.57,0.0
2019-03-19,11,0.0,0.0,9915.387248,503.723652
2019-03-19,12,0.0,0.0,6828.418154,2228.852219
2019-03-19,13,0.0,0.0,5689.83988,1974.921825
2019-03-19,14,0.0,0.0,5193.775694,2395.784306
2019-03-19,15,0.0,0.0,5555.921109,2159.318891
2019-03-19,16,0.0,0.0,5647.804323,1075.498977
2019-03-19,17,0.0,0.0,4980.594514,1008.779318
2019-03-19,18,0.0,0.0,5677.122204,600.668451
2019-03-19,19,0.0,0.0,3790.558283,282.991717
2019-03-19,20,0.0,0.0,5292.808008,188.921992
2019-03-19,21,0.0,0.0,7749.644389,0.0
2019-03-19,22,0.0,0.0,4404.93,0.0
2019-03-19,23,0.0,0.0,3619.85,0.0
2019-03-20,0,0.0,0.0,4065.4767,0.0
2019-03-20,1,0.0,0.0,4137.98,0.0
2019-03-20,2,0.0,0.0,3214.5,0.0
2019-03-20,3,0.0,0.0,3939.71,0.0
2019-03-20,4,0.0,0.0,3551.05,0.0
2019-03-20,5,0.0,0.0,4265.37,0.0
2019-03-20,6,0.0,0.0,5524.1,0.0
2019-03-20,7,0.0,0.0,5597.27,0.0
2019-03-20,8,0.0,0.0,4329.74,0.0
2019-03-20,9,0.0,0.0,5355.45378,0.0
2019-03-20,10,0.0,0.0,5687.937172,0.0
2019-03-20,11,0.0,0.0,7583.45,0.0
2019-03-20,12,0.0,0.0,6513.341372,141.648628
2019-03-20,13,0.0,0.0,4385.854381,564.638919
2019-03-20,14,0.0,0.0,4766.544869,839.355131
2019-03-20,15,0.0,0.0,4249.771933,816.100943
2019-03-20,16,0.0,0.0,4589.755689,422.177611
2019-03-20,17,0.0,0.0,5207.568869,0.0
2019-03-20,18,0.0,0.0,5466.72,0.0
2019-03-20,19,0.0,0.0,3896.19,0.0
2019-03-20,20,0.0,0.0,3959.81,0.0
2019-03-20,21,0.0,0.0,5109.03,0.0
2019-03-20,22,0.0,0.0,5475.0,0.0
2019-03-20,23,389.948508,0.0,3078.012,0.0
2019-03-21,0,0.0,0.0,3053.77,0.0
2019-03-21,1,0.0,0.0,4587.78,0.0
2019-03-21,2,0.0,0.0,4166.66,0.0
2019-03-21,3,0.0,0.0,4929.11,0.0
2019-03-21,4,0.0,0.0,5746.56,0.0
2019-03-21,5,0.0,0.0,8210.94,0.0
2019-03-21,6,0.0,0.0,7635.35,0.0
2019-03-21,7,0.0,0.0,8801.52,0.0
2019-03-21,8,0.0,0.0,8970.48,0.0
2019-03-21,9,0.0,0.0,8205.471279,0.0
2019-03-21,10,0.0,0.0,7631.93,0.0
2019-03-21,11,0.0,0.0,7205.41,0.0
2019-03-21,12,0.0,0.0,7705.279364,0.0
2019-03-21,13,0.0,0.0,7599.892966,0.0
2019-03-21,14,0.0,0.0,10517.7,0.0
2019-03-21,15,0.0,0.0,10284.392292,4.947708
2019-03-21,16,0.0,0.0,9487.977734,279.195566
2019-03-21,17,0.0,0.0,10728.69,0.0
2019-03-21,18,0.0,0.0,8955.647695,0.0
2019-03-21,19,0.0,0.0,8461.02,0.0
2019-03-21,20,0.0,0.0,8995.77,0.0
2019-03-21,21,0.0,0.0,8483.698047,0.0
2019-03-21,22,0.0,0.0,5540.919443,0.0
2019-03-21,23,0.0,0.0,4435.77,0.0
2019-03-22,0,0.0,0.0,4275.319806,0.0
2019-03-22,1,0.0,0.0,3915.1,0.0
2019-03-22,2,0.0,0.0,3835.73,0.0
2019-03-22,3,0.0,0.0,3842.46,0.0
2019-03-22,4,0.0,0.0,4373.03,0.0
2019-03-22,5,0.0,0.0,7615.98,0.0
2019-03-22,6,0.0,0.0,10287.13,0.0
2019-03-22,7,0.0,0.0,10200.55,0.0
2019-03-22,8,0.0,0.0,9250.384666,0.0
2019-03-22,9,0.0,0.0,10971.2,0.0
2019-03-22,10,0.0,0.0,12366.26,0.0
2019-03-22,11,0.0,0.0,15966.186271,104.398312
2019-03-22,12,0.0,0.0,11402.569283,2135.840717
2019-03-22,13,0.0,0.0,13815.846158,2397.073842
2019-03-22,14,0.0,0.0,13378.37819,3025.96181
2019-03-22,15,0.0,0.0,13268.929827,2874.360591
2019-03-22,16,0.0,0.0,13241.765888,1892.024112
2019-03-22,17,0.0,0.0,11242.867011,1774.428008
2019-03-22,18,0.0,0.0,11263.559768,1123.900057
2019-03-22,19,0.0,0.0,12968.277256,854.378584
2019-03-22,20,0.0,0.0,9979.33462,1225.388794
2019-03-22,21,0.0,0.0,10514.535715,1628.888536
2019-03-22,22,0.0,0.0,9941.259438,1646.203962
2019-03-22,23,0.0,0.0,6176.279861,1660.177842
2019-03-23,0,0.0,0.0,4490.895176,1670.389286
2019-03-23,1,0.0,0.0,3908.073568,1534.006432
2019-03-23,2,0.0,0.0,3951.968623,1364.861377
2019-03-23,3,0.0,0.0,4253.456429,1158.973571
2019-03-23,4,0.0,0.0,3792.910551,999.109449
2019-03-23,5,0.0,0.0,3519.245098,929.924902
2019-03-23,6,0.0,0.0,3341.339208,309.940792
2019-03-23,7,0.0,0.0,4038.834928,0.0
2019-03-23,8,0.0,0.0,3730.48,0.0
2019-03-23,9,0.0,0.0,3893.45358,300.13642
2019-03-23,10,0.0,0.0,6100.179348,59.602243
2019-03-23,11,0.0,0.0,6422.427059,106.359641
2019-03-23,12,0.0,0.0,4259.97996,815.915047
2019-03-23,13,0.0,0.0,5533.623097,1599.841438
2019-03-23,14,0.0,0.0,5685.856979,2016.783021
2019-03-23,15,0.0,0.0,5740.044077,2024.397182
2019-03-23,16,0.0,0.0,5988.165346,1341.806923
2019-03-23,17,0.0,0.0,7269.112514,326.977486
2019-03-23,18,0.0,0.0,8822.072846,0.0
2019-03-23,19,0.0,0.0,6085.78,0.0
2019-03-23,20,0.0,0.0,5821.4367,0.0
2019-03-23,21,0.0,0.0,6075.94,0.0
2019-03-23,22,0.0,0.0,7108.372154,0.0
2019-03-23,23,0.0,0.0,6665.11,0.0
2019-03-24,0,0.0,0.0,5408.334533,0.0
2019-03-24,1,0.0,0.0,4583.72,0.0
2019-03-24,2,0.0,0.0,4449.6233,0.0
2019-03-24,3,0.0,0.0,4121.03,0.0
2019-03-24,4,0.0,0.0,3660.39,0.0
2019-03-24,5,0.0,0.0,3037.74,0.0
2019-03-24,6,0.0,0.0,3863.65,0.0
2019-03-24,7,0.0,0.0,3896.69,0.0
2019-03-24,8,0.0,0.0,3817.383654,0.0
2019-03-24,9,0.0,0.0,4487.02,0.0
2019-03-24,10,0.0,0.0,4774.09,0.0
2019-03-24,11,0.0,0.0,6775.518663,0.0
2019-03-24,12,0.0,0.0,5752.447747,655.372253
2019-03-24,13,0.0,0.0,5337.461502,1446.288498
2019-03-24,14,0.0,0.0,4466.542266,1452.407734
2019-03-24,15,0.0,0.0,4814.589992,1279.253851
2019-03-24,16,0.0,0.0,5945.870047,756.719953
2019-03-24,17,0.0,0.0,6102.352522,169.167478
2019-03-24,18,0.0,0.0,7616.147744,0.0
2019-03-24,19,0.0,0.0,4969.0167,0.0
2019-03-24,20,0.0,0.0,4044.2,0.0
2019-03-24,21,0.0,0.0,5284.57,0.0
2019-03-24,22,0.0,0.0,5307.547393,0.0
2019-03-24,23,0.0,0.0,3770.81,0.0
2019-03-25,0,0.0,0.0,3802.8,0.0
2019-03-25,1,0.0,0.0,3962.52,0.0
2019-03-25,2,0.0,0.0,3241.07,0.0
2019-03-25,3,0.0,0.0,3443.01,0.0
2019-03-25,4,0.0,0.0,3447.13,0.0
2019-03-25,5,0.0,0.0,5018.02,0.0
2019-03-25,6,0.0,0.0,7766.43,0.0
2019-03-25,7,0.0,0.0,8804.63,0.0
2019-03-25,8,0.0,0.0,9874.06,0.0
2019-03-25,9,0.0,0.0,10947.400282,37.697803
2019-03-25,10,0.0,0.0,9056.48,0.0
2019-03-25,11,0.0,0.0,9634.955248,652.118511
2019-03-25,12,0.0,0.0,9787.19089,1273.24911
2019-03-25,13,0.0,0.0,10646.566219,1178.778366
2019-03-25,14,0.0,0.0,10030.664028,1755.33409
2019-03-25,15,0.0,0.0,9215.065926,1750.254074
2019-03-25,16,0.0,0.0,9707.200665,1019.309335
2019-03-25,17,0.0,0.0,9809.637511,529.892489
2019-03-25,18,0.0,0.0,11918.75,0.0
2019-03-25,19,0.0,0.0,12989.482187,0.0
2019-03-25,20,0.0,0.0,9748.57,0.0
2019-03-25,21,0.0,0.0,9571.667032,0.0
2019-03-25,22,0.0,0.0,6076.8267,0.0
2019-03-25,23,0.0,0.0,4002.87,0.0
2019-03-26,0,0.0,0.0,3476.25,0.0
2019-03-26,1,0.0,0.0,4054.469369,0.0
2019-03-26,2,0.0,0.0,3477.91,0.0
2019-03-26,3,0.0,0.0,3413.17,0.0
2019-03-26,4,0.0,0.0,4144.41,0.0
2019-03-26,5,0.0,0.0,6120.28,0.0
2019-03-26,6,0.0,0.0,7546.95,0.0
2019-03-26,7,0.0,0.0,7842.56,0.0
2019-03-26,8,0.0,0.0,7753.72,0.0
2019-03-26,9,0.0,0.0,6882.85583,0.0
2019-03-26,10,0.0,0.0,7676.17,0.0
2019-03-26,11,0.0,0.0,11794.46,0.0
2019-03-26,12,0.0,0.0,11622.318114,319.1499
2019-03-26,13,0.0,0.0,11663.145078,1676.941418
2019-03-26,14,0.0,0.0,10424.955166,1650.548336
2019-03-26,15,0.0,0.0,9428.263042,1726.625903
2019-03-26,16,0.0,0.0,9175.648973,1318.418872
2019-03-26,17,0.0,0.0,9962.23485,1337.800501
2019-03-26,18,0.0,0.0,8886.444863,1230.725225
2019-03-26,19,0.0,0.0,7588.454651,1132.14837
2019-03-26,20,0.0,0.0,6938.65693,1009.669165
2019-03-26,21,0.0,0.0,7845.995342,822.354658
2019-03-26,22,0.0,0.0,6997.672384,307.397616
2019-03-26,23,0.0,0.0,7425.361657,361.13327
2019-03-27,0,0.0,0.0,6760.039842,426.68536
2019-03-27,1,0.0,0.0,6242.20674,461.96326
2019-03-27,2,0.0,0.0,6100.723634,227.826366
2019-03-27,3,0.0,0.0,5818.71898,0.0
2019-03-27,4,0.0,0.0,4204.999654,0.0
2019-03-27,5,0.0,0.0,4352.74,0.0
2019-03-27,6,0.0,0.0,4767.89,0.0
2019-03-27,7,0.0,0.0,7371.14,0.0
2019-03-27,8,0.0,0.0,9043.435768,42.814232
2019-03-27,9,0.0,0.0,7336.871587,1373.558413
2019-03-27,10,0.0,0.0,9122.140486,754.486977
2019-03-27,11,0.0,0.0,8956.447387,1814.962613
2019-03-27,12,0.0,0.0,8554.223888,2778.886112
2019-03-27,13,0.0,0.0,9995.817712,2434.872288
2019-03-27,14,0.0,0.0,11504.574654,3085.865346
2019-03-27,15,0.0,0.0,11520.27928,2953.700949
2019-03-27,16,0.0,0.0,13011.780977,1978.979023
2019-03-27,17,0.0,0.0,12597.52277,1930.35723
2019-03-27,18,0.0,0.0,11059.735557,1404.481824
2019-03-27,19,0.0,0.0,9976.019492,1105.571641
2019-03-27,20,0.0,0.0,8097.653895,1213.936105
2019-03-27,21,0.0,0.0,11020.129589,1678.277111
2019-03-27,22,0.0,0.0,9817.834212,1736.265788
2019-03-27,23,0.0,0.0,8747.150065,1756.8424
2019-03-28,0,0.0,0.0,8288.748548,1769.918152
2019-03-28,1,0.0,0.0,7784.226462,1678.273538
2019-03-28,2,0.0,0.0,7716.633304,1711.585053
2019-03-28,3,0.0,0.0,6849.592134,1316.317866
2019-03-28,4,0.0,0.0,6017.787585,902.252415
2019-03-28,5,0.0,0.0,6277.424253,777.395747
2019-03-28,6,0.0,0.0,6441.673876,618.526124
2019-03-28,7,0.0,0.0,6059.572701,357.817299
2019-03-28,8,0.0,0.0,5579.807054,834.772946
2019-03-28,9,0.0,0.0,6436.881201,1584.868799
2019-03-28,10,0.0,0.0,7066.645484,645.742301
2019-03-28,11,0.0,0.0,7646.617875,1560.362125
2019-03-28,12,0.0,0.0,8620.795293,1795.160605
2019-03-28,13,0.0,0.0,9704.937689,1035.992311
2019-03-28,14,0.0,0.0,10071.647226,1494.712774
2019-03-28,15,0.0,0.0,7882.700136,1311.893022
2019-03-28,16,0.0,0.0,6219.902855,799.226259
2019-03-28,17,0.0,0.0,6788.966235,1310.453765
2019-03-28,18,0.0,0.0,6488.686255,1021.256637
2019-03-28,19,0.0,0.0,5128.719087,776.910913
2019-03-28,20,0.0,0.0,6396.813937,797.765832
2019-03-28,21,0.0,0.0,8411.029643,1056.750357
2019-03-28,22,0.0,0.0,7994.183976,1021.233154
2019-03-28,23,0.0,0.0,6031.453813,1037.157038
2019-03-29,0,0.0,0.0,5891.167228,1041.062772
2019-03-29,1,0.0,0.0,6081.767408,956.752592
2019-03-29,2,0.0,0.0,6177.206328,874.253672
2019-03-29,3,0.0,0.0,6362.967976,760.932024
2019-03-29,4,0.0,0.0,7278.286488,375.053512
2019-03-29,5,0.0,0.0,8152.779993,0.0
2019-03-29,6,0.0,0.0,6009.67,0.0
2019-03-29,7,0.0,0.0,5272.04,0.0
2019-03-29,8,0.0,0.0,7115.42,0.0
2019-03-29,9,0.0,0.0,6699.787188,765.652812
2019-03-29,10,0.0,0.0,9040.128392,0.0
2019-03-29,11,0.0,0.0,13546.95516,882.16484
2019-03-29,12,0.0,0.0,12941.361581,2035.307599
2019-03-29,13,0.0,0.0,12932.990658,1786.069342
2019-03-29,14,0.0,0.0,12793.089482,1712.080518
2019-03-29,15,0.0,0.0,13004.002823,1394.223233
2019-03-29,16,0.0,0.0,14274.219363,945.838122
2019-03-29,17,0.0,0.0,13203.581282,322.448718
2019-03-29,18,0.0,0.0,11288.092775,0.0
2019-03-29,19,0.0,0.0,9812.93643,0.0
2019-03-29,20,0.0,0.0,8291.9,0.0
2019-03-29,21,0.0,0.0,10571.47,0.0
2019-03-29,22,0.0,0.0,9679.115206,304.378094
2019-03-29,23,0.0,0.0,6605.076756,533.133244
2019-03-30,0,0.0,0.0,6706.557386,1537.33063
2019-03-30,1,0.0,0.0,5380.292997,1619.337003
2019-03-30,2,0.0,0.0,5948.931286,15.908714
2019-03-30,3,0.0,0.0,6595.54,0.0
2019-03-30,4,0.0,0.0,7769.83,0.0
2019-03-30,5,0.0,0.0,6320.2,0.0
2019-03-30,6,0.0,0.0,7478.458676,1071.651324
2019-03-30,7,0.0,0.0,6915.776694,0.0
2019-03-30,8,0.0,0.0,4775.74,0.0
2019-03-30,9,0.0,0.0,7411.78,0.0
2019-03-30,10,0.0,0.0,12448.702314,119.107686
2019-03-30,11,0.0,0.0,13304.043472,375.706528
2019-03-30,12,0.0,0.0,13497.653761,1125.616239
2019-03-30,13,0.0,0.0,12941.240955,1799.752321
2019-03-30,14,0.0,0.0,10402.871757,3026.154943
2019-03-30,15,0.0,0.0,9511.781668,3027.478332
2019-03-30,16,0.0,0.0,8859.601695,2033.948305
2019-03-30,17,0.0,0.0,9867.238177,2135.833032
2019-03-30,18,0.0,0.0,9229.988524,1439.55912
2019-03-30,19,0.0,0.0,6904.735058,1066.60815
2019-03-30,20,0.0,0.0,5898.408036,1101.611964
2019-03-30,21,0.0,0.0,7718.274591,1514.515409
2019-03-30,22,0.0,0.0,6412.027906,1461.012094
2019-03-30,23,0.0,0.0,7789.541115,491.908233
2019-03-31,0,0.0,0.0,3898.17,0.0
2019-03-31,1,0.0,0.0,3123.25,0.0
2019-03-31,2,0.0,0.0,3095.17,0.0
2019-03-31,3,0.0,0.0,3587.47,0.0
2019-03-31,4,0.0,0.0,4015.24,0.0
2019-03-31,5,0.0,0.0,3543.31,0.0
2019-03-31,6,0.0,0.0,3544.77,0.0
2019-03-31,7,0.0,0.0,3840.83,0.0
2019-03-31,8,0.0,0.0,4222.93,0.0
2019-03-31,9,0.0,0.0,5874.94,0.0
2019-03-31,10,0.0,0.0,6836.502419,0.0
2019-03-31,11,0.0,0.0,5618.499048,205.413353
2019-03-31,12,0.0,0.0,6535.001755,815.828245
2019-03-31,13,0.0,0.0,6590.765265,1200.983276
2019-03-31,14,0.0,0.0,5262.87972,1603.75028
2019-03-31,15,0.0,0.0,5436.912166,2021.727834
2019-03-31,16,0.0,0.0,5360.517589,1344.894216
2019-03-31,17,0.0,0.0,4660.897246,1197.752754
2019-03-31,18,0.0,0.0,5233.166695,600.15074
2019-03-31,19,0.0,0.0,4679.984823,603.535589
2019-03-31,20,0.0,0.0,5993.594244,0.0
2019-03-31,21,0.0,0.0,4985.25,0.0
2019-03-31,22,0.0,0.0,3603.76,0.0
2019-03-31,23,0.0,0.0,3985.971973,0.0
