GEN UID,Bus ID,Unit Type,Fuel,MW Inj,MVAR Inj,V Setpoint p.u.,PMax MW,PMin MW,QMax MVAR,QMin MVAR,Min Down Time Hr,Min Up Time Hr,Ramp Rate MW/Min,Start Time Cold Hr,Start Time Warm Hr,Start Time Hot Hr,Start Heat Cold MBTU,Start Heat Warm MBTU,Start Heat Hot MBTU,Non Fuel Start Cost $,Fuel Price $/MMBTU,Output_pct_0,Output_pct_1,Output_pct_2,Output_pct_3,Output_pct_4,HR_avg_0,HR_incr_1,HR_incr_2,HR_incr_3,HR_incr_4,C0,C1,C2,Csu,BUS ID
1,107,NUC,N,,,1,2430.0,729.0,894.24,-199.26,48,48,121.5,1.0,1.0,1.0,1.0,1.0,1.0,1.0,0.2542670294888964,0.3,0.5333333333333333,0.7666666666666666,1.0,,24220.398593200473,29018.325414944164,33216.51138396988,37414.69735299563,,0,17.44,0.003,1200,107
2,100,CT,G,,,1,304.6,91.38,170.58,-19.49,1,2,68.4,1.0,1.0,1.0,1.0,1.0,1.0,1.0,1.7474486691506212,0.3,0.5333333333333333,0.7666666666666666,1.0,,15333.711021971689,13048.326055312955,13544.908296943233,14041.490538573506,,597,27.85,0.008,69,100
3,100,CT,G,,,1,236.0,70.8,132.16,-15.1,1,2,10.8,1.0,1.0,1.0,1.0,1.0,1.0,1.0,0.9229601319820884,0.3,0.5333333333333333,0.7666666666666666,1.0,,26503.719931907337,24704.512372634636,25089.25764192141,25474.00291120814,,363,55.0,0.008,61,100
4,100,CT,G,,,1,176.4,52.92,98.78,-11.29,1,2,44.86,1.0,1.0,1.0,1.0,1.0,1.0,1.0,1.058997509430901,0.3,0.5333333333333333,0.7666666666666666,1.0,,25724.285245587806,21531.004366812227,21818.585152838426,22106.165938864644,,548,48.13,0.008,46,100
5,100,CT,G,,,1,380.7,114.21,213.19,-24.36,1,2,76.76,1.0,1.0,1.0,1.0,1.0,1.0,1.0,1.4205052287937323,0.3,0.5333333333333333,0.7666666666666666,1.0,,16550.442369816734,16051.528384279472,16672.17467248908,17292.820960698693,,316,34.22,0.008,37,100
7,100,CT,G,,,1,177.3,53.19,99.29,-11.35,1,2,41.95,1.0,1.0,1.0,1.0,1.0,1.0,1.0,1.1360456725120747,0.3,0.5333333333333333,0.7666666666666666,1.0,,20142.683752979145,20070.742358078613,20359.790393013092,20648.838427947587,,49,44.78,0.008,59,100
8,100,CT,G,,,1,381.8,114.54,213.81,-24.44,1,2,83.05,1.0,1.0,1.0,1.0,1.0,1.0,1.0,1.4747758680424798,0.3,0.5333333333333333,0.7666666666666666,1.0,,16407.912618005725,15460.844250363896,16083.283842794763,16705.723435225616,,435,32.86,0.008,62,100
9,50,PV,S,,,1,2.35,0.0,0.0,0.0,0,0,0.0,1.0,1.0,1.0,1.0,1.0,1.0,1.0,1e-05,0.0,0.3333333333333333,0.6666666666666666,1.0,,0.0,0.0,0.0,0.0,0.0,0,0.0,0.0,0,50
10,62,CT,G,,,1,92.7,27.81,51.91,-5.93,1,2,18.1,1.0,1.0,1.0,1.0,1.0,1.0,1.0,2.1524829417099514,0.3,0.5333333333333333,0.7666666666666666,1.0,,15759.082118367149,10593.01310043668,10744.139737991265,10895.266375545862,,340,23.64,0.008,61,62
11,62,CT,G,,,1,678.1,203.43,379.74,-43.4,1,2,177.34,1.0,1.0,1.0,1.0,1.0,1.0,1.0,0.9032058305272381,0.3,0.5333333333333333,0.7666666666666666,1.0,,28551.50934229063,25244.8326055313,26350.323144104794,27455.813682678323,,2129,53.29,0.008,69,62
12,62,CT,G,,,1,260.0,78.0,145.6,-16.64,1,2,63.35,1.0,1.0,1.0,1.0,1.0,1.0,1.0,1.4972738826228253,0.3,0.5333333333333333,0.7666666666666666,1.0,,17056.275892957117,15228.529839883551,15652.401746724887,16076.273653566226,,413,33.14,0.008,12,62
13,62,CT,G,,,1,497.9,149.37,278.82,-31.87,1,2,20.87,1.0,1.0,1.0,1.0,1.0,1.0,1.0,1.2797986372326344,0.3,0.5333333333333333,0.7666666666666666,1.0,,25974.82578269781,17816.302765647742,18628.0174672489,19439.732168850074,,3108,37.48,0.008,70,62
14,110,CT,G,,,1,22.0,6.6,12.32,-1.41,1,2,3.52,1.0,1.0,1.0,1.0,1.0,1.0,1.0,2.165097354526605,0.3,0.5333333333333333,0.7666666666666666,1.0,,43903.03559613603,10531.295487627374,10567.16157205239,10603.02765647744,,505,23.97,0.008,12,110
15,110,CT,G,,,1,50.1,15.03,28.06,-3.21,1,2,7.7,1.0,1.0,1.0,1.0,1.0,1.0,1.0,1.181493668823822,0.3,0.5333333333333333,0.7666666666666666,1.0,,22749.92975330271,19298.68995633188,19380.366812227076,19462.04366812227,,122,43.86,0.008,44,110
16,110,CT,G,,,1,203.2,60.96,94.69,-24.79,1,2,53.95,1.0,1.0,1.0,1.0,1.0,1.0,1.0,1.0769369945137293,0.3,0.5333333333333333,0.7666666666666666,1.0,,23100.363419638048,21172.343522561863,21503.615720524027,21834.887918486176,,322,47.13,0.008,76,110
18,32,CT,G,,,1,432.0,129.6,241.92,-27.65,1,2,29.11,1.0,1.0,1.0,1.0,1.0,1.0,1.0,0.9734327218493661,0.3,0.5333333333333333,0.7666666666666666,1.0,,33023.56353442234,23423.5807860262,24127.860262008733,24832.13973799126,,3088,50.76,0.008,75,32
21,50,PV,S,,,1,59.91943859312277,0.0,7.31,0.0,0,0,0.0,1.0,1.0,1.0,1.0,1.0,1.0,1.0,1e-05,0.0,0.3333333333333333,0.6666666666666666,1.0,,0.0,0.0,0.0,0.0,0.0,0,0.0,0.0,0,50
22,50,PV,S,,,1,215.83,0.0,25.96,0.0,0,0,0.0,1.0,1.0,1.0,1.0,1.0,1.0,1.0,1e-05,0.0,0.3333333333333333,0.6666666666666666,1.0,,0.0,0.0,0.0,0.0,0.0,0,0.0,0.0,0,50
23,50,WIND,W,,,1,103.57,0.0,12.52,0.0,0,0,0.0,1.0,1.0,1.0,1.0,1.0,1.0,1.0,1e-05,0.0,0.3333333333333333,0.6666666666666666,1.0,,0.0,0.0,0.0,0.0,0.0,0,0.0,0.0,0,50
24,50,WIND,W,,,1,177.55192224389248,0.0,30.35,0.0,0,0,0.0,1.0,1.0,1.0,1.0,1.0,1.0,1.0,1e-05,0.0,0.3333333333333333,0.6666666666666666,1.0,,0.0,0.0,0.0,0.0,0.0,0,0.0,0.0,0,50
25,100,CT,G,,,1,914.6,274.38,512.18,-58.53,1,2,242.73,1.0,1.0,1.0,1.0,1.0,1.0,1.0,1.4784505587435817,0.3,0.5333333333333333,0.7666666666666666,1.0,,16917.313022993323,15422.416302765649,16913.467248908302,18404.518195050943,,2010,29.22,0.008,38,100
26,100,COAL,C,,,1,1530.0,459.0,712.98,-186.66,12,12,40.57,1.0,1.0,1.0,1.0,1.0,1.0,1.0,0.7587703713706954,0.3,0.5333333333333333,0.7666666666666666,1.0,,18071.14880908668,24960.674157303372,32983.14606741573,41005.617977528076,,1862,18.93,0.02,360,100
27,100,CT,G,,,1,535.5,160.65,299.88,-34.27,1,2,31.05,1.0,1.0,1.0,1.0,1.0,1.0,1.0,1.0200220980660284,0.3,0.5333333333333333,0.7666666666666666,1.0,,30491.902791198965,22353.711790393012,23226.72489082969,24099.73799126637,,3361,47.62,0.008,58,100
28,100,CT,G,,,1,25.7,7.71,14.39,-1.64,1,2,2.66,1.0,1.0,1.0,1.0,1.0,1.0,1.0,0.9798015537235574,0.3,0.5333333333333333,0.7666666666666666,1.0,,38629.05616819307,23271.324599708874,23313.222707423578,23355.120815138296,,272,53.12,0.008,33,100
30,26,PV,S,,,1,49.8,0.0,59.21,0.0,0,0,0.0,1.0,1.0,1.0,1.0,1.0,1.0,1.0,1e-05,0.0,0.3333333333333333,0.6666666666666666,1.0,,0.0,0.0,0.0,0.0,0.0,0,0.0,0.0,0,26
31,26,WIND,W,,,1,5.85,0.0,15.97,0.0,0,0,0.0,1.0,1.0,1.0,1.0,1.0,1.0,1.0,1e-05,0.0,0.3333333333333333,0.6666666666666666,1.0,,0.0,0.0,0.0,0.0,0.0,0,0.0,0.0,0,26
32,101,PV,S,,,1,9.29,0.0,1.08,0.0,0,0,0.0,1.0,1.0,1.0,1.0,1.0,1.0,1.0,1e-05,0.0,0.3333333333333333,0.6666666666666666,1.0,,0.0,0.0,0.0,0.0,0.0,0,0.0,0.0,0,101
41,70,WIND,W,,,1,116.0,0.0,25.34,0.0,0,0,0.0,1.0,1.0,1.0,1.0,1.0,1.0,1.0,1e-05,0.0,0.3333333333333333,0.6666666666666666,1.0,,0.0,0.0,0.0,0.0,0.0,0,0.0,0.0,0,70
44,17,CT,G,,,1,108.0,32.4,41.47,-5.29,1,2,19.34,1.0,1.0,1.0,1.0,1.0,1.0,1.0,1.113799726962457,0.3,0.5333333333333333,0.7666666666666666,1.0,,27791.014070839396,20471.61572052402,20647.685589519642,20823.755458515287,,558,46.16,0.008,35,17
45,61,CT,G,,,1,54.9,16.47,21.08,-2.69,1,2,11.8,1.0,1.0,1.0,1.0,1.0,1.0,1.0,1.7595003100148268,0.3,0.5333333333333333,0.7666666666666666,1.0,,18848.76796504429,12958.951965065502,13048.454148471617,13137.956331877731,,226,29.31,0.008,14,61
47,61,CT,G,,,1,60.0,18.0,23.04,-2.94,1,2,6.49,1.0,1.0,1.0,1.0,1.0,1.0,1.0,1.1585296472154427,0.3,0.5333333333333333,0.7666666666666666,1.0,,19884.813197476957,19681.222707423578,19779.039301310044,19876.855895196517,,13,44.67,0.008,44,61
48,61,CT,G,,,1,44.0,13.2,16.9,-2.16,1,2,12.11,1.0,1.0,1.0,1.0,1.0,1.0,1.0,2.178951086381972,0.3,0.5333333333333333,0.7666666666666666,1.0,,20141.521767897313,10464.337700145563,10536.069868995633,10607.802037845706,,295,23.67,0.008,35,61
49,79,CT,G,,,1,639.0,191.7,297.77,-77.96,1,2,144.2,1.0,1.0,1.0,1.0,1.0,1.0,1.0,1.601193842379638,0.3,0.5333333333333333,0.7666666666666666,1.0,,17539.42800910265,14240.174672489084,15281.921397379923,16323.668122270736,,1971,28.35,0.008,7,79
50,79,CT,G,,,1,595.0,178.5,333.2,-38.08,1,2,72.21,1.0,1.0,1.0,1.0,1.0,1.0,1.0,1.1172155595178657,0.3,0.5333333333333333,0.7666666666666666,1.0,,26035.357723875575,20409.024745269293,21379.039301310047,22349.053857350802,,2753,42.77,0.008,45,79
51,91,CT,G,,,1,242.0,72.6,135.52,-15.49,1,2,46.43,1.0,1.0,1.0,1.0,1.0,1.0,1.0,0.9382174988021085,0.3,0.5333333333333333,0.7666666666666666,1.0,,25265.37755482575,24302.765647743807,24697.292576419208,25091.819505094623,,235,54.04,0.008,59,91
52,26,WIND,W,,,1,6.2,0.0,17.57,0.0,0,0,0.0,1.0,1.0,1.0,1.0,1.0,1.0,1.0,1e-05,0.0,0.3333333333333333,0.6666666666666666,1.0,,0.0,0.0,0.0,0.0,0.0,0,0.0,0.0,0,26
53,26,WIND,W,,,1,9.86,0.0,34.19,0.0,0,0,0.0,1.0,1.0,1.0,1.0,1.0,1.0,1.0,1e-05,0.0,0.3333333333333333,0.6666666666666666,1.0,,0.0,0.0,0.0,0.0,0.0,0,0.0,0.0,0,26
54,59,CT,G,,,1,1152.8,345.84,645.57,-73.78,1,2,52.9,1.0,1.0,1.0,1.0,1.0,1.0,1.0,0.8706067694496622,0.3,0.5333333333333333,0.7666666666666666,1.0,,26336.504202665343,26190.101892285307,28069.484716157196,29948.867540029103,,1817,52.29,0.008,46,59
55,59,WIND,W,,,1,623.0,0.0,320.88,0.0,0,0,0.0,1.0,1.0,1.0,1.0,1.0,1.0,1.0,1e-05,0.0,0.3333333333333333,0.6666666666666666,1.0,,0.0,0.0,0.0,0.0,0.0,0,0.0,0.0,0,59
56,26,PV,S,,,1,10.23,0.0,17.47,0.0,0,0,0.0,1.0,1.0,1.0,1.0,1.0,1.0,1.0,1e-05,0.0,0.3333333333333333,0.6666666666666666,1.0,,0.0,0.0,0.0,0.0,0.0,0,0.0,0.0,0,26
57,26,PV,S,,,1,9.73,0.0,16.61,0.0,0,0,0.0,1.0,1.0,1.0,1.0,1.0,1.0,1.0,1e-05,0.0,0.3333333333333333,0.6666666666666666,1.0,,0.0,0.0,0.0,0.0,0.0,0,0.0,0.0,0,26
58,26,PV,S,,,1,25.117613134994727,0.0,31.95,0.0,0,0,0.0,1.0,1.0,1.0,1.0,1.0,1.0,1.0,1e-05,0.0,0.3333333333333333,0.6666666666666666,1.0,,0.0,0.0,0.0,0.0,0.0,0,0.0,0.0,0,26
59,26,PV,S,,,1,26.42,0.0,31.42,0.0,0,0,0.0,1.0,1.0,1.0,1.0,1.0,1.0,1.0,1e-05,0.0,0.3333333333333333,0.6666666666666666,1.0,,0.0,0.0,0.0,0.0,0.0,0,0.0,0.0,0,26
60,71,CT,G,,,1,201.6,60.48,42.94,-29.03,1,2,27.97,1.0,1.0,1.0,1.0,1.0,1.0,1.0,0.9097628881067706,0.3,0.5333333333333333,0.7666666666666666,1.0,,27914.72184099258,25062.88209606987,25391.54585152839,25720.209606986886,,447,56.05,0.008,16,71
61,71,CT,G,,,1,201.0,60.3,42.81,-28.94,1,2,45.25,1.0,1.0,1.0,1.0,1.0,1.0,1.0,1.1725787379294856,0.3,0.5333333333333333,0.7666666666666666,1.0,,20273.05770999442,19445.414847161574,19773.100436681223,20100.78602620087,,166,43.19,0.008,55,71
62,71,CT,G,,,1,283.2,84.96,60.32,-40.78,1,2,59.13,1.0,1.0,1.0,1.0,1.0,1.0,1.0,1.177125461021687,0.3,0.5333333333333333,0.7666666666666666,1.0,,21186.42429625244,19370.305676855896,19831.999999999993,20293.69432314411,,456,42.47,0.008,25,71
66,112,CT,G,,,1,24.9,7.47,0.0,0.0,1,2,2.02,1.0,1.0,1.0,1.0,1.0,1.0,1.0,1.014354868288134,0.3,0.5333333333333333,0.7666666666666666,1.0,,40612.64605437763,22478.60262008734,22519.19650655022,22559.790393013103,,311,51.31,0.008,61,112
70,57,CT,G,,,1,191.1,57.33,107.02,-12.23,1,2,20.31,1.0,1.0,1.0,1.0,1.0,1.0,1.0,0.9731787229283928,0.3,0.5333333333333333,0.7666666666666666,1.0,,23279.30026804138,23429.694323144107,23741.240174672486,24052.786026200858,,27,52.38,0.008,41,57
71,57,CT,G,,,1,861.0,258.3,482.16,-55.1,1,2,147.96,1.0,1.0,1.0,1.0,1.0,1.0,1.0,1.4691877096229604,0.3,0.5333333333333333,0.7666666666666666,1.0,,19516.40660211967,15519.65065502183,16923.31877729258,18326.98689956332,,3313,29.8,0.008,32,57
72,57,CT,G,,,1,450.0,135.0,252.0,-28.8,1,2,54.05,1.0,1.0,1.0,1.0,1.0,1.0,1.0,1.7457349114008696,0.3,0.5333333333333333,0.7666666666666666,1.0,,14910.722950024263,13061.135371179036,13794.759825327517,14528.384279475975,,831,26.91,0.008,75,57
73,57,CT,G,,,1,56.0,16.8,0.0,0.0,1,2,10.68,1.0,1.0,1.0,1.0,1.0,1.0,1.0,1.3834212982425151,0.3,0.5333333333333333,0.7666666666666666,1.0,,24331.30380536494,16481.804949053854,16573.100436681223,16664.39592430859,,306,37.37,0.008,66,57
75,98,CT,G,,,1,114.0,34.2,0.0,0.0,1,2,19.7,1.0,1.0,1.0,1.0,1.0,1.0,1.0,2.133834540253371,0.3,0.5333333333333333,0.7666666666666666,1.0,,16180.687964452616,10685.589519650655,10871.441048034932,11057.292576419211,,447,23.71,0.008,35,98
76,44,CT,G,,,1,453.5,136.05,211.33,-55.33,1,2,134.28,1.0,1.0,1.0,1.0,1.0,1.0,1.0,1.4199129224075413,0.3,0.5333333333333333,0.7666666666666666,1.0,,17508.218690469886,16058.22416302766,16797.554585152837,17536.885007278015,,715,33.75,0.008,59,44
77,119,WIND,W,,,1,19.07,0.0,31.95,0.0,0,0,0.0,1.0,1.0,1.0,1.0,1.0,1.0,1.0,1e-05,0.0,0.3333333333333333,0.6666666666666666,1.0,,0.0,0.0,0.0,0.0,0.0,0,0.0,0.0,0,119
78,119,WIND,W,,,1,14.4,0.0,21.56,0.0,0,0,0.0,1.0,1.0,1.0,1.0,1.0,1.0,1.0,1e-05,0.0,0.3333333333333333,0.6666666666666666,1.0,,0.0,0.0,0.0,0.0,0.0,0,0.0,0.0,0,119
79,119,WIND,W,,,1,8.3,0.0,7.99,0.0,0,0,0.0,1.0,1.0,1.0,1.0,1.0,1.0,1.0,1e-05,0.0,0.3333333333333333,0.6666666666666666,1.0,,0.0,0.0,0.0,0.0,0.0,0,0.0,0.0,0,119
80,119,WIND,W,,,1,13.47,0.0,19.49,0.0,0,0,0.0,1.0,1.0,1.0,1.0,1.0,1.0,1.0,1e-05,0.0,0.3333333333333333,0.6666666666666666,1.0,,0.0,0.0,0.0,0.0,0.0,0,0.0,0.0,0,119
81,119,WIND,W,,,1,17.63,0.0,28.76,0.0,0,0,0.0,1.0,1.0,1.0,1.0,1.0,1.0,1.0,1e-05,0.0,0.3333333333333333,0.6666666666666666,1.0,,0.0,0.0,0.0,0.0,0.0,0,0.0,0.0,0,119
82,119,WIND,W,,,1,12.42,0.0,17.15,0.0,0,0,0.0,1.0,1.0,1.0,1.0,1.0,1.0,1.0,1e-05,0.0,0.3333333333333333,0.6666666666666666,1.0,,0.0,0.0,0.0,0.0,0.0,0,0.0,0.0,0,119
83,119,WIND,W,,,1,27.78,0.0,51.33,0.0,0,0,0.0,1.0,1.0,1.0,1.0,1.0,1.0,1.0,1e-05,0.0,0.3333333333333333,0.6666666666666666,1.0,,0.0,0.0,0.0,0.0,0.0,0,0.0,0.0,0,119
85,91,CT,G,,,1,168.0,50.4,94.08,-10.75,1,2,22.97,1.0,1.0,1.0,1.0,1.0,1.0,1.0,1.507359445727482,0.3,0.5333333333333333,0.7666666666666666,1.0,,14969.582033686836,15126.637554585159,15400.524017467247,15674.410480349348,,18,33.52,0.008,77,91
88,94,WIND,W,,,1,30.64,0.0,25.69,0.0,0,0,0.0,1.0,1.0,1.0,1.0,1.0,1.0,1.0,1e-05,0.0,0.3333333333333333,0.6666666666666666,1.0,,0.0,0.0,0.0,0.0,0.0,0,0.0,0.0,0,94
89,94,WIND,W,,,1,29.45,0.0,24.28,0.0,0,0,0.0,1.0,1.0,1.0,1.0,1.0,1.0,1.0,1e-05,0.0,0.3333333333333333,0.6666666666666666,1.0,,0.0,0.0,0.0,0.0,0.0,0,0.0,0.0,0,94
90,94,WIND,W,,,1,36.751336554480915,0.0,36.25,0.0,0,0,0.0,1.0,1.0,1.0,1.0,1.0,1.0,1.0,1e-05,0.0,0.3333333333333333,0.6666666666666666,1.0,,0.0,0.0,0.0,0.0,0.0,0,0.0,0.0,0,94
91,94,WIND,W,,,1,235.65,0.0,156.66,0.0,0,0,0.0,1.0,1.0,1.0,1.0,1.0,1.0,1.0,1e-05,0.0,0.3333333333333333,0.6666666666666666,1.0,,0.0,0.0,0.0,0.0,0.0,0,0.0,0.0,0,94
92,94,WIND,W,,,1,46.92,0.0,49.52,0.0,0,0,0.0,1.0,1.0,1.0,1.0,1.0,1.0,1.0,1e-05,0.0,0.3333333333333333,0.6666666666666666,1.0,,0.0,0.0,0.0,0.0,0.0,0,0.0,0.0,0,94
93,111,NUC,N,,,1,2708.6,812.58,996.76,-222.11,48,48,135.43,1.0,1.0,1.0,1.0,1.0,1.0,1.0,0.24695244815196907,0.3,0.5333333333333333,0.7666666666666666,1.0,,24529.82044795459,29877.830567038938,34557.33942123774,39236.84827543653,,0,17.44,0.003,1200,111
94,91,CT,G,,,1,63.1,18.93,29.4,-7.7,1,2,6.72,1.0,1.0,1.0,1.0,1.0,1.0,1.0,1.2587775317015155,0.3,0.5333333333333333,0.7666666666666666,1.0,,23048.200084429653,18113.82823871907,18216.698689956324,18319.569141193606,,219,41.06,0.008,71,91
96,22,WIND,W,,,1,14.0,0.0,31.86,0.0,0,0,0.0,1.0,1.0,1.0,1.0,1.0,1.0,1.0,1e-05,0.0,0.3333333333333333,0.6666666666666666,1.0,,0.0,0.0,0.0,0.0,0.0,0,0.0,0.0,0,22
97,22,WIND,W,,,1,98.21,0.0,141.11,0.0,0,0,0.0,1.0,1.0,1.0,1.0,1.0,1.0,1.0,1e-05,0.0,0.3333333333333333,0.6666666666666666,1.0,,0.0,0.0,0.0,0.0,0.0,0,0.0,0.0,0,22
98,19,CT,G,,,1,150.0,45.0,31.95,-21.6,1,2,7.1,1.0,1.0,1.0,1.0,1.0,1.0,1.0,2.139079524784924,0.3,0.5333333333333333,0.7666666666666666,1.0,,11204.754973313926,10659.38864628821,10903.930131004368,11148.471615720522,,85,23.41,0.008,55,19
100,36,CT,G,,,1,618.7,185.61,346.47,-39.6,1,2,52.67,1.0,1.0,1.0,1.0,1.0,1.0,1.0,0.8577448396705799,0.3,0.5333333333333333,0.7666666666666666,1.0,,27521.612501585114,26582.823871906843,27591.475982532746,28600.128093158663,,889,56.75,0.008,7,36
101,26,PV,S,,,1,0.7,0.0,3.14,0.0,0,0,0.0,1.0,1.0,1.0,1.0,1.0,1.0,1.0,1e-05,0.0,0.3333333333333333,0.6666666666666666,1.0,,0.0,0.0,0.0,0.0,0.0,0,0.0,0.0,0,26
105,74,CT,G,,,1,249.0,74.7,53.04,-35.86,1,2,18.55,1.0,1.0,1.0,1.0,1.0,1.0,1.0,1.5047530605187318,0.3,0.5333333333333333,0.7666666666666666,1.0,,14975.352472480898,15152.838427947598,15558.777292576418,15964.71615720523,,49,33.04,0.008,47,74
106,50,PV,S,,,1,212.47,0.0,25.56,0.0,0,0,0.0,1.0,1.0,1.0,1.0,1.0,1.0,1.0,1e-05,0.0,0.3333333333333333,0.6666666666666666,1.0,,0.0,0.0,0.0,0.0,0.0,0,0.0,0.0,0,50
107,120,CT,G,,,1,150.0,45.0,31.95,-21.6,1,2,13.85,1.0,1.0,1.0,1.0,1.0,1.0,1.0,0.9462655164914826,0.3,0.5333333333333333,0.7666666666666666,1.0,,25670.06307617661,24096.069868995626,24340.611353711796,24585.152838427948,,191,54.18,0.008,52,120
108,94,CT,G,,,1,169.5,50.85,36.1,-24.41,1,2,31.2,1.0,1.0,1.0,1.0,1.0,1.0,1.0,1.1336285540599218,0.3,0.5333333333333333,0.7666666666666666,1.0,,21128.812630693064,20113.537117903932,20389.868995633187,20666.200873362443,,155,44.93,0.008,62,94
109,77,WIND,W,,,1,18.77953231329404,0.0,31.95,0.0,0,0,0.0,1.0,1.0,1.0,1.0,1.0,1.0,1.0,1e-05,0.0,0.3333333333333333,0.6666666666666666,1.0,,0.0,0.0,0.0,0.0,0.0,0,0.0,0.0,0,77
111,70,PV,S,,,1,32.58,0.0,3.69,0.0,0,0,0.0,1.0,1.0,1.0,1.0,1.0,1.0,1.0,1e-05,0.0,0.3333333333333333,0.6666666666666666,1.0,,0.0,0.0,0.0,0.0,0.0,0,0.0,0.0,0,70
112,82,CT,G,,,1,250.0,75.0,140.0,-16.0,1,2,15.92,1.0,1.0,1.0,1.0,1.0,1.0,1.0,1.0063265681613773,0.3,0.5333333333333333,0.7666666666666666,1.0,,24107.714701601166,22657.933042212517,23065.50218340612,23473.071324599703,,329,50.22,0.008,56,82
113,30,WIND,W,,,1,46.94,0.0,42.6,0.0,0,0,0.0,1.0,1.0,1.0,1.0,1.0,1.0,1.0,1e-05,0.0,0.3333333333333333,0.6666666666666666,1.0,,0.0,0.0,0.0,0.0,0.0,0,0.0,0.0,0,30
114,30,CT,G,,,1,165.6,49.68,35.27,-23.85,1,2,7.55,1.0,1.0,1.0,1.0,1.0,1.0,1.0,1.1179969852689275,0.3,0.5333333333333333,0.7666666666666666,1.0,,22872.610200479576,20394.75982532751,20664.733624454148,20934.70742358078,,317,45.6,0.008,78,30
115,30,WIND,W,,,1,52.82748802867576,0.0,42.6,0.0,0,0,0.0,1.0,1.0,1.0,1.0,1.0,1.0,1.0,1e-05,0.0,0.3333333333333333,0.6666666666666666,1.0,,0.0,0.0,0.0,0.0,0.0,0,0.0,0.0,0,30
117,30,WIND,W,,,1,3.0,0.0,12.78,0.0,0,0,0.0,1.0,1.0,1.0,1.0,1.0,1.0,1.0,1e-05,0.0,0.3333333333333333,0.6666666666666666,1.0,,0.0,0.0,0.0,0.0,0.0,0,0.0,0.0,0,30
118,93,CT,G,,,1,225.0,67.5,47.93,-32.4,1,2,24.28,1.0,1.0,1.0,1.0,1.0,1.0,1.0,2.054088560188828,0.3,0.5333333333333333,0.7666666666666666,1.0,,12660.844250363903,11100.436681222705,11467.24890829695,11834.06113537117,,306,23.92,0.008,71,93
121,53,CT,G,,,1,1097.4,329.22,511.39,-133.88,1,2,119.29,1.0,1.0,1.0,1.0,1.0,1.0,1.0,1.1771785372892054,0.3,0.5333333333333333,0.7666666666666666,1.0,,19778.647462349145,19369.432314410482,21158.497816593885,22947.563318777287,,1850,37.04,0.008,8,53
122,81,CT,G,,,1,243.3,72.99,113.38,-29.68,1,2,67.83,1.0,1.0,1.0,1.0,1.0,1.0,1.0,1.635191381686083,0.3,0.5333333333333333,0.7666666666666666,1.0,,15542.879420582229,13944.104803493448,14340.751091703054,14737.397379912663,,343,30.31,0.008,21,81
123,50,PV,S,,,1,3.14,0.0,1.02,0.0,0,0,0.0,1.0,1.0,1.0,1.0,1.0,1.0,1.0,1e-05,0.0,0.3333333333333333,0.6666666666666666,1.0,,0.0,0.0,0.0,0.0,0.0,0,0.0,0.0,0,50
124,98,CT,G,,,1,44.0,13.2,0.0,0.0,1,2,8.2,1.0,1.0,1.0,1.0,1.0,1.0,1.0,1.0605605524712256,0.3,0.5333333333333333,0.7666666666666666,1.0,,24957.057033214238,21499.27219796215,21571.004366812227,21642.73653566228,,107,48.94,0.008,6,98
125,50,WIND,W,,,1,165.82,0.0,26.45,0.0,0,0,0.0,1.0,1.0,1.0,1.0,1.0,1.0,1.0,1e-05,0.0,0.3333333333333333,0.6666666666666666,1.0,,0.0,0.0,0.0,0.0,0.0,0,0.0,0.0,0,50
126,50,PV,S,,,1,159.35,0.0,19.17,0.0,0,0,0.0,1.0,1.0,1.0,1.0,1.0,1.0,1.0,1e-05,0.0,0.3333333333333333,0.6666666666666666,1.0,,0.0,0.0,0.0,0.0,0.0,0,0.0,0.0,0,50
127,50,PV,S,,,1,204.5,0.0,24.6,0.0,0,0,0.0,1.0,1.0,1.0,1.0,1.0,1.0,1.0,1e-05,0.0,0.3333333333333333,0.6666666666666666,1.0,,0.0,0.0,0.0,0.0,0.0,0,0.0,0.0,0,50
128,50,WIND,W,,,1,218.77,0.0,42.49,0.0,0,0,0.0,1.0,1.0,1.0,1.0,1.0,1.0,1.0,1e-05,0.0,0.3333333333333333,0.6666666666666666,1.0,,0.0,0.0,0.0,0.0,0.0,0,0.0,0.0,0,50
129,48,CT,G,,,1,126.5,37.95,26.94,-18.22,1,2,35.81,1.0,1.0,1.0,1.0,1.0,1.0,1.0,1.3463239673399225,0.3,0.5333333333333333,0.7666666666666666,1.0,,20808.17232511176,16935.953420669575,17142.183406113534,17348.413391557497,,357,37.94,0.008,51,48
130,48,CT,G,,,1,209.0,62.7,44.52,-30.1,1,2,60.41,1.0,1.0,1.0,1.0,1.0,1.0,1.0,2.0041554964176056,0.3,0.5333333333333333,0.7666666666666666,1.0,,14476.869267253089,11377.001455604071,11717.72925764192,12058.457059679768,,501,24.66,0.008,14,48
137,85,CT,G,,,1,200.0,60.0,42.6,-28.8,1,2,39.62,1.0,1.0,1.0,1.0,1.0,1.0,1.0,0.9505145242718447,0.3,0.5333333333333333,0.7666666666666666,1.0,,24197.962154294033,23988.355167394468,24314.410480349354,24640.465793304207,,80,53.6,0.008,24,85
138,85,CT,G,,,1,201.6,60.48,42.94,-29.03,1,2,59.83,1.0,1.0,1.0,1.0,1.0,1.0,1.0,1.4253134028498116,0.3,0.5333333333333333,0.7666666666666666,1.0,,17022.494304660246,15997.379912663755,16326.043668122264,16654.707423580792,,194,35.29,0.008,36,85
139,70,WIND,W,,,1,149.8,0.0,21.26,0.0,0,0,0.0,1.0,1.0,1.0,1.0,1.0,1.0,1.0,1e-05,0.0,0.3333333333333333,0.6666666666666666,1.0,,0.0,0.0,0.0,0.0,0.0,0,0.0,0.0,0,70
144,62,CT,G,,,1,52.1,15.63,26.52,-5.78,1,2,3.83,1.0,1.0,1.0,1.0,1.0,1.0,1.0,0.9936742340239273,0.3,0.5333333333333333,0.7666666666666666,1.0,,39333.1705962389,22946.433770014562,23031.3711790393,23116.30858806405,,590,52.2,0.008,75,62
147,75,CT,G,,,1,181.7,54.51,38.7,-26.16,1,2,10.51,1.0,1.0,1.0,1.0,1.0,1.0,1.0,0.9920883225455048,0.3,0.5333333333333333,0.7666666666666666,1.0,,26898.43312913219,22983.114992721985,23279.336244541475,23575.557496360983,,531,51.42,0.008,22,75
148,83,CT,G,,,1,13.9,4.17,0.0,0.0,1,2,0.64,1.0,1.0,1.0,1.0,1.0,1.0,1.0,1.0929875772757078,0.3,0.5333333333333333,0.7666666666666666,1.0,,64608.37037269748,20861.42649199419,20884.087336244535,20906.748180494887,,418,47.68,0.008,7,83
149,52,CT,G,,,1,10.0,3.0,0.0,0.0,1,2,0.19,1.0,1.0,1.0,1.0,1.0,1.0,1.0,0.9156230628945522,0.3,0.5333333333333333,0.7666666666666666,1.0,,30415.13828238719,24902.474526928676,24918.777292576422,24935.080058224154,,38,56.96,0.008,25,52
150,52,CT,G,,,1,10.0,3.0,0.0,0.0,1,2,1.78,1.0,1.0,1.0,1.0,1.0,1.0,1.0,1.1148302156430143,0.3,0.5333333333333333,0.7666666666666666,1.0,,31642.21251819505,20452.692867540034,20468.99563318777,20485.298398835515,,77,46.77,0.008,51,52
151,52,CT,G,,,1,40.7,12.21,0.0,0.0,1,2,9.28,1.0,1.0,1.0,1.0,1.0,1.0,1.0,1.61799733096453,0.3,0.5333333333333333,0.7666666666666666,1.0,,26641.226598571575,14092.285298398834,14158.63755458516,14224.989810771462,,353,32.0,0.008,7,52
153,83,PV,S,,,1,19.07,0.0,0.0,0.0,0,0,0.0,1.0,1.0,1.0,1.0,1.0,1.0,1.0,1e-05,0.0,0.3333333333333333,0.6666666666666666,1.0,,0.0,0.0,0.0,0.0,0.0,0,0.0,0.0,0,83
154,70,PV,S,,,1,134.4,0.0,0.0,0.0,0,0,0.0,1.0,1.0,1.0,1.0,1.0,1.0,1.0,1e-05,0.0,0.3333333333333333,0.6666666666666666,1.0,,0.0,0.0,0.0,0.0,0.0,0,0.0,0.0,0,70
155,79,CT,G,,,1,30.0,9.0,0.0,0.0,1,2,3.44,1.0,1.0,1.0,1.0,1.0,1.0,1.0,0.9455800651937701,0.3,0.5333333333333333,0.7666666666666666,1.0,,48657.35080058225,24113.537117903936,24162.44541484715,24211.3537117904,,507,55.02,0.008,50,79
156,43,CT,G,,,1,661.5,198.45,308.26,-80.7,1,2,63.37,1.0,1.0,1.0,1.0,1.0,1.0,1.0,1.0969523361344538,0.3,0.5333333333333333,0.7666666666666666,1.0,,24669.605864665125,20786.026200873363,21864.454148471625,22942.882096069865,,2325,43.19,0.008,70,43
157,16,WIND,W,,,1,21.886696781688173,0.0,42.6,0.0,0,0,0.0,1.0,1.0,1.0,1.0,1.0,1.0,1.0,1e-05,0.0,0.3333333333333333,0.6666666666666666,1.0,,0.0,0.0,0.0,0.0,0.0,0,0.0,0.0,0,16
158,16,PV,S,,,1,28.088598232999026,0.0,34.29,0.0,0,0,0.0,1.0,1.0,1.0,1.0,1.0,1.0,1.0,1e-05,0.0,0.3333333333333333,0.6666666666666666,1.0,,0.0,0.0,0.0,0.0,0.0,0,0.0,0.0,0,16
162,6,WIND,W,,,1,162.5,0.0,23.96,0.0,0,0,0.0,1.0,1.0,1.0,1.0,1.0,1.0,1.0,1e-05,0.0,0.3333333333333333,0.6666666666666666,1.0,,0.0,0.0,0.0,0.0,0.0,0,0.0,0.0,0,6
164,3,PV,S,,,1,30.04,0.0,0.0,0.0,0,0,0.0,1.0,1.0,1.0,1.0,1.0,1.0,1.0,1e-05,0.0,0.3333333333333333,0.6666666666666666,1.0,,0.0,0.0,0.0,0.0,0.0,0,0.0,0.0,0,3
165,82,COAL,C,,,1,1175.4,352.62,547.74,-143.4,12,12,66.56,1.0,1.0,1.0,1.0,1.0,1.0,1.0,0.8841376239181747,0.3,0.5333333333333333,0.7666666666666666,1.0,,18148.881165006223,21421.348314606737,27584.494382022473,33747.64044943821,,2367,18.54,0.02,356,82
166,27,CT,G,,,1,927.5,278.25,432.22,-113.15,1,2,207.82,1.0,1.0,1.0,1.0,1.0,1.0,1.0,1.379765644323086,0.3,0.5333333333333333,0.7666666666666666,1.0,,18811.8653311205,16525.473071324603,18037.554585152837,19549.636098981086,,2558,31.66,0.008,21,27
167,76,PV,S,,,1,10.42,0.0,1.63,0.0,0,0,0.0,1.0,1.0,1.0,1.0,1.0,1.0,1.0,1e-05,0.0,0.3333333333333333,0.6666666666666666,1.0,,0.0,0.0,0.0,0.0,0.0,0,0.0,0.0,0,76
168,76,PV,S,,,1,5.21,0.0,0.81,0.0,0,0,0.0,1.0,1.0,1.0,1.0,1.0,1.0,1.0,1e-05,0.0,0.3333333333333333,0.6666666666666666,1.0,,0.0,0.0,0.0,0.0,0.0,0,0.0,0.0,0,76
170,76,PV,S,,,1,11.4,0.0,1.78,0.0,0,0,0.0,1.0,1.0,1.0,1.0,1.0,1.0,1.0,1e-05,0.0,0.3333333333333333,0.6666666666666666,1.0,,0.0,0.0,0.0,0.0,0.0,0,0.0,0.0,0,76
171,76,CT,G,,,1,357.6,107.28,200.26,-22.89,1,2,53.95,1.0,1.0,1.0,1.0,1.0,1.0,1.0,1.1404624148174034,0.3,0.5333333333333333,0.7666666666666666,1.0,,20979.357723656663,19993.01310043668,20575.999999999996,21158.98689956331,,406,43.4,0.008,24,76
172,13,PV,S,,,1,14.06,0.0,2.14,0.0,0,0,0.0,1.0,1.0,1.0,1.0,1.0,1.0,1.0,1e-05,0.0,0.3333333333333333,0.6666666666666666,1.0,,0.0,0.0,0.0,0.0,0.0,0,0.0,0.0,0,13
173,13,PV,S,,,1,21.43,0.0,3.26,0.0,0,0,0.0,1.0,1.0,1.0,1.0,1.0,1.0,1.0,1e-05,0.0,0.3333333333333333,0.6666666666666666,1.0,,0.0,0.0,0.0,0.0,0.0,0,0.0,0.0,0,13
174,13,CT,G,,,1,418.0,125.4,234.08,-26.75,1,2,113.34,1.0,1.0,1.0,1.0,1.0,1.0,1.0,1.5295849389708038,0.3,0.5333333333333333,0.7666666666666666,1.0,,19546.50369472709,14906.841339155746,15588.296943231448,16269.752547307131,,1556,31.35,0.008,77,13
175,82,COAL,C,,,1,852.2,255.66,397.13,-103.97,12,12,42.03,1.0,1.0,1.0,1.0,1.0,1.0,1.0,0.9902722295114069,0.3,0.5333333333333333,0.7666666666666666,1.0,,18477.25936922897,19125.46816479401,23593.932584269663,28062.39700374532,,2029,19.84,0.02,237,82
176,82,CT,G,,,1,1850.8,555.24,1036.45,-118.45,1,2,254.49,1.0,1.0,1.0,1.0,1.0,1.0,1.0,1.1595931006914113,0.3,0.5333333333333333,0.7666666666666666,1.0,,17916.739620523673,19663.173216885007,22680.489082969427,25697.80494905386,,2164,32.69,0.008,73,82
177,98,COAL,C,,,1,1108.3,332.49,620.65,-70.93,12,12,15.58,1.0,1.0,1.0,1.0,1.0,1.0,1.0,0.9030448037858835,0.3,0.5333333333333333,0.7666666666666666,1.0,,19290.5242431892,20972.84644194756,26784.157303370786,32595.468164794012,,2935,18.86,0.02,145,98
178,81,CT,G,,,1,803.2,240.96,449.79,-51.4,1,2,229.65,1.0,1.0,1.0,1.0,1.0,1.0,1.0,1.061178435649735,0.3,0.5333333333333333,0.7666666666666666,1.0,,21438.245875305183,21486.754002911213,22796.19213973798,24105.630276564774,,799,43.85,0.008,79,81
179,1,CT,G,,,1,109.9,32.97,55.94,-12.2,1,2,6.45,1.0,1.0,1.0,1.0,1.0,1.0,1.0,1.3265089899058322,0.3,0.5333333333333333,0.7666666666666666,1.0,,18321.899983179097,17188.93740902475,17368.104803493447,17547.272197962156,,101,38.63,0.008,62,1
180,54,CT,G,,,1,939.6,281.88,526.18,-60.13,1,2,214.7,1.0,1.0,1.0,1.0,1.0,1.0,1.0,0.9448272148233929,0.3,0.5333333333333333,0.7666666666666666,1.0,,27090.053922416115,24132.75109170306,25664.558951965053,27196.36681222709,,3039,49.0,0.008,33,54
181,98,COAL,C,,,1,1980.0,594.0,922.68,-241.56,12,12,156.5,1.0,1.0,1.0,1.0,1.0,1.0,1.0,0.6404287158054711,0.3,0.5333333333333333,0.7666666666666666,1.0,,19101.010101010103,29573.033707865165,39955.05617977529,50337.0786516854,,1473,19.64,0.02,278,98
182,78,CT,G,,,1,2379.6,713.88,1108.89,-290.31,1,2,282.78,1.0,1.0,1.0,1.0,1.0,1.0,1.0,1.0787317411784147,0.3,0.5333333333333333,0.7666666666666666,1.0,,17474.8660773293,21137.11790393013,25016.52401746724,28895.930131004374,,1261,32.54,0.008,24,78
183,1,CT,G,,,1,713.4,214.02,0.0,0.0,1,2,106.07,1.0,1.0,1.0,1.0,1.0,1.0,1.0,0.8703068737915861,0.3,0.5333333333333333,0.7666666666666666,1.0,,30899.24927066768,26199.126637554586,27362.165938864633,28525.205240174666,,2955,55.24,0.008,44,1
184,98,CT,G,,,1,570.0,171.0,319.2,-36.48,1,2,52.87,1.0,1.0,1.0,1.0,1.0,1.0,1.0,1.2494599473558268,0.3,0.5333333333333333,0.7666666666666666,1.0,,22365.78564314717,18248.90829694323,19178.165938864626,20107.42358078604,,2028,37.99,0.008,76,98
185,117,COAL,C,,,1,1186.8,356.04,553.05,-144.79,12,12,94.72,1.0,1.0,1.0,1.0,1.0,1.0,1.0,0.8731460139860141,0.3,0.5333333333333333,0.7666666666666666,1.0,,18451.28314076565,21691.01123595505,27913.93258426966,34136.853932584265,,2454,18.83,0.02,114,117
186,102,CT,G,,,1,1036.0,310.8,580.16,-66.3,1,2,141.34,1.0,1.0,1.0,1.0,1.0,1.0,1.0,1.2564754439720858,0.3,0.5333333333333333,0.7666666666666666,1.0,,19043.675315989723,18147.01601164484,19835.98253275109,21524.949053857355,,2012,34.65,0.008,30,102
187,55,COAL,C,,,1,1314.8,394.44,612.7,-160.41,12,12,90.71,1.0,1.0,1.0,1.0,1.0,1.0,1.0,0.8209798100495173,0.3,0.5333333333333333,0.7666666666666666,1.0,,18365.08403892761,23069.2883895131,29963.370786516865,36857.45318352059,,2229,19.15,0.02,272,55
188,27,PV,S,,,1,18.74,0.0,0.0,0.0,0,0,0.0,1.0,1.0,1.0,1.0,1.0,1.0,1.0,1e-05,0.0,0.3333333333333333,0.6666666666666666,1.0,,0.0,0.0,0.0,0.0,0.0,0,0.0,0.0,0,27
189,27,CT,G,,,1,746.0,223.8,417.76,-47.74,1,2,48.67,1.0,1.0,1.0,1.0,1.0,1.0,1.0,1.1556237078568794,0.3,0.5333333333333333,0.7666666666666666,1.0,,25291.002805842712,19730.713245997085,20946.899563318784,22163.08588064046,,3562,40.21,0.008,71,27
193,58,CT,G,,,1,1734.0,520.2,971.04,-110.98,1,2,457.64,1.0,1.0,1.0,1.0,1.0,1.0,1.0,0.7770079047619048,0.3,0.5333333333333333,0.7666666666666666,1.0,,26987.262473788218,29344.978165938857,32171.877729257645,34998.77729257641,,1040,55.64,0.008,49,58
194,7,WIND,W,,,1,41.978132608704016,0.0,58.95,0.0,0,0,0.0,1.0,1.0,1.0,1.0,1.0,1.0,1.0,1e-05,0.0,0.3333333333333333,0.6666666666666666,1.0,,0.0,0.0,0.0,0.0,0.0,0,0.0,0.0,0,7
195,40,CT,G,,,1,1280.0,384.0,716.8,-81.92,1,2,238.81,1.0,1.0,1.0,1.0,1.0,1.0,1.0,0.9047290839782836,0.3,0.5333333333333333,0.7666666666666666,1.0,,26085.75327510917,25202.3289665211,27289.082969432315,29375.836972343513,,2874,49.18,0.008,11,40
197,87,CT,G,,,1,427.7,128.31,199.31,-52.18,1,2,9.57,1.0,1.0,1.0,1.0,1.0,1.0,1.0,1.4491534553259198,0.3,0.5333333333333333,0.7666666666666666,1.0,,19708.79562903571,15734.206695778748,16431.475982532753,17128.745269286752,,1402,33.18,0.008,76,87
201,42,CT,G,,,1,603.6,181.08,281.28,-73.64,1,2,159.43,1.0,1.0,1.0,1.0,1.0,1.0,1.0,0.9039355169309605,0.3,0.5333333333333333,0.7666666666666666,1.0,,26950.280199443805,25224.45414847161,26208.489082969434,27192.524017467265,,1182,53.74,0.008,53,42
202,115,CT,G,,,1,788.4,236.52,441.5,-50.46,1,2,61.5,1.0,1.0,1.0,1.0,1.0,1.0,1.0,0.8461888827666679,0.3,0.5333333333333333,0.7666666666666666,1.0,,27422.900771521854,26945.85152838427,28231.16157205241,29516.47161572052,,1054,56.45,0.008,19,115
203,99,CT,G,,,1,803.2,240.96,449.79,-51.4,1,2,119.51,1.0,1.0,1.0,1.0,1.0,1.0,1.0,1.5115193237740507,0.3,0.5333333333333333,0.7666666666666666,1.0,,20157.934805175224,15085.00727802038,16394.445414847156,17703.883551673945,,3625,29.19,0.008,59,99
204,28,WIND,W,,,1,133.89061370331606,0.0,451.92,0.0,0,0,0.0,1.0,1.0,1.0,1.0,1.0,1.0,1.0,1e-05,0.0,0.3333333333333333,0.6666666666666666,1.0,,0.0,0.0,0.0,0.0,0.0,0,0.0,0.0,0,28
205,77,WIND,W,,,1,171.60641493126695,0.0,469.73,0.0,0,0,0.0,1.0,1.0,1.0,1.0,1.0,1.0,1.0,1e-05,0.0,0.3333333333333333,0.6666666666666666,1.0,,0.0,0.0,0.0,0.0,0.0,0,0.0,0.0,0,77
206,22,WIND,W,,,1,312.2922762223838,0.0,862.01,0.0,0,0,0.0,1.0,1.0,1.0,1.0,1.0,1.0,1.0,1e-05,0.0,0.3333333333333333,0.6666666666666666,1.0,,0.0,0.0,0.0,0.0,0.0,0,0.0,0.0,0,22
207,89,CT,G,,,1,634.7,190.41,295.77,-77.43,1,2,96.48,1.0,1.0,1.0,1.0,1.0,1.0,1.0,1.7024017388658246,0.3,0.5333333333333333,0.7666666666666666,1.0,,14447.078333607391,13393.59534206696,14428.331877729253,15463.068413391557,,975,26.44,0.008,28,89
208,86,CT,G,,,1,153.9,46.17,86.18,-9.85,1,2,45.01,1.0,1.0,1.0,1.0,1.0,1.0,1.0,1.7015880597014919,0.3,0.5333333333333333,0.7666666666666666,1.0,,17085.666425484702,13400.000000000004,13650.899563318775,13901.79912663755,,420,29.66,0.008,43,86
209,89,CT,G,,,1,590.6,177.18,275.22,-72.05,1,2,110.74,1.0,1.0,1.0,1.0,1.0,1.0,1.0,1.7846784122499202,0.3,0.5333333333333333,0.7666666666666666,1.0,,13334.426685713242,12776.12809315866,13738.969432314412,14701.810771470162,,673,25.32,0.008,28,89
210,106,PV,S,,,1,4.1,0.0,0.66,0.0,0,0,0.0,1.0,1.0,1.0,1.0,1.0,1.0,1.0,1e-05,0.0,0.3333333333333333,0.6666666666666666,1.0,,0.0,0.0,0.0,0.0,0.0,0,0.0,0.0,0,106
211,106,CT,G,,,1,536.4,160.92,300.38,-34.33,1,2,32.74,1.0,1.0,1.0,1.0,1.0,1.0,1.0,0.9880583431101692,0.3,0.5333333333333333,0.7666666666666666,1.0,,27019.013953609538,23076.855895196506,23951.33624454149,24825.816593886462,,1821,49.27,0.008,40,106
212,92,CT,G,,,1,230.0,69.0,128.8,-14.72,1,2,24.57,1.0,1.0,1.0,1.0,1.0,1.0,1.0,1.7028458919447769,0.3,0.5333333333333333,0.7666666666666666,1.0,,13347.623568128602,13390.101892285296,13765.065502183405,14140.029112081509,,61,29.13,0.008,28,92
213,90,CT,G,,,1,35.0,10.5,16.31,-4.27,1,2,1.39,1.0,1.0,1.0,1.0,1.0,1.0,1.0,1.0452742132657142,0.3,0.5333333333333333,0.7666666666666666,1.0,,24493.32501559575,21813.682678311503,21870.7423580786,21927.802037845715,,66,49.72,0.008,7,90
215,90,CT,G,,,1,923.8,277.14,517.33,-59.12,1,2,51.3,1.0,1.0,1.0,1.0,1.0,1.0,1.0,1.1509029256608818,0.3,0.5333333333333333,0.7666666666666666,1.0,,20072.6384514566,19811.64483260553,21317.694323144096,22823.743813682675,,1258,39.21,0.008,50,90
216,68,CT,G,,,1,48.0,14.4,26.88,-3.07,1,2,2.71,1.0,1.0,1.0,1.0,1.0,1.0,1.0,1.5746360434258133,0.3,0.5333333333333333,0.7666666666666666,1.0,,25580.873362445414,14480.349344978173,14558.602620087335,14636.855895196511,,369,32.84,0.008,57,68
217,68,PV,S,,,1,15.82,0.0,2.8,0.0,0,0,0.0,1.0,1.0,1.0,1.0,1.0,1.0,1.0,1e-05,0.0,0.3333333333333333,0.6666666666666666,1.0,,0.0,0.0,0.0,0.0,0.0,0,0.0,0.0,0,68
218,68,PV,S,,,1,21.83,0.0,3.86,0.0,0,0,0.0,1.0,1.0,1.0,1.0,1.0,1.0,1.0,1e-05,0.0,0.3333333333333333,0.6666666666666666,1.0,,0.0,0.0,0.0,0.0,0.0,0,0.0,0.0,0,68
219,68,PV,S,,,1,14.87,0.0,0.0,0.0,0,0,0.0,1.0,1.0,1.0,1.0,1.0,1.0,1.0,1e-05,0.0,0.3333333333333333,0.6666666666666666,1.0,,0.0,0.0,0.0,0.0,0.0,0,0.0,0.0,0,68
220,68,CT,G,,,1,815.0,244.5,456.4,-52.16,1,2,177.54,1.0,1.0,1.0,1.0,1.0,1.0,1.0,1.1132456371260038,0.3,0.5333333333333333,0.7666666666666666,1.0,,21701.28325340906,20481.804949053854,21810.480349344976,23139.1557496361,,1533,41.47,0.008,25,68
222,90,CT,G,,,1,878.4,263.52,409.33,-107.16,1,2,57.98,1.0,1.0,1.0,1.0,1.0,1.0,1.0,0.9861921807124236,0.3,0.5333333333333333,0.7666666666666666,1.0,,25340.00406190427,23120.524017467254,24552.55895196507,25984.593886462866,,2327,47.09,0.008,65,90
223,100,CT,G,,,1,453.2,135.96,253.79,-29.0,1,2,15.61,1.0,1.0,1.0,1.0,1.0,1.0,1.0,1.1355680102070405,0.3,0.5333333333333333,0.7666666666666666,1.0,,28687.22811101647,20079.184861717615,20818.02620087336,21556.867540029125,,2943,42.96,0.008,17,100
224,100,CT,G,,,1,252.0,75.6,0.0,0.0,1,2,45.26,1.0,1.0,1.0,1.0,1.0,1.0,1.0,0.9091926031690754,0.3,0.5333333333333333,0.7666666666666666,1.0,,26278.406691157783,25078.602620087335,25489.43231441049,25900.26200873361,,289,55.75,0.008,57,100
225,86,PV,S,,,1,11.49,0.0,2.07,0.0,0,0,0.0,1.0,1.0,1.0,1.0,1.0,1.0,1.0,1e-05,0.0,0.3333333333333333,0.6666666666666666,1.0,,0.0,0.0,0.0,0.0,0.0,0,0.0,0.0,0,86
226,86,CT,G,,,1,102.7,30.81,57.51,-6.57,1,2,24.18,1.0,1.0,1.0,1.0,1.0,1.0,1.0,0.9427687181771128,0.3,0.5333333333333333,0.7666666666666666,1.0,,26205.140235476203,24185.443959243083,24352.873362445407,24520.30276564775,,156,54.7,0.008,75,86
227,54,CT,G,,,1,1189.9,356.97,666.34,-76.15,1,2,13.65,1.0,1.0,1.0,1.0,1.0,1.0,1.0,1.1546185806527702,0.3,0.5333333333333333,0.7666666666666666,1.0,,18341.947132176167,19747.889374090242,21687.755458515287,23627.62154294032,,663,37.29,0.008,49,54
228,44,CT,G,,,1,10.2,3.06,5.19,-1.13,1,2,2.6,1.0,1.0,1.0,1.0,1.0,1.0,1.0,0.990269519041117,0.3,0.5333333333333333,0.7666666666666666,1.0,,52689.22978565517,23025.32751091702,23041.95633187773,23058.585152838437,,208,52.66,0.008,31,44
229,44,CT,G,,,1,918.3,275.49,514.25,-58.77,1,2,56.14,1.0,1.0,1.0,1.0,1.0,1.0,1.0,1.1688514326647563,0.3,0.5333333333333333,0.7666666666666666,1.0,,21144.218330149644,19507.423580786028,21004.50655021833,22501.589519650654,,2112,38.55,0.008,7,44
230,91,CT,G,,,1,1690.0,507.0,787.54,-206.18,1,2,453.27,1.0,1.0,1.0,1.0,1.0,1.0,1.0,0.9852493464997797,0.3,0.5333333333333333,0.7666666666666666,1.0,,21403.841416673124,23142.64919941776,25897.816593886455,28652.98398835518,,1637,41.73,0.008,66,91
231,91,CT,G,,,1,101.9,30.57,57.06,-6.52,1,2,7.78,1.0,1.0,1.0,1.0,1.0,1.0,1.0,1.8321457063323119,0.3,0.5333333333333333,0.7666666666666666,1.0,,20826.04601651589,12445.123726346432,12611.248908296944,12777.374090247447,,600,27.82,0.008,48,91
232,91,COAL,C,,,1,939.7,281.91,526.23,-60.14,12,12,34.98,1.0,1.0,1.0,1.0,1.0,1.0,1.0,0.9874200907981449,0.3,0.5333333333333333,0.7666666666666666,1.0,,18471.832316393906,19180.71161048689,24107.97752808989,29035.24344569288,,2470,18.48,0.02,368,91
234,91,CT,G,,,1,643.6,193.08,360.42,-41.19,1,2,145.43,1.0,1.0,1.0,1.0,1.0,1.0,1.0,1.4352384379982035,0.3,0.5333333333333333,0.7666666666666666,1.0,,21153.70032649317,15886.754002911213,16936.0,17985.245997088798,,2859,32.09,0.008,25,91
235,65,CT,G,,,1,4008.4,1202.52,1867.91,-489.02,1,2,1030.93,1.0,1.0,1.0,1.0,1.0,1.0,1.0,0.756270487814298,0.3,0.5333333333333333,0.7666666666666666,1.0,,23375.97638961093,30149.63609898109,36684.4366812227,43219.237263464354,,1913,42.32,0.008,11,65
239,33,CT,G,,,1,15.0,4.5,8.4,-0.96,1,2,3.79,1.0,1.0,1.0,1.0,1.0,1.0,1.0,1.4775022976796837,0.3,0.5333333333333333,0.7666666666666666,1.0,,56064.24065987385,15432.314410480341,15456.76855895196,15481.222707423578,,419,35.24,0.008,4,33
241,15,COAL,C,,,1,1176.0,352.8,658.56,-75.26,12,12,73.44,1.0,1.0,1.0,1.0,1.0,1.0,1.0,0.8648580708055413,0.3,0.5333333333333333,0.7666666666666666,1.0,,19584.290045606256,21898.876404494382,28065.168539325838,34231.46067415729,,2972,19.38,0.02,238,15
242,52,CT,G,,,1,1795.4,538.62,836.66,-219.04,1,2,84.64,1.0,1.0,1.0,1.0,1.0,1.0,1.0,0.9299296732522796,0.3,0.5333333333333333,0.7666666666666666,1.0,,23846.420097032704,24519.359534206695,27446.358078602625,30373.356622998537,,3296,44.18,0.008,17,52
243,88,CT,G,,,1,376.9,113.07,211.06,-24.12,1,2,106.18,1.0,1.0,1.0,1.0,1.0,1.0,1.0,0.988869208625827,0.3,0.5333333333333333,0.7666666666666666,1.0,,22498.598654541398,23057.933042212517,23672.384279475977,24286.83551673945,,37,50.29,0.008,59,88
244,33,CT,G,,,1,215.2,64.56,120.51,-13.77,1,2,47.73,1.0,1.0,1.0,1.0,1.0,1.0,1.0,1.1266653739373103,0.3,0.5333333333333333,0.7666666666666666,1.0,,19891.00250537058,20237.84570596798,20588.681222707422,20939.516739446877,,8,44.91,0.008,75,33
246,80,CT,G,,,1,689.4,206.82,386.06,-44.12,1,2,198.78,1.0,1.0,1.0,1.0,1.0,1.0,1.0,0.9048440578102798,0.3,0.5333333333333333,0.7666666666666666,1.0,,27820.758213057026,25199.126637554582,26323.039301310047,27446.951965065502,,1850,53.11,0.008,51,80
250,80,COAL,C,,,1,410.0,123.0,191.06,-50.02,12,12,24.48,1.0,1.0,1.0,1.0,1.0,1.0,1.0,1.3054924848328384,0.3,0.5333333333333333,0.7666666666666666,1.0,,22025.897506166075,14507.490636704119,16657.303370786514,18807.11610486891,,2184,18.99,0.02,153,80
253,25,CT,G,,,1,1088.2,326.46,609.39,-69.64,1,2,159.54,1.0,1.0,1.0,1.0,1.0,1.0,1.0,0.9640035545927849,0.3,0.5333333333333333,0.7666666666666666,1.0,,26488.79411294963,23652.69286754003,25426.75982532751,27200.82678311499,,3636,46.91,0.008,18,25
256,23,CT,G,,,1,932.0,279.6,434.31,-113.7,1,2,105.24,1.0,1.0,1.0,1.0,1.0,1.0,1.0,1.505042213681783,0.3,0.5333333333333333,0.7666666666666666,1.0,,16458.97333058455,15149.927219796218,16669.344978165936,18188.762736535657,,1950,28.48,0.008,32,23
257,79,CT,G,,,1,229.6,68.88,128.58,-14.69,1,2,42.18,1.0,1.0,1.0,1.0,1.0,1.0,1.0,1.1243363833421858,0.3,0.5333333333333333,0.7666666666666666,1.0,,22926.755950479026,20279.767103347887,20654.078602620088,21028.39010189228,,485,44.91,0.008,26,79
259,8,CT,G,,,1,892.0,267.6,415.67,-108.82,1,2,56.28,1.0,1.0,1.0,1.0,1.0,1.0,1.0,1.6385438661087859,0.3,0.5333333333333333,0.7666666666666666,1.0,,17521.214091291833,13915.574963609903,15369.781659388638,16823.988355167407,,3228,25.92,0.008,22,8
261,108,COAL,C,,,1,1444.0,433.2,672.9,-176.17,12,12,111.16,1.0,1.0,1.0,1.0,1.0,1.0,1.0,0.7820638942158985,0.3,0.5333333333333333,0.7666666666666666,1.0,,17409.470156763877,24217.228464419473,31788.76404494382,39360.29962546815,,1423,19.04,0.02,321,108
262,17,CT,G,,,1,517.0,155.1,289.52,-33.09,1,2,7.72,1.0,1.0,1.0,1.0,1.0,1.0,1.0,0.8798292159065383,0.3,0.5333333333333333,0.7666666666666666,1.0,,27215.961754495624,25915.574963609884,26758.42794759827,27601.280931586603,,804,55.9,0.008,17,17
263,29,CT,G,,,1,263.6,79.08,147.62,-16.87,1,2,37.17,1.0,1.0,1.0,1.0,1.0,1.0,1.0,1.7588286092834202,0.3,0.5333333333333333,0.7666666666666666,1.0,,12522.466725420942,12963.901018922854,13393.641921397379,13823.382823871909,,9,27.93,0.008,10,29
264,29,CT,G,,,1,44.2,13.26,24.75,-2.83,1,2,9.97,1.0,1.0,1.0,1.0,1.0,1.0,1.0,1.881980844366485,0.3,0.5333333333333333,0.7666666666666666,1.0,,16940.123324573364,12115.574963609895,12187.633187772928,12259.69141193595,,149,27.45,0.008,27,29
265,70,PV,S,,,1,139.16,0.0,22.96,0.0,0,0,0.0,1.0,1.0,1.0,1.0,1.0,1.0,1.0,1e-05,0.0,0.3333333333333333,0.6666666666666666,1.0,,0.0,0.0,0.0,0.0,0.0,0,0.0,0.0,0,70
266,70,WIND,W,,,1,97.0,0.0,26.32,0.0,0,0,0.0,1.0,1.0,1.0,1.0,1.0,1.0,1.0,1e-05,0.0,0.3333333333333333,0.6666666666666666,1.0,,0.0,0.0,0.0,0.0,0.0,0,0.0,0.0,0,70
267,70,WIND,W,,,1,119.2,0.0,0.0,0.0,0,0,0.0,1.0,1.0,1.0,1.0,1.0,1.0,1.0,1e-05,0.0,0.3333333333333333,0.6666666666666666,1.0,,0.0,0.0,0.0,0.0,0.0,0,0.0,0.0,0,70
268,2,CT,G,,,1,170.4,51.12,95.42,-10.91,1,2,44.21,1.0,1.0,1.0,1.0,1.0,1.0,1.0,0.9276717336460222,0.3,0.5333333333333333,0.7666666666666666,1.0,,25124.3246065427,24579.03930131004,24856.8384279476,25134.63755458516,,101,55.15,0.008,32,2
269,2,COAL,C,,,1,801.0,240.3,448.56,-51.26,12,12,13.17,1.0,1.0,1.0,1.0,1.0,1.0,1.0,1.024374585232452,0.3,0.5333333333333333,0.7666666666666666,1.0,,19477.408389326076,18488.764044943822,22688.76404494381,26888.76404494382,,2476,19.56,0.02,173,2
271,12,CT,G,,,1,1082.2,324.66,504.31,-132.03,1,2,223.44,1.0,1.0,1.0,1.0,1.0,1.0,1.0,1.099153722441304,0.3,0.5333333333333333,0.7666666666666666,1.0,,21584.938337641503,20744.39592430859,22508.68122270743,24272.96652110625,,2124,40.29,0.008,60,12
272,30,WIND,W,,,1,183.6137147507282,0.0,308.73,0.0,0,0,0.0,1.0,1.0,1.0,1.0,1.0,1.0,1.0,1e-05,0.0,0.3333333333333333,0.6666666666666666,1.0,,0.0,0.0,0.0,0.0,0.0,0,0.0,0.0,0,30
277,34,PV,S,,,1,12.93,0.0,2.04,0.0,0,0,0.0,1.0,1.0,1.0,1.0,1.0,1.0,1.0,1e-05,0.0,0.3333333333333333,0.6666666666666666,1.0,,0.0,0.0,0.0,0.0,0.0,0,0.0,0.0,0,34
278,34,PV,S,,,1,20.69,0.0,3.26,0.0,0,0,0.0,1.0,1.0,1.0,1.0,1.0,1.0,1.0,1e-05,0.0,0.3333333333333333,0.6666666666666666,1.0,,0.0,0.0,0.0,0.0,0.0,0,0.0,0.0,0,34
279,34,WIND,W,,,1,355.8849735336523,0.0,434.31,0.0,0,0,0.0,1.0,1.0,1.0,1.0,1.0,1.0,1.0,1e-05,0.0,0.3333333333333333,0.6666666666666666,1.0,,0.0,0.0,0.0,0.0,0.0,0,0.0,0.0,0,34
280,26,CT,G,,,1,559.0,167.7,313.04,-35.78,1,2,135.88,1.0,1.0,1.0,1.0,1.0,1.0,1.0,1.2129843085024006,0.3,0.5333333333333333,0.7666666666666666,1.0,,21623.012397372106,18797.67103347889,19708.99563318778,20620.32023289665,,1485,39.32,0.008,8,26
281,26,WIND,W,,,1,2.63,0.0,3.42,0.0,0,0,0.0,1.0,1.0,1.0,1.0,1.0,1.0,1.0,1e-05,0.0,0.3333333333333333,0.6666666666666666,1.0,,0.0,0.0,0.0,0.0,0.0,0,0.0,0.0,0,26
282,26,PV,S,,,1,27.32,0.0,85.4,0.0,0,0,0.0,1.0,1.0,1.0,1.0,1.0,1.0,1.0,1e-05,0.0,0.3333333333333333,0.6666666666666666,1.0,,0.0,0.0,0.0,0.0,0.0,0,0.0,0.0,0,26
pv_3-c,3,PV,S,,,1,38.82,0.0,,,0,0,,0.0,0.0,0.0,0.0,0.0,0.0,0.0,1e-05,0.0,1.0,,,,0.0,0.0,0.0,0.0,0.0,,,,,3
pv_6-c,6,PV,S,,,1,116.89,0.0,,,0,0,,0.0,0.0,0.0,0.0,0.0,0.0,0.0,1e-05,0.0,1.0,,,,0.0,0.0,0.0,0.0,0.0,,,,,6
pv_7-c,7,PV,S,,,1,81.59114301011476,0.0,,,0,0,,0.0,0.0,0.0,0.0,0.0,0.0,0.0,1e-05,0.0,1.0,,,,0.0,0.0,0.0,0.0,0.0,,,,,7
pv_13-c,13,PV,S,,,1,9.29,0.0,,,0,0,,0.0,0.0,0.0,0.0,0.0,0.0,0.0,1e-05,0.0,1.0,,,,0.0,0.0,0.0,0.0,0.0,,,,,13
pv_22-c,22,PV,S,,,1,6.49,0.0,,,0,0,,0.0,0.0,0.0,0.0,0.0,0.0,0.0,1e-05,0.0,1.0,,,,0.0,0.0,0.0,0.0,0.0,,,,,22
pv_26-c,26,PV,S,,,1,0.03,0.0,,,0,0,,0.0,0.0,0.0,0.0,0.0,0.0,0.0,1e-05,0.0,1.0,,,,0.0,0.0,0.0,0.0,0.0,,,,,26
pv_27-c,27,PV,S,,,1,61.99,0.0,,,0,0,,0.0,0.0,0.0,0.0,0.0,0.0,0.0,1e-05,0.0,1.0,,,,0.0,0.0,0.0,0.0,0.0,,,,,27
pv_28-c,28,PV,S,,,1,34.96,0.0,,,0,0,,0.0,0.0,0.0,0.0,0.0,0.0,0.0,1e-05,0.0,1.0,,,,0.0,0.0,0.0,0.0,0.0,,,,,28
pv_29-c,29,PV,S,,,1,287.37,0.0,,,0,0,,0.0,0.0,0.0,0.0,0.0,0.0,0.0,1e-05,0.0,1.0,,,,0.0,0.0,0.0,0.0,0.0,,,,,29
pv_30-c,30,PV,S,,,1,239.81,0.0,,,0,0,,0.0,0.0,0.0,0.0,0.0,0.0,0.0,1e-05,0.0,1.0,,,,0.0,0.0,0.0,0.0,0.0,,,,,30
pv_31-c,31,PV,S,,,1,73.56365238699792,0.0,,,0,0,,0.0,0.0,0.0,0.0,0.0,0.0,0.0,1e-05,0.0,1.0,,,,0.0,0.0,0.0,0.0,0.0,,,,,31
pv_34-c,34,PV,S,,,1,4.49,0.0,,,0,0,,0.0,0.0,0.0,0.0,0.0,0.0,0.0,1e-05,0.0,1.0,,,,0.0,0.0,0.0,0.0,0.0,,,,,34
pv_38-c,38,PV,S,,,1,2.77,0.0,,,0,0,,0.0,0.0,0.0,0.0,0.0,0.0,0.0,1e-05,0.0,1.0,,,,0.0,0.0,0.0,0.0,0.0,,,,,38
pv_40-c,40,PV,S,,,1,83.72487155062444,0.0,,,0,0,,0.0,0.0,0.0,0.0,0.0,0.0,0.0,1e-05,0.0,1.0,,,,0.0,0.0,0.0,0.0,0.0,,,,,40
pv_50-c,50,PV,S,,,1,7.15,0.0,,,0,0,,0.0,0.0,0.0,0.0,0.0,0.0,0.0,1e-05,0.0,1.0,,,,0.0,0.0,0.0,0.0,0.0,,,,,50
pv_55-c,55,PV,S,,,1,4.41,0.0,,,0,0,,0.0,0.0,0.0,0.0,0.0,0.0,0.0,1e-05,0.0,1.0,,,,0.0,0.0,0.0,0.0,0.0,,,,,55
pv_59-c,59,PV,S,,,1,10.42,0.0,,,0,0,,0.0,0.0,0.0,0.0,0.0,0.0,0.0,1e-05,0.0,1.0,,,,0.0,0.0,0.0,0.0,0.0,,,,,59
pv_65-c,65,PV,S,,,1,3.36,0.0,,,0,0,,0.0,0.0,0.0,0.0,0.0,0.0,0.0,1e-05,0.0,1.0,,,,0.0,0.0,0.0,0.0,0.0,,,,,65
pv_70-c,70,PV,S,,,1,41.65,0.0,,,0,0,,0.0,0.0,0.0,0.0,0.0,0.0,0.0,1e-05,0.0,1.0,,,,0.0,0.0,0.0,0.0,0.0,,,,,70
pv_76-c,76,PV,S,,,1,35.15,0.0,,,0,0,,0.0,0.0,0.0,0.0,0.0,0.0,0.0,1e-05,0.0,1.0,,,,0.0,0.0,0.0,0.0,0.0,,,,,76
pv_77-c,77,PV,S,,,1,3.04,0.0,,,0,0,,0.0,0.0,0.0,0.0,0.0,0.0,0.0,1e-05,0.0,1.0,,,,0.0,0.0,0.0,0.0,0.0,,,,,77
pv_83-c,83,PV,S,,,1,11.49,0.0,,,0,0,,0.0,0.0,0.0,0.0,0.0,0.0,0.0,1e-05,0.0,1.0,,,,0.0,0.0,0.0,0.0,0.0,,,,,83
pv_88-c,88,PV,S,,,1,30.38,0.0,,,0,0,,0.0,0.0,0.0,0.0,0.0,0.0,0.0,1e-05,0.0,1.0,,,,0.0,0.0,0.0,0.0,0.0,,,,,88
pv_94-c,94,PV,S,,,1,6.85,0.0,,,0,0,,0.0,0.0,0.0,0.0,0.0,0.0,0.0,1e-05,0.0,1.0,,,,0.0,0.0,0.0,0.0,0.0,,,,,94
pv_101-c,101,PV,S,,,1,19.63,0.0,,,0,0,,0.0,0.0,0.0,0.0,0.0,0.0,0.0,1e-05,0.0,1.0,,,,0.0,0.0,0.0,0.0,0.0,,,,,101
pv_102-c,102,PV,S,,,1,19.59,0.0,,,0,0,,0.0,0.0,0.0,0.0,0.0,0.0,0.0,1e-05,0.0,1.0,,,,0.0,0.0,0.0,0.0,0.0,,,,,102
pv_117-c,117,PV,S,,,1,26.55,0.0,,,0,0,,0.0,0.0,0.0,0.0,0.0,0.0,0.0,1e-05,0.0,1.0,,,,0.0,0.0,0.0,0.0,0.0,,,,,117
pv_119-c,119,PV,S,,,1,88.17,0.0,,,0,0,,0.0,0.0,0.0,0.0,0.0,0.0,0.0,1e-05,0.0,1.0,,,,0.0,0.0,0.0,0.0,0.0,,,,,119
wind_3-c,3,WIND,W,,,1,203.73044080210502,0.0,,,0,0,,0.0,0.0,0.0,0.0,0.0,0.0,0.0,1e-05,0.0,1.0,,,,0.0,0.0,0.0,0.0,0.0,,,,,3
wind_7-c,7,WIND,W,,,1,24.052800264299663,0.0,,,0,0,,0.0,0.0,0.0,0.0,0.0,0.0,0.0,1e-05,0.0,1.0,,,,0.0,0.0,0.0,0.0,0.0,,,,,7
wind_22-c,22,WIND,W,,,1,15.89,0.0,,,0,0,,0.0,0.0,0.0,0.0,0.0,0.0,0.0,1e-05,0.0,1.0,,,,0.0,0.0,0.0,0.0,0.0,,,,,22
wind_26-c,26,WIND,W,,,1,45.36,0.0,,,0,0,,0.0,0.0,0.0,0.0,0.0,0.0,0.0,1e-05,0.0,1.0,,,,0.0,0.0,0.0,0.0,0.0,,,,,26
wind_30-c,30,WIND,W,,,1,67.13,0.0,,,0,0,,0.0,0.0,0.0,0.0,0.0,0.0,0.0,1e-05,0.0,1.0,,,,0.0,0.0,0.0,0.0,0.0,,,,,30
wind_34-c,34,WIND,W,,,1,101.8450262604625,0.0,,,0,0,,0.0,0.0,0.0,0.0,0.0,0.0,0.0,1e-05,0.0,1.0,,,,0.0,0.0,0.0,0.0,0.0,,,,,34
wind_50-c,50,WIND,W,,,1,200.0,0.0,,,0,0,,0.0,0.0,0.0,0.0,0.0,0.0,0.0,1e-05,0.0,1.0,,,,0.0,0.0,0.0,0.0,0.0,,,,,50
wind_59-c,59,WIND,W,,,1,174.2,0.0,,,0,0,,0.0,0.0,0.0,0.0,0.0,0.0,0.0,1e-05,0.0,1.0,,,,0.0,0.0,0.0,0.0,0.0,,,,,59
wind_70-c,70,WIND,W,,,1,45.9,0.0,,,0,0,,0.0,0.0,0.0,0.0,0.0,0.0,0.0,1e-05,0.0,1.0,,,,0.0,0.0,0.0,0.0,0.0,,,,,70
wind_94-c,94,WIND,W,,,1,78.0,0.0,,,0,0,,0.0,0.0,0.0,0.0,0.0,0.0,0.0,1e-05,0.0,1.0,,,,0.0,0.0,0.0,0.0,0.0,,,,,94
wind_102-c,102,WIND,W,,,1,39.44950380668257,0.0,,,0,0,,0.0,0.0,0.0,0.0,0.0,0.0,0.0,1e-05,0.0,1.0,,,,0.0,0.0,0.0,0.0,0.0,,,,,102
wind_119-c,119,WIND,W,,,1,171.72,0.0,,,0,0,,0.0,0.0,0.0,0.0,0.0,0.0,0.0,1e-05,0.0,1.0,,,,0.0,0.0,0.0,0.0,0.0,,,,,119
ct_fe_107_1-c,107,CT,G,,,1,304.6,91.38,170.58,-19.49,1,2,68.4,1.0,1.0,1.0,1.0,1.0,1.0,1.0,1.7474486691506212,0.3,0.5333333333333333,0.7666666666666666,1.0,,15333.711021971689,13048.326055312955,13544.908296943233,14041.490538573506,,597,27.85,0.008,69,107
ct_fe_111_1-c,111,CT,G,,,1,304.6,91.38,170.58,-19.49,1,2,68.4,1.0,1.0,1.0,1.0,1.0,1.0,1.0,1.7474486691506212,0.3,0.5333333333333333,0.7666666666666666,1.0,,15333.711021971689,13048.326055312955,13544.908296943233,14041.490538573506,,597,27.85,0.008,69,111
ct_fe_111_2-c,111,CT,G,,,1,304.6,91.38,170.58,-19.49,1,2,68.4,1.0,1.0,1.0,1.0,1.0,1.0,1.0,1.7474486691506212,0.3,0.5333333333333333,0.7666666666666666,1.0,,15333.711021971689,13048.326055312955,13544.908296943233,14041.490538573506,,597,27.85,0.008,69,111
ct_fe_111_3-c,111,CT,G,,,1,304.6,91.38,170.58,-19.49,1,2,68.4,1.0,1.0,1.0,1.0,1.0,1.0,1.0,1.7474486691506212,0.3,0.5333333333333333,0.7666666666666666,1.0,,15333.711021971689,13048.326055312955,13544.908296943233,14041.490538573506,,597,27.85,0.008,69,111
ct_fe_112_1-c,112,CT,G,,,1,304.6,91.38,170.58,-19.49,1,2,68.4,1.0,1.0,1.0,1.0,1.0,1.0,1.0,1.7474486691506212,0.3,0.5333333333333333,0.7666666666666666,1.0,,15333.711021971689,13048.326055312955,13544.908296943233,14041.490538573506,,597,27.85,0.008,69,112
ct_fe_112_2-c,112,CT,G,,,1,304.6,91.38,170.58,-19.49,1,2,68.4,1.0,1.0,1.0,1.0,1.0,1.0,1.0,1.7474486691506212,0.3,0.5333333333333333,0.7666666666666666,1.0,,15333.711021971689,13048.326055312955,13544.908296943233,14041.490538573506,,597,27.85,0.008,69,112
ct_fe_113_1-c,113,CT,G,,,1,304.6,91.38,170.58,-19.49,1,2,68.4,1.0,1.0,1.0,1.0,1.0,1.0,1.0,1.7474486691506212,0.3,0.5333333333333333,0.7666666666666666,1.0,,15333.711021971689,13048.326055312955,13544.908296943233,14041.490538573506,,597,27.85,0.008,69,113
ct_fe_118_3-c,118,CT,G,,,1,304.6,91.38,170.58,-19.49,1,2,68.4,1.0,1.0,1.0,1.0,1.0,1.0,1.0,1.7474486691506212,0.3,0.5333333333333333,0.7666666666666666,1.0,,15333.711021971689,13048.326055312955,13544.908296943233,14041.490538573506,,597,27.85,0.008,69,118
ct_fe_17_2-c,17,CT,G,,,1,304.6,91.38,170.58,-19.49,1,2,68.4,1.0,1.0,1.0,1.0,1.0,1.0,1.0,1.7474486691506212,0.3,0.5333333333333333,0.7666666666666666,1.0,,15333.711021971689,13048.326055312955,13544.908296943233,14041.490538573506,,597,27.85,0.008,69,17
ct_fe_19_1-c,19,CT,G,,,1,304.6,91.38,170.58,-19.49,1,2,68.4,1.0,1.0,1.0,1.0,1.0,1.0,1.0,1.7474486691506212,0.3,0.5333333333333333,0.7666666666666666,1.0,,15333.711021971689,13048.326055312955,13544.908296943233,14041.490538573506,,597,27.85,0.008,69,19
ct_fe_19_2-c,19,CT,G,,,1,304.6,91.38,170.58,-19.49,1,2,68.4,1.0,1.0,1.0,1.0,1.0,1.0,1.0,1.7474486691506212,0.3,0.5333333333333333,0.7666666666666666,1.0,,15333.711021971689,13048.326055312955,13544.908296943233,14041.490538573506,,597,27.85,0.008,69,19
ct_fe_32_2-c,32,CT,G,,,1,304.6,91.38,170.58,-19.49,1,2,68.4,1.0,1.0,1.0,1.0,1.0,1.0,1.0,1.7474486691506212,0.3,0.5333333333333333,0.7666666666666666,1.0,,15333.711021971689,13048.326055312955,13544.908296943233,14041.490538573506,,597,27.85,0.008,69,32
ct_fe_33_1-c,33,CT,G,,,1,304.6,91.38,170.58,-19.49,1,2,68.4,1.0,1.0,1.0,1.0,1.0,1.0,1.0,1.7474486691506212,0.3,0.5333333333333333,0.7666666666666666,1.0,,15333.711021971689,13048.326055312955,13544.908296943233,14041.490538573506,,597,27.85,0.008,69,33
ct_fe_35_1-c,35,CT,G,,,1,304.6,91.38,170.58,-19.49,1,2,68.4,1.0,1.0,1.0,1.0,1.0,1.0,1.0,1.7474486691506212,0.3,0.5333333333333333,0.7666666666666666,1.0,,15333.711021971689,13048.326055312955,13544.908296943233,14041.490538573506,,597,27.85,0.008,69,35
ct_fe_49_1-c,49,CT,G,,,1,304.6,91.38,170.58,-19.49,1,2,68.4,1.0,1.0,1.0,1.0,1.0,1.0,1.0,1.7474486691506212,0.3,0.5333333333333333,0.7666666666666666,1.0,,15333.711021971689,13048.326055312955,13544.908296943233,14041.490538573506,,597,27.85,0.008,69,49
ct_fe_49_2-c,49,CT,G,,,1,304.6,91.38,170.58,-19.49,1,2,68.4,1.0,1.0,1.0,1.0,1.0,1.0,1.0,1.7474486691506212,0.3,0.5333333333333333,0.7666666666666666,1.0,,15333.711021971689,13048.326055312955,13544.908296943233,14041.490538573506,,597,27.85,0.008,69,49
ct_fe_58_3-c,58,CT,G,,,1,304.6,91.38,170.58,-19.49,1,2,68.4,1.0,1.0,1.0,1.0,1.0,1.0,1.0,1.7474486691506212,0.3,0.5333333333333333,0.7666666666666666,1.0,,15333.711021971689,13048.326055312955,13544.908296943233,14041.490538573506,,597,27.85,0.008,69,58
ct_fe_61_1-c,61,CT,G,,,1,304.6,91.38,170.58,-19.49,1,2,68.4,1.0,1.0,1.0,1.0,1.0,1.0,1.0,1.7474486691506212,0.3,0.5333333333333333,0.7666666666666666,1.0,,15333.711021971689,13048.326055312955,13544.908296943233,14041.490538573506,,597,27.85,0.008,69,61
ct_fe_61_3-c,61,CT,G,,,1,304.6,91.38,170.58,-19.49,1,2,68.4,1.0,1.0,1.0,1.0,1.0,1.0,1.0,1.7474486691506212,0.3,0.5333333333333333,0.7666666666666666,1.0,,15333.711021971689,13048.326055312955,13544.908296943233,14041.490538573506,,597,27.85,0.008,69,61
ct_fe_63_2-c,63,CT,G,,,1,304.6,91.38,170.58,-19.49,1,2,68.4,1.0,1.0,1.0,1.0,1.0,1.0,1.0,1.7474486691506212,0.3,0.5333333333333333,0.7666666666666666,1.0,,15333.711021971689,13048.326055312955,13544.908296943233,14041.490538573506,,597,27.85,0.008,69,63
ct_fe_65_1-c,65,CT,G,,,1,304.6,91.38,170.58,-19.49,1,2,68.4,1.0,1.0,1.0,1.0,1.0,1.0,1.0,1.7474486691506212,0.3,0.5333333333333333,0.7666666666666666,1.0,,15333.711021971689,13048.326055312955,13544.908296943233,14041.490538573506,,597,27.85,0.008,69,65
ct_fe_66_3-c,66,CT,G,,,1,304.6,91.38,170.58,-19.49,1,2,68.4,1.0,1.0,1.0,1.0,1.0,1.0,1.0,1.7474486691506212,0.3,0.5333333333333333,0.7666666666666666,1.0,,15333.711021971689,13048.326055312955,13544.908296943233,14041.490538573506,,597,27.85,0.008,69,66
ct_fe_8_3-c,8,CT,G,,,1,304.6,91.38,170.58,-19.49,1,2,68.4,1.0,1.0,1.0,1.0,1.0,1.0,1.0,1.7474486691506212,0.3,0.5333333333333333,0.7666666666666666,1.0,,15333.711021971689,13048.326055312955,13544.908296943233,14041.490538573506,,597,27.85,0.008,69,8
ct_fe_93_1-c,93,CT,G,,,1,304.6,91.38,170.58,-19.49,1,2,68.4,1.0,1.0,1.0,1.0,1.0,1.0,1.0,1.7474486691506212,0.3,0.5333333333333333,0.7666666666666666,1.0,,15333.711021971689,13048.326055312955,13544.908296943233,14041.490538573506,,597,27.85,0.008,69,93
ct_fe_98_2-c,98,CT,G,,,1,304.6,91.38,170.58,-19.49,1,2,68.4,1.0,1.0,1.0,1.0,1.0,1.0,1.0,1.7474486691506212,0.3,0.5333333333333333,0.7666666666666666,1.0,,15333.711021971689,13048.326055312955,13544.908296943233,14041.490538573506,,597,27.85,0.008,69,98
pv_106-c,106,PV,S,,,1,14.87,0.0,0.0,0.0,0,0,0.0,1.0,1.0,1.0,1.0,1.0,1.0,1.0,1e-05,0.0,0.3333333333333333,0.6666666666666666,1.0,,0.0,0.0,0.0,0.0,0.0,0,0.0,0.0,0,106
pv_46-c,46,PV,S,,,1,12.284462670688981,0.0,0.0,0.0,0,0,0.0,1.0,1.0,1.0,1.0,1.0,1.0,1.0,1e-05,0.0,0.3333333333333333,0.6666666666666666,1.0,,0.0,0.0,0.0,0.0,0.0,0,0.0,0.0,0,46
pv_68-c,68,PV,S,,,1,16.12,0.0,0.0,0.0,0,0,0.0,1.0,1.0,1.0,1.0,1.0,1.0,1.0,1e-05,0.0,0.3333333333333333,0.6666666666666666,1.0,,0.0,0.0,0.0,0.0,0.0,0,0.0,0.0,0,68
pv_86-c,86,PV,S,,,1,142.61,0.0,0.0,0.0,0,0,0.0,1.0,1.0,1.0,1.0,1.0,1.0,1.0,1e-05,0.0,0.3333333333333333,0.6666666666666666,1.0,,0.0,0.0,0.0,0.0,0.0,0,0.0,0.0,0,86
pv_89-c,89,PV,S,,,1,13.93,0.0,0.0,0.0,0,0,0.0,1.0,1.0,1.0,1.0,1.0,1.0,1.0,1e-05,0.0,0.3333333333333333,0.6666666666666666,1.0,,0.0,0.0,0.0,0.0,0.0,0,0.0,0.0,0,89
pv_92-c,92,PV,S,,,1,139.16,0.0,0.0,0.0,0,0,0.0,1.0,1.0,1.0,1.0,1.0,1.0,1.0,1e-05,0.0,0.3333333333333333,0.6666666666666666,1.0,,0.0,0.0,0.0,0.0,0.0,0,0.0,0.0,0,92
wind_101-c,101,WIND,W,,,1,678.68,0.0,332.25,0.0,0,0,0.0,1.0,1.0,1.0,1.0,1.0,1.0,1.0,1e-05,0.0,0.3333333333333333,0.6666666666666666,1.0,,0.0,0.0,0.0,0.0,0.0,0,0.0,0.0,0,101
wind_106-c,106,WIND,W,,,1,97.0,0.0,332.25,0.0,0,0,0.0,1.0,1.0,1.0,1.0,1.0,1.0,1.0,1e-05,0.0,0.3333333333333333,0.6666666666666666,1.0,,0.0,0.0,0.0,0.0,0.0,0,0.0,0.0,0,106
wind_117-c,117,WIND,W,,,1,360.5093220589874,0.0,332.25,0.0,0,0,0.0,1.0,1.0,1.0,1.0,1.0,1.0,1.0,1e-05,0.0,0.3333333333333333,0.6666666666666666,1.0,,0.0,0.0,0.0,0.0,0.0,0,0.0,0.0,0,117
wind_13-c,13,WIND,W,,,1,132.5,0.0,332.25,0.0,0,0,0.0,1.0,1.0,1.0,1.0,1.0,1.0,1.0,1e-05,0.0,0.3333333333333333,0.6666666666666666,1.0,,0.0,0.0,0.0,0.0,0.0,0,0.0,0.0,0,13
wind_27-c,27,WIND,W,,,1,87.5,0.0,332.25,0.0,0,0,0.0,1.0,1.0,1.0,1.0,1.0,1.0,1.0,1e-05,0.0,0.3333333333333333,0.6666666666666666,1.0,,0.0,0.0,0.0,0.0,0.0,0,0.0,0.0,0,27
wind_28-c,28,WIND,W,,,1,32.2,0.0,332.25,0.0,0,0,0.0,1.0,1.0,1.0,1.0,1.0,1.0,1.0,1e-05,0.0,0.3333333333333333,0.6666666666666666,1.0,,0.0,0.0,0.0,0.0,0.0,0,0.0,0.0,0,28
wind_29-c,29,WIND,W,,,1,185.0,0.0,332.25,0.0,0,0,0.0,1.0,1.0,1.0,1.0,1.0,1.0,1.0,1e-05,0.0,0.3333333333333333,0.6666666666666666,1.0,,0.0,0.0,0.0,0.0,0.0,0,0.0,0.0,0,29
wind_33-c,33,WIND,W,,,1,64.42534308997597,0.0,332.25,0.0,0,0,0.0,1.0,1.0,1.0,1.0,1.0,1.0,1.0,1e-05,0.0,0.3333333333333333,0.6666666666666666,1.0,,0.0,0.0,0.0,0.0,0.0,0,0.0,0.0,0,33
wind_46-c,46,WIND,W,,,1,0.8284479035687866,0.0,332.25,0.0,0,0,0.0,1.0,1.0,1.0,1.0,1.0,1.0,1.0,1e-05,0.0,0.3333333333333333,0.6666666666666666,1.0,,0.0,0.0,0.0,0.0,0.0,0,0.0,0.0,0,46
wind_6-c,6,WIND,W,,,1,108.8,0.0,332.25,0.0,0,0,0.0,1.0,1.0,1.0,1.0,1.0,1.0,1.0,1e-05,0.0,0.3333333333333333,0.6666666666666666,1.0,,0.0,0.0,0.0,0.0,0.0,0,0.0,0.0,0,6
wind_68-c,68,WIND,W,,,1,187.33,0.0,332.25,0.0,0,0,0.0,1.0,1.0,1.0,1.0,1.0,1.0,1.0,1e-05,0.0,0.3333333333333333,0.6666666666666666,1.0,,0.0,0.0,0.0,0.0,0.0,0,0.0,0.0,0,68
wind_76-c,76,WIND,W,,,1,230.0,0.0,332.25,0.0,0,0,0.0,1.0,1.0,1.0,1.0,1.0,1.0,1.0,1e-05,0.0,0.3333333333333333,0.6666666666666666,1.0,,0.0,0.0,0.0,0.0,0.0,0,0.0,0.0,0,76
wind_77-c,77,WIND,W,,,1,55.83937570217569,0.0,332.25,0.0,0,0,0.0,1.0,1.0,1.0,1.0,1.0,1.0,1.0,1e-05,0.0,0.3333333333333333,0.6666666666666666,1.0,,0.0,0.0,0.0,0.0,0.0,0,0.0,0.0,0,77
wind_83-c,83,WIND,W,,,1,185.4,0.0,332.25,0.0,0,0,0.0,1.0,1.0,1.0,1.0,1.0,1.0,1.0,1e-05,0.0,0.3333333333333333,0.6666666666666666,1.0,,0.0,0.0,0.0,0.0,0.0,0,0.0,0.0,0,83
wind_86-c,86,WIND,W,,,1,332.6,0.0,332.25,0.0,0,0,0.0,1.0,1.0,1.0,1.0,1.0,1.0,1.0,1e-05,0.0,0.3333333333333333,0.6666666666666666,1.0,,0.0,0.0,0.0,0.0,0.0,0,0.0,0.0,0,86
wind_88-c,88,WIND,W,,,1,130.0,0.0,332.25,0.0,0,0,0.0,1.0,1.0,1.0,1.0,1.0,1.0,1.0,1e-05,0.0,0.3333333333333333,0.6666666666666666,1.0,,0.0,0.0,0.0,0.0,0.0,0,0.0,0.0,0,88
wind_89-c,89,WIND,W,,,1,857.0,0.0,332.25,0.0,0,0,0.0,1.0,1.0,1.0,1.0,1.0,1.0,1.0,1e-05,0.0,0.3333333333333333,0.6666666666666666,1.0,,0.0,0.0,0.0,0.0,0.0,0,0.0,0.0,0,89
wind_92-c,92,WIND,W,,,1,319.85,0.0,332.25,0.0,0,0,0.0,1.0,1.0,1.0,1.0,1.0,1.0,1.0,1e-05,0.0,0.3333333333333333,0.6666666666666666,1.0,,0.0,0.0,0.0,0.0,0.0,0,0.0,0.0,0,92
