Unnamed: 0,Simulation,Category,Object,Parameter,Data File
0,DAY_AHEAD,Area,1,MW Load,DAY_AHEAD_load.csv
1,REAL_TIME,Area,1,MW Load,REAL_TIME_load.csv
2,DAY_AHEAD,Area,2,MW Load,DAY_AHEAD_load.csv
3,REAL_TIME,Area,2,MW Load,REAL_TIME_load.csv
4,DAY_AHEAD,Area,3,MW Load,DAY_AHEAD_load.csv
5,REAL_TIME,Area,3,MW Load,REAL_TIME_load.csv
6,DAY_AHEAD,Area,4,MW Load,DAY_AHEAD_load.csv
7,REAL_TIME,Area,4,MW Load,REAL_TIME_load.csv
8,DAY_AHEAD,Area,5,MW Load,DAY_AHEAD_load.csv
9,REAL_TIME,Area,5,MW Load,REAL_TIME_load.csv
10,DAY_AHEAD,Area,6,MW Load,DAY_AHEAD_load.csv
11,REAL_TIME,Area,6,MW Load,REAL_TIME_load.csv
12,DAY_AHEAD,Area,7,MW Load,DAY_AHEAD_load.csv
13,REAL_TIME,Area,7,MW Load,REAL_TIME_load.csv
14,DAY_AHEAD,Area,8,MW Load,DAY_AHEAD_load.csv
15,REAL_TIME,Area,8,MW Load,REAL_TIME_load.csv
16,DAY_AHEAD,Area,9,MW Load,DAY_AHEAD_load.csv
17,REAL_TIME,Area,9,MW Load,REAL_TIME_load.csv
18,DAY_AHEAD,Area,10,MW Load,DAY_AHEAD_load.csv
19,REAL_TIME,Area,10,MW Load,REAL_TIME_load.csv
20,DAY_AHEAD,Area,11,MW Load,DAY_AHEAD_load.csv
21,REAL_TIME,Area,11,MW Load,REAL_TIME_load.csv
22,DAY_AHEAD,Area,12,MW Load,DAY_AHEAD_load.csv
23,REAL_TIME,Area,12,MW Load,REAL_TIME_load.csv
24,DAY_AHEAD,Area,13,MW Load,DAY_AHEAD_load.csv
25,REAL_TIME,Area,13,MW Load,REAL_TIME_load.csv
26,DAY_AHEAD,Area,14,MW Load,DAY_AHEAD_load.csv
27,REAL_TIME,Area,14,MW Load,REAL_TIME_load.csv
28,DAY_AHEAD,Area,15,MW Load,DAY_AHEAD_load.csv
29,REAL_TIME,Area,15,MW Load,REAL_TIME_load.csv
30,DAY_AHEAD,Area,16,MW Load,DAY_AHEAD_load.csv
31,REAL_TIME,Area,16,MW Load,REAL_TIME_load.csv
32,DAY_AHEAD,Area,17,MW Load,DAY_AHEAD_load.csv
33,REAL_TIME,Area,17,MW Load,REAL_TIME_load.csv
34,DAY_AHEAD,Area,18,MW Load,DAY_AHEAD_load.csv
35,REAL_TIME,Area,18,MW Load,REAL_TIME_load.csv
36,DAY_AHEAD,Area,19,MW Load,DAY_AHEAD_load.csv
37,REAL_TIME,Area,19,MW Load,REAL_TIME_load.csv
38,DAY_AHEAD,Area,20,MW Load,DAY_AHEAD_load.csv
39,REAL_TIME,Area,20,MW Load,REAL_TIME_load.csv
40,DAY_AHEAD,Area,21,MW Load,DAY_AHEAD_load.csv
41,REAL_TIME,Area,21,MW Load,REAL_TIME_load.csv
42,DAY_AHEAD,Area,22,MW Load,DAY_AHEAD_load.csv
43,REAL_TIME,Area,22,MW Load,REAL_TIME_load.csv
44,DAY_AHEAD,Area,23,MW Load,DAY_AHEAD_load.csv
45,REAL_TIME,Area,23,MW Load,REAL_TIME_load.csv
46,DAY_AHEAD,Area,24,MW Load,DAY_AHEAD_load.csv
47,REAL_TIME,Area,24,MW Load,REAL_TIME_load.csv
48,DAY_AHEAD,Area,25,MW Load,DAY_AHEAD_load.csv
49,REAL_TIME,Area,25,MW Load,REAL_TIME_load.csv
50,DAY_AHEAD,Area,26,MW Load,DAY_AHEAD_load.csv
51,REAL_TIME,Area,26,MW Load,REAL_TIME_load.csv
52,DAY_AHEAD,Area,27,MW Load,DAY_AHEAD_load.csv
53,REAL_TIME,Area,27,MW Load,REAL_TIME_load.csv
54,DAY_AHEAD,Area,28,MW Load,DAY_AHEAD_load.csv
55,REAL_TIME,Area,28,MW Load,REAL_TIME_load.csv
56,DAY_AHEAD,Area,29,MW Load,DAY_AHEAD_load.csv
57,REAL_TIME,Area,29,MW Load,REAL_TIME_load.csv
58,DAY_AHEAD,Area,30,MW Load,DAY_AHEAD_load.csv
59,REAL_TIME,Area,30,MW Load,REAL_TIME_load.csv
60,DAY_AHEAD,Area,31,MW Load,DAY_AHEAD_load.csv
61,REAL_TIME,Area,31,MW Load,REAL_TIME_load.csv
62,DAY_AHEAD,Area,32,MW Load,DAY_AHEAD_load.csv
63,REAL_TIME,Area,32,MW Load,REAL_TIME_load.csv
64,DAY_AHEAD,Area,33,MW Load,DAY_AHEAD_load.csv
65,REAL_TIME,Area,33,MW Load,REAL_TIME_load.csv
66,DAY_AHEAD,Area,34,MW Load,DAY_AHEAD_load.csv
67,REAL_TIME,Area,34,MW Load,REAL_TIME_load.csv
68,DAY_AHEAD,Area,35,MW Load,DAY_AHEAD_load.csv
69,REAL_TIME,Area,35,MW Load,REAL_TIME_load.csv
70,DAY_AHEAD,Area,36,MW Load,DAY_AHEAD_load.csv
71,REAL_TIME,Area,36,MW Load,REAL_TIME_load.csv
72,DAY_AHEAD,Area,37,MW Load,DAY_AHEAD_load.csv
73,REAL_TIME,Area,37,MW Load,REAL_TIME_load.csv
74,DAY_AHEAD,Area,38,MW Load,DAY_AHEAD_load.csv
75,REAL_TIME,Area,38,MW Load,REAL_TIME_load.csv
76,DAY_AHEAD,Area,39,MW Load,DAY_AHEAD_load.csv
77,REAL_TIME,Area,39,MW Load,REAL_TIME_load.csv
78,DAY_AHEAD,Area,40,MW Load,DAY_AHEAD_load.csv
79,REAL_TIME,Area,40,MW Load,REAL_TIME_load.csv
80,DAY_AHEAD,Area,41,MW Load,DAY_AHEAD_load.csv
81,REAL_TIME,Area,41,MW Load,REAL_TIME_load.csv
82,DAY_AHEAD,Area,42,MW Load,DAY_AHEAD_load.csv
83,REAL_TIME,Area,42,MW Load,REAL_TIME_load.csv
84,DAY_AHEAD,Area,43,MW Load,DAY_AHEAD_load.csv
85,REAL_TIME,Area,43,MW Load,REAL_TIME_load.csv
86,DAY_AHEAD,Area,44,MW Load,DAY_AHEAD_load.csv
87,REAL_TIME,Area,44,MW Load,REAL_TIME_load.csv
88,DAY_AHEAD,Area,45,MW Load,DAY_AHEAD_load.csv
89,REAL_TIME,Area,45,MW Load,REAL_TIME_load.csv
90,DAY_AHEAD,Area,46,MW Load,DAY_AHEAD_load.csv
91,REAL_TIME,Area,46,MW Load,REAL_TIME_load.csv
92,DAY_AHEAD,Area,47,MW Load,DAY_AHEAD_load.csv
93,REAL_TIME,Area,47,MW Load,REAL_TIME_load.csv
94,DAY_AHEAD,Area,48,MW Load,DAY_AHEAD_load.csv
95,REAL_TIME,Area,48,MW Load,REAL_TIME_load.csv
96,DAY_AHEAD,Area,49,MW Load,DAY_AHEAD_load.csv
97,REAL_TIME,Area,49,MW Load,REAL_TIME_load.csv
98,DAY_AHEAD,Area,50,MW Load,DAY_AHEAD_load.csv
99,REAL_TIME,Area,50,MW Load,REAL_TIME_load.csv
100,DAY_AHEAD,Area,51,MW Load,DAY_AHEAD_load.csv
101,REAL_TIME,Area,51,MW Load,REAL_TIME_load.csv
102,DAY_AHEAD,Area,52,MW Load,DAY_AHEAD_load.csv
103,REAL_TIME,Area,52,MW Load,REAL_TIME_load.csv
104,DAY_AHEAD,Area,53,MW Load,DAY_AHEAD_load.csv
105,REAL_TIME,Area,53,MW Load,REAL_TIME_load.csv
106,DAY_AHEAD,Area,54,MW Load,DAY_AHEAD_load.csv
107,REAL_TIME,Area,54,MW Load,REAL_TIME_load.csv
108,DAY_AHEAD,Area,55,MW Load,DAY_AHEAD_load.csv
109,REAL_TIME,Area,55,MW Load,REAL_TIME_load.csv
110,DAY_AHEAD,Area,56,MW Load,DAY_AHEAD_load.csv
111,REAL_TIME,Area,56,MW Load,REAL_TIME_load.csv
112,DAY_AHEAD,Area,57,MW Load,DAY_AHEAD_load.csv
113,REAL_TIME,Area,57,MW Load,REAL_TIME_load.csv
114,DAY_AHEAD,Area,58,MW Load,DAY_AHEAD_load.csv
115,REAL_TIME,Area,58,MW Load,REAL_TIME_load.csv
116,DAY_AHEAD,Area,59,MW Load,DAY_AHEAD_load.csv
117,REAL_TIME,Area,59,MW Load,REAL_TIME_load.csv
118,DAY_AHEAD,Area,60,MW Load,DAY_AHEAD_load.csv
119,REAL_TIME,Area,60,MW Load,REAL_TIME_load.csv
120,DAY_AHEAD,Area,61,MW Load,DAY_AHEAD_load.csv
121,REAL_TIME,Area,61,MW Load,REAL_TIME_load.csv
122,DAY_AHEAD,Area,62,MW Load,DAY_AHEAD_load.csv
123,REAL_TIME,Area,62,MW Load,REAL_TIME_load.csv
124,DAY_AHEAD,Area,63,MW Load,DAY_AHEAD_load.csv
125,REAL_TIME,Area,63,MW Load,REAL_TIME_load.csv
126,DAY_AHEAD,Area,64,MW Load,DAY_AHEAD_load.csv
127,REAL_TIME,Area,64,MW Load,REAL_TIME_load.csv
128,DAY_AHEAD,Area,65,MW Load,DAY_AHEAD_load.csv
129,REAL_TIME,Area,65,MW Load,REAL_TIME_load.csv
130,DAY_AHEAD,Area,66,MW Load,DAY_AHEAD_load.csv
131,REAL_TIME,Area,66,MW Load,REAL_TIME_load.csv
132,DAY_AHEAD,Area,67,MW Load,DAY_AHEAD_load.csv
133,REAL_TIME,Area,67,MW Load,REAL_TIME_load.csv
134,DAY_AHEAD,Area,68,MW Load,DAY_AHEAD_load.csv
135,REAL_TIME,Area,68,MW Load,REAL_TIME_load.csv
136,DAY_AHEAD,Area,69,MW Load,DAY_AHEAD_load.csv
137,REAL_TIME,Area,69,MW Load,REAL_TIME_load.csv
138,DAY_AHEAD,Area,70,MW Load,DAY_AHEAD_load.csv
139,REAL_TIME,Area,70,MW Load,REAL_TIME_load.csv
140,DAY_AHEAD,Area,71,MW Load,DAY_AHEAD_load.csv
141,REAL_TIME,Area,71,MW Load,REAL_TIME_load.csv
142,DAY_AHEAD,Area,72,MW Load,DAY_AHEAD_load.csv
143,REAL_TIME,Area,72,MW Load,REAL_TIME_load.csv
144,DAY_AHEAD,Area,73,MW Load,DAY_AHEAD_load.csv
145,REAL_TIME,Area,73,MW Load,REAL_TIME_load.csv
146,DAY_AHEAD,Area,74,MW Load,DAY_AHEAD_load.csv
147,REAL_TIME,Area,74,MW Load,REAL_TIME_load.csv
148,DAY_AHEAD,Area,75,MW Load,DAY_AHEAD_load.csv
149,REAL_TIME,Area,75,MW Load,REAL_TIME_load.csv
150,DAY_AHEAD,Area,76,MW Load,DAY_AHEAD_load.csv
151,REAL_TIME,Area,76,MW Load,REAL_TIME_load.csv
152,DAY_AHEAD,Area,77,MW Load,DAY_AHEAD_load.csv
153,REAL_TIME,Area,77,MW Load,REAL_TIME_load.csv
154,DAY_AHEAD,Area,78,MW Load,DAY_AHEAD_load.csv
155,REAL_TIME,Area,78,MW Load,REAL_TIME_load.csv
156,DAY_AHEAD,Area,79,MW Load,DAY_AHEAD_load.csv
157,REAL_TIME,Area,79,MW Load,REAL_TIME_load.csv
158,DAY_AHEAD,Area,80,MW Load,DAY_AHEAD_load.csv
159,REAL_TIME,Area,80,MW Load,REAL_TIME_load.csv
160,DAY_AHEAD,Area,81,MW Load,DAY_AHEAD_load.csv
161,REAL_TIME,Area,81,MW Load,REAL_TIME_load.csv
162,DAY_AHEAD,Area,82,MW Load,DAY_AHEAD_load.csv
163,REAL_TIME,Area,82,MW Load,REAL_TIME_load.csv
164,DAY_AHEAD,Area,83,MW Load,DAY_AHEAD_load.csv
165,REAL_TIME,Area,83,MW Load,REAL_TIME_load.csv
166,DAY_AHEAD,Area,84,MW Load,DAY_AHEAD_load.csv
167,REAL_TIME,Area,84,MW Load,REAL_TIME_load.csv
168,DAY_AHEAD,Area,85,MW Load,DAY_AHEAD_load.csv
169,REAL_TIME,Area,85,MW Load,REAL_TIME_load.csv
170,DAY_AHEAD,Area,86,MW Load,DAY_AHEAD_load.csv
171,REAL_TIME,Area,86,MW Load,REAL_TIME_load.csv
172,DAY_AHEAD,Area,87,MW Load,DAY_AHEAD_load.csv
173,REAL_TIME,Area,87,MW Load,REAL_TIME_load.csv
174,DAY_AHEAD,Area,88,MW Load,DAY_AHEAD_load.csv
175,REAL_TIME,Area,88,MW Load,REAL_TIME_load.csv
176,DAY_AHEAD,Area,89,MW Load,DAY_AHEAD_load.csv
177,REAL_TIME,Area,89,MW Load,REAL_TIME_load.csv
178,DAY_AHEAD,Area,90,MW Load,DAY_AHEAD_load.csv
179,REAL_TIME,Area,90,MW Load,REAL_TIME_load.csv
180,DAY_AHEAD,Area,91,MW Load,DAY_AHEAD_load.csv
181,REAL_TIME,Area,91,MW Load,REAL_TIME_load.csv
182,DAY_AHEAD,Area,92,MW Load,DAY_AHEAD_load.csv
183,REAL_TIME,Area,92,MW Load,REAL_TIME_load.csv
184,DAY_AHEAD,Area,93,MW Load,DAY_AHEAD_load.csv
185,REAL_TIME,Area,93,MW Load,REAL_TIME_load.csv
186,DAY_AHEAD,Area,94,MW Load,DAY_AHEAD_load.csv
187,REAL_TIME,Area,94,MW Load,REAL_TIME_load.csv
188,DAY_AHEAD,Area,95,MW Load,DAY_AHEAD_load.csv
189,REAL_TIME,Area,95,MW Load,REAL_TIME_load.csv
190,DAY_AHEAD,Area,96,MW Load,DAY_AHEAD_load.csv
191,REAL_TIME,Area,96,MW Load,REAL_TIME_load.csv
192,DAY_AHEAD,Area,97,MW Load,DAY_AHEAD_load.csv
193,REAL_TIME,Area,97,MW Load,REAL_TIME_load.csv
194,DAY_AHEAD,Area,98,MW Load,DAY_AHEAD_load.csv
195,REAL_TIME,Area,98,MW Load,REAL_TIME_load.csv
196,DAY_AHEAD,Area,99,MW Load,DAY_AHEAD_load.csv
197,REAL_TIME,Area,99,MW Load,REAL_TIME_load.csv
198,DAY_AHEAD,Area,100,MW Load,DAY_AHEAD_load.csv
199,REAL_TIME,Area,100,MW Load,REAL_TIME_load.csv
200,DAY_AHEAD,Area,101,MW Load,DAY_AHEAD_load.csv
201,REAL_TIME,Area,101,MW Load,REAL_TIME_load.csv
202,DAY_AHEAD,Area,102,MW Load,DAY_AHEAD_load.csv
203,REAL_TIME,Area,102,MW Load,REAL_TIME_load.csv
204,DAY_AHEAD,Area,103,MW Load,DAY_AHEAD_load.csv
205,REAL_TIME,Area,103,MW Load,REAL_TIME_load.csv
206,DAY_AHEAD,Area,104,MW Load,DAY_AHEAD_load.csv
207,REAL_TIME,Area,104,MW Load,REAL_TIME_load.csv
208,DAY_AHEAD,Area,105,MW Load,DAY_AHEAD_load.csv
209,REAL_TIME,Area,105,MW Load,REAL_TIME_load.csv
210,DAY_AHEAD,Area,106,MW Load,DAY_AHEAD_load.csv
211,REAL_TIME,Area,106,MW Load,REAL_TIME_load.csv
212,DAY_AHEAD,Area,107,MW Load,DAY_AHEAD_load.csv
213,REAL_TIME,Area,107,MW Load,REAL_TIME_load.csv
214,DAY_AHEAD,Area,108,MW Load,DAY_AHEAD_load.csv
215,REAL_TIME,Area,108,MW Load,REAL_TIME_load.csv
216,DAY_AHEAD,Area,109,MW Load,DAY_AHEAD_load.csv
217,REAL_TIME,Area,109,MW Load,REAL_TIME_load.csv
218,DAY_AHEAD,Area,110,MW Load,DAY_AHEAD_load.csv
219,REAL_TIME,Area,110,MW Load,REAL_TIME_load.csv
220,DAY_AHEAD,Area,111,MW Load,DAY_AHEAD_load.csv
221,REAL_TIME,Area,111,MW Load,REAL_TIME_load.csv
222,DAY_AHEAD,Area,112,MW Load,DAY_AHEAD_load.csv
223,REAL_TIME,Area,112,MW Load,REAL_TIME_load.csv
224,DAY_AHEAD,Area,113,MW Load,DAY_AHEAD_load.csv
225,REAL_TIME,Area,113,MW Load,REAL_TIME_load.csv
226,DAY_AHEAD,Area,114,MW Load,DAY_AHEAD_load.csv
227,REAL_TIME,Area,114,MW Load,REAL_TIME_load.csv
228,DAY_AHEAD,Area,115,MW Load,DAY_AHEAD_load.csv
229,REAL_TIME,Area,115,MW Load,REAL_TIME_load.csv
230,DAY_AHEAD,Area,116,MW Load,DAY_AHEAD_load.csv
231,REAL_TIME,Area,116,MW Load,REAL_TIME_load.csv
232,DAY_AHEAD,Area,117,MW Load,DAY_AHEAD_load.csv
233,REAL_TIME,Area,117,MW Load,REAL_TIME_load.csv
234,DAY_AHEAD,Area,118,MW Load,DAY_AHEAD_load.csv
235,REAL_TIME,Area,118,MW Load,REAL_TIME_load.csv
236,DAY_AHEAD,Area,119,MW Load,DAY_AHEAD_load.csv
237,REAL_TIME,Area,119,MW Load,REAL_TIME_load.csv
238,DAY_AHEAD,Area,120,MW Load,DAY_AHEAD_load.csv
239,REAL_TIME,Area,120,MW Load,REAL_TIME_load.csv
240,DAY_AHEAD,Area,121,MW Load,DAY_AHEAD_load.csv
241,REAL_TIME,Area,121,MW Load,REAL_TIME_load.csv
242,DAY_AHEAD,Area,122,MW Load,DAY_AHEAD_load.csv
243,REAL_TIME,Area,122,MW Load,REAL_TIME_load.csv
244,DAY_AHEAD,Area,123,MW Load,DAY_AHEAD_load.csv
245,REAL_TIME,Area,123,MW Load,REAL_TIME_load.csv
254,DAY_AHEAD,Generator,23,PMin MW,DAY_AHEAD_wind.csv
255,DAY_AHEAD,Generator,23,PMax MW,DAY_AHEAD_wind.csv
256,REAL_TIME,Generator,23,PMin MW,REAL_TIME_wind.csv
257,REAL_TIME,Generator,23,PMax MW,REAL_TIME_wind.csv
258,DAY_AHEAD,Generator,24,PMin MW,DAY_AHEAD_wind.csv
259,DAY_AHEAD,Generator,24,PMax MW,DAY_AHEAD_wind.csv
260,REAL_TIME,Generator,24,PMin MW,REAL_TIME_wind.csv
261,REAL_TIME,Generator,24,PMax MW,REAL_TIME_wind.csv
262,DAY_AHEAD,Generator,31,PMin MW,DAY_AHEAD_wind.csv
263,DAY_AHEAD,Generator,31,PMax MW,DAY_AHEAD_wind.csv
264,REAL_TIME,Generator,31,PMin MW,REAL_TIME_wind.csv
265,REAL_TIME,Generator,31,PMax MW,REAL_TIME_wind.csv
266,DAY_AHEAD,Generator,41,PMin MW,DAY_AHEAD_wind.csv
267,DAY_AHEAD,Generator,41,PMax MW,DAY_AHEAD_wind.csv
268,REAL_TIME,Generator,41,PMin MW,REAL_TIME_wind.csv
269,REAL_TIME,Generator,41,PMax MW,REAL_TIME_wind.csv
270,DAY_AHEAD,Generator,52,PMin MW,DAY_AHEAD_wind.csv
271,DAY_AHEAD,Generator,52,PMax MW,DAY_AHEAD_wind.csv
272,REAL_TIME,Generator,52,PMin MW,REAL_TIME_wind.csv
273,REAL_TIME,Generator,52,PMax MW,REAL_TIME_wind.csv
274,DAY_AHEAD,Generator,53,PMin MW,DAY_AHEAD_wind.csv
275,DAY_AHEAD,Generator,53,PMax MW,DAY_AHEAD_wind.csv
276,REAL_TIME,Generator,53,PMin MW,REAL_TIME_wind.csv
277,REAL_TIME,Generator,53,PMax MW,REAL_TIME_wind.csv
278,DAY_AHEAD,Generator,55,PMin MW,DAY_AHEAD_wind.csv
279,DAY_AHEAD,Generator,55,PMax MW,DAY_AHEAD_wind.csv
280,REAL_TIME,Generator,55,PMin MW,REAL_TIME_wind.csv
281,REAL_TIME,Generator,55,PMax MW,REAL_TIME_wind.csv
302,DAY_AHEAD,Generator,77,PMin MW,DAY_AHEAD_wind.csv
303,DAY_AHEAD,Generator,77,PMax MW,DAY_AHEAD_wind.csv
304,REAL_TIME,Generator,77,PMin MW,REAL_TIME_wind.csv
305,REAL_TIME,Generator,77,PMax MW,REAL_TIME_wind.csv
306,DAY_AHEAD,Generator,78,PMin MW,DAY_AHEAD_wind.csv
307,DAY_AHEAD,Generator,78,PMax MW,DAY_AHEAD_wind.csv
308,REAL_TIME,Generator,78,PMin MW,REAL_TIME_wind.csv
309,REAL_TIME,Generator,78,PMax MW,REAL_TIME_wind.csv
310,DAY_AHEAD,Generator,79,PMin MW,DAY_AHEAD_wind.csv
311,DAY_AHEAD,Generator,79,PMax MW,DAY_AHEAD_wind.csv
312,REAL_TIME,Generator,79,PMin MW,REAL_TIME_wind.csv
313,REAL_TIME,Generator,79,PMax MW,REAL_TIME_wind.csv
314,DAY_AHEAD,Generator,80,PMin MW,DAY_AHEAD_wind.csv
315,DAY_AHEAD,Generator,80,PMax MW,DAY_AHEAD_wind.csv
316,REAL_TIME,Generator,80,PMin MW,REAL_TIME_wind.csv
317,REAL_TIME,Generator,80,PMax MW,REAL_TIME_wind.csv
318,DAY_AHEAD,Generator,81,PMin MW,DAY_AHEAD_wind.csv
319,DAY_AHEAD,Generator,81,PMax MW,DAY_AHEAD_wind.csv
320,REAL_TIME,Generator,81,PMin MW,REAL_TIME_wind.csv
321,REAL_TIME,Generator,81,PMax MW,REAL_TIME_wind.csv
322,DAY_AHEAD,Generator,82,PMin MW,DAY_AHEAD_wind.csv
323,DAY_AHEAD,Generator,82,PMax MW,DAY_AHEAD_wind.csv
324,REAL_TIME,Generator,82,PMin MW,REAL_TIME_wind.csv
325,REAL_TIME,Generator,82,PMax MW,REAL_TIME_wind.csv
326,DAY_AHEAD,Generator,83,PMin MW,DAY_AHEAD_wind.csv
327,DAY_AHEAD,Generator,83,PMax MW,DAY_AHEAD_wind.csv
328,REAL_TIME,Generator,83,PMin MW,REAL_TIME_wind.csv
329,REAL_TIME,Generator,83,PMax MW,REAL_TIME_wind.csv
334,DAY_AHEAD,Generator,88,PMin MW,DAY_AHEAD_wind.csv
335,DAY_AHEAD,Generator,88,PMax MW,DAY_AHEAD_wind.csv
336,REAL_TIME,Generator,88,PMin MW,REAL_TIME_wind.csv
337,REAL_TIME,Generator,88,PMax MW,REAL_TIME_wind.csv
338,DAY_AHEAD,Generator,89,PMin MW,DAY_AHEAD_wind.csv
339,DAY_AHEAD,Generator,89,PMax MW,DAY_AHEAD_wind.csv
340,REAL_TIME,Generator,89,PMin MW,REAL_TIME_wind.csv
341,REAL_TIME,Generator,89,PMax MW,REAL_TIME_wind.csv
342,DAY_AHEAD,Generator,90,PMin MW,DAY_AHEAD_wind.csv
343,DAY_AHEAD,Generator,90,PMax MW,DAY_AHEAD_wind.csv
344,REAL_TIME,Generator,90,PMin MW,REAL_TIME_wind.csv
345,REAL_TIME,Generator,90,PMax MW,REAL_TIME_wind.csv
346,DAY_AHEAD,Generator,91,PMin MW,DAY_AHEAD_wind.csv
347,DAY_AHEAD,Generator,91,PMax MW,DAY_AHEAD_wind.csv
348,REAL_TIME,Generator,91,PMin MW,REAL_TIME_wind.csv
349,REAL_TIME,Generator,91,PMax MW,REAL_TIME_wind.csv
350,DAY_AHEAD,Generator,92,PMin MW,DAY_AHEAD_wind.csv
351,DAY_AHEAD,Generator,92,PMax MW,DAY_AHEAD_wind.csv
352,REAL_TIME,Generator,92,PMin MW,REAL_TIME_wind.csv
353,REAL_TIME,Generator,92,PMax MW,REAL_TIME_wind.csv
358,DAY_AHEAD,Generator,96,PMin MW,DAY_AHEAD_wind.csv
359,DAY_AHEAD,Generator,96,PMax MW,DAY_AHEAD_wind.csv
360,REAL_TIME,Generator,96,PMin MW,REAL_TIME_wind.csv
361,REAL_TIME,Generator,96,PMax MW,REAL_TIME_wind.csv
362,DAY_AHEAD,Generator,97,PMin MW,DAY_AHEAD_wind.csv
363,DAY_AHEAD,Generator,97,PMax MW,DAY_AHEAD_wind.csv
364,REAL_TIME,Generator,97,PMin MW,REAL_TIME_wind.csv
365,REAL_TIME,Generator,97,PMax MW,REAL_TIME_wind.csv
382,DAY_AHEAD,Generator,109,PMin MW,DAY_AHEAD_wind.csv
383,DAY_AHEAD,Generator,109,PMax MW,DAY_AHEAD_wind.csv
384,REAL_TIME,Generator,109,PMin MW,REAL_TIME_wind.csv
385,REAL_TIME,Generator,109,PMax MW,REAL_TIME_wind.csv
390,DAY_AHEAD,Generator,113,PMin MW,DAY_AHEAD_wind.csv
391,DAY_AHEAD,Generator,113,PMax MW,DAY_AHEAD_wind.csv
392,REAL_TIME,Generator,113,PMin MW,REAL_TIME_wind.csv
393,REAL_TIME,Generator,113,PMax MW,REAL_TIME_wind.csv
394,DAY_AHEAD,Generator,115,PMin MW,DAY_AHEAD_wind.csv
395,DAY_AHEAD,Generator,115,PMax MW,DAY_AHEAD_wind.csv
396,REAL_TIME,Generator,115,PMin MW,REAL_TIME_wind.csv
397,REAL_TIME,Generator,115,PMax MW,REAL_TIME_wind.csv
398,DAY_AHEAD,Generator,117,PMin MW,DAY_AHEAD_wind.csv
399,DAY_AHEAD,Generator,117,PMax MW,DAY_AHEAD_wind.csv
400,REAL_TIME,Generator,117,PMin MW,REAL_TIME_wind.csv
401,REAL_TIME,Generator,117,PMax MW,REAL_TIME_wind.csv
410,DAY_AHEAD,Generator,125,PMin MW,DAY_AHEAD_wind.csv
411,DAY_AHEAD,Generator,125,PMax MW,DAY_AHEAD_wind.csv
412,REAL_TIME,Generator,125,PMin MW,REAL_TIME_wind.csv
413,REAL_TIME,Generator,125,PMax MW,REAL_TIME_wind.csv
414,DAY_AHEAD,Generator,128,PMin MW,DAY_AHEAD_wind.csv
415,DAY_AHEAD,Generator,128,PMax MW,DAY_AHEAD_wind.csv
416,REAL_TIME,Generator,128,PMin MW,REAL_TIME_wind.csv
417,REAL_TIME,Generator,128,PMax MW,REAL_TIME_wind.csv
442,DAY_AHEAD,Generator,139,PMin MW,DAY_AHEAD_wind.csv
443,DAY_AHEAD,Generator,139,PMax MW,DAY_AHEAD_wind.csv
444,REAL_TIME,Generator,139,PMin MW,REAL_TIME_wind.csv
445,REAL_TIME,Generator,139,PMax MW,REAL_TIME_wind.csv
466,DAY_AHEAD,Generator,157,PMin MW,DAY_AHEAD_wind.csv
467,DAY_AHEAD,Generator,157,PMax MW,DAY_AHEAD_wind.csv
468,REAL_TIME,Generator,157,PMin MW,REAL_TIME_wind.csv
469,REAL_TIME,Generator,157,PMax MW,REAL_TIME_wind.csv
474,DAY_AHEAD,Generator,162,PMin MW,DAY_AHEAD_wind.csv
475,DAY_AHEAD,Generator,162,PMax MW,DAY_AHEAD_wind.csv
476,REAL_TIME,Generator,162,PMin MW,REAL_TIME_wind.csv
477,REAL_TIME,Generator,162,PMax MW,REAL_TIME_wind.csv
490,DAY_AHEAD,Generator,194,PMin MW,DAY_AHEAD_wind.csv
491,DAY_AHEAD,Generator,194,PMax MW,DAY_AHEAD_wind.csv
492,REAL_TIME,Generator,194,PMin MW,REAL_TIME_wind.csv
493,REAL_TIME,Generator,194,PMax MW,REAL_TIME_wind.csv
498,DAY_AHEAD,Generator,204,PMin MW,DAY_AHEAD_wind.csv
499,DAY_AHEAD,Generator,204,PMax MW,DAY_AHEAD_wind.csv
500,REAL_TIME,Generator,204,PMin MW,REAL_TIME_wind.csv
501,REAL_TIME,Generator,204,PMax MW,REAL_TIME_wind.csv
502,DAY_AHEAD,Generator,205,PMin MW,DAY_AHEAD_wind.csv
503,DAY_AHEAD,Generator,205,PMax MW,DAY_AHEAD_wind.csv
504,REAL_TIME,Generator,205,PMin MW,REAL_TIME_wind.csv
505,REAL_TIME,Generator,205,PMax MW,REAL_TIME_wind.csv
506,DAY_AHEAD,Generator,206,PMin MW,DAY_AHEAD_wind.csv
507,DAY_AHEAD,Generator,206,PMax MW,DAY_AHEAD_wind.csv
508,REAL_TIME,Generator,206,PMin MW,REAL_TIME_wind.csv
509,REAL_TIME,Generator,206,PMax MW,REAL_TIME_wind.csv
542,DAY_AHEAD,Generator,266,PMin MW,DAY_AHEAD_wind.csv
543,DAY_AHEAD,Generator,266,PMax MW,DAY_AHEAD_wind.csv
544,REAL_TIME,Generator,266,PMin MW,REAL_TIME_wind.csv
545,REAL_TIME,Generator,266,PMax MW,REAL_TIME_wind.csv
546,DAY_AHEAD,Generator,267,PMin MW,DAY_AHEAD_wind.csv
547,DAY_AHEAD,Generator,267,PMax MW,DAY_AHEAD_wind.csv
548,REAL_TIME,Generator,267,PMin MW,REAL_TIME_wind.csv
549,REAL_TIME,Generator,267,PMax MW,REAL_TIME_wind.csv
554,DAY_AHEAD,Generator,272,PMin MW,DAY_AHEAD_wind.csv
555,DAY_AHEAD,Generator,272,PMax MW,DAY_AHEAD_wind.csv
556,REAL_TIME,Generator,272,PMin MW,REAL_TIME_wind.csv
557,REAL_TIME,Generator,272,PMax MW,REAL_TIME_wind.csv
566,DAY_AHEAD,Generator,279,PMin MW,DAY_AHEAD_wind.csv
567,DAY_AHEAD,Generator,279,PMax MW,DAY_AHEAD_wind.csv
568,REAL_TIME,Generator,279,PMin MW,REAL_TIME_wind.csv
569,REAL_TIME,Generator,279,PMax MW,REAL_TIME_wind.csv
570,DAY_AHEAD,Generator,281,PMin MW,DAY_AHEAD_wind.csv
571,DAY_AHEAD,Generator,281,PMax MW,DAY_AHEAD_wind.csv
572,REAL_TIME,Generator,281,PMin MW,REAL_TIME_wind.csv
573,REAL_TIME,Generator,281,PMax MW,REAL_TIME_wind.csv
574,DAY_AHEAD,Generator,9,PMin MW,DAY_AHEAD_solar.csv
575,DAY_AHEAD,Generator,9,PMax MW,DAY_AHEAD_solar.csv
576,REAL_TIME,Generator,9,PMin MW,REAL_TIME_solar.csv
577,REAL_TIME,Generator,9,PMax MW,REAL_TIME_solar.csv
582,DAY_AHEAD,Generator,21,PMin MW,DAY_AHEAD_solar.csv
583,DAY_AHEAD,Generator,21,PMax MW,DAY_AHEAD_solar.csv
584,REAL_TIME,Generator,21,PMin MW,REAL_TIME_solar.csv
585,REAL_TIME,Generator,21,PMax MW,REAL_TIME_solar.csv
586,DAY_AHEAD,Generator,22,PMin MW,DAY_AHEAD_solar.csv
587,DAY_AHEAD,Generator,22,PMax MW,DAY_AHEAD_solar.csv
588,REAL_TIME,Generator,22,PMin MW,REAL_TIME_solar.csv
589,REAL_TIME,Generator,22,PMax MW,REAL_TIME_solar.csv
594,DAY_AHEAD,Generator,30,PMin MW,DAY_AHEAD_solar.csv
595,DAY_AHEAD,Generator,30,PMax MW,DAY_AHEAD_solar.csv
596,REAL_TIME,Generator,30,PMin MW,REAL_TIME_solar.csv
597,REAL_TIME,Generator,30,PMax MW,REAL_TIME_solar.csv
598,DAY_AHEAD,Generator,32,PMin MW,DAY_AHEAD_solar.csv
599,DAY_AHEAD,Generator,32,PMax MW,DAY_AHEAD_solar.csv
600,REAL_TIME,Generator,32,PMin MW,REAL_TIME_solar.csv
601,REAL_TIME,Generator,32,PMax MW,REAL_TIME_solar.csv
646,DAY_AHEAD,Generator,56,PMin MW,DAY_AHEAD_solar.csv
647,DAY_AHEAD,Generator,56,PMax MW,DAY_AHEAD_solar.csv
648,REAL_TIME,Generator,56,PMin MW,REAL_TIME_solar.csv
649,REAL_TIME,Generator,56,PMax MW,REAL_TIME_solar.csv
650,DAY_AHEAD,Generator,57,PMin MW,DAY_AHEAD_solar.csv
651,DAY_AHEAD,Generator,57,PMax MW,DAY_AHEAD_solar.csv
652,REAL_TIME,Generator,57,PMin MW,REAL_TIME_solar.csv
653,REAL_TIME,Generator,57,PMax MW,REAL_TIME_solar.csv
654,DAY_AHEAD,Generator,58,PMin MW,DAY_AHEAD_solar.csv
655,DAY_AHEAD,Generator,58,PMax MW,DAY_AHEAD_solar.csv
656,REAL_TIME,Generator,58,PMin MW,REAL_TIME_solar.csv
657,REAL_TIME,Generator,58,PMax MW,REAL_TIME_solar.csv
658,DAY_AHEAD,Generator,59,PMin MW,DAY_AHEAD_solar.csv
659,DAY_AHEAD,Generator,59,PMax MW,DAY_AHEAD_solar.csv
660,REAL_TIME,Generator,59,PMin MW,REAL_TIME_solar.csv
661,REAL_TIME,Generator,59,PMax MW,REAL_TIME_solar.csv
678,DAY_AHEAD,Generator,101,PMin MW,DAY_AHEAD_solar.csv
679,DAY_AHEAD,Generator,101,PMax MW,DAY_AHEAD_solar.csv
680,REAL_TIME,Generator,101,PMin MW,REAL_TIME_solar.csv
681,REAL_TIME,Generator,101,PMax MW,REAL_TIME_solar.csv
682,DAY_AHEAD,Generator,106,PMin MW,DAY_AHEAD_solar.csv
683,DAY_AHEAD,Generator,106,PMax MW,DAY_AHEAD_solar.csv
684,REAL_TIME,Generator,106,PMin MW,REAL_TIME_solar.csv
685,REAL_TIME,Generator,106,PMax MW,REAL_TIME_solar.csv
686,DAY_AHEAD,Generator,111,PMin MW,DAY_AHEAD_solar.csv
687,DAY_AHEAD,Generator,111,PMax MW,DAY_AHEAD_solar.csv
688,REAL_TIME,Generator,111,PMin MW,REAL_TIME_solar.csv
689,REAL_TIME,Generator,111,PMax MW,REAL_TIME_solar.csv
694,DAY_AHEAD,Generator,123,PMin MW,DAY_AHEAD_solar.csv
695,DAY_AHEAD,Generator,123,PMax MW,DAY_AHEAD_solar.csv
696,REAL_TIME,Generator,123,PMin MW,REAL_TIME_solar.csv
697,REAL_TIME,Generator,123,PMax MW,REAL_TIME_solar.csv
698,DAY_AHEAD,Generator,126,PMin MW,DAY_AHEAD_solar.csv
699,DAY_AHEAD,Generator,126,PMax MW,DAY_AHEAD_solar.csv
700,REAL_TIME,Generator,126,PMin MW,REAL_TIME_solar.csv
701,REAL_TIME,Generator,126,PMax MW,REAL_TIME_solar.csv
702,DAY_AHEAD,Generator,127,PMin MW,DAY_AHEAD_solar.csv
703,DAY_AHEAD,Generator,127,PMax MW,DAY_AHEAD_solar.csv
704,REAL_TIME,Generator,127,PMin MW,REAL_TIME_solar.csv
705,REAL_TIME,Generator,127,PMax MW,REAL_TIME_solar.csv
714,DAY_AHEAD,Generator,153,PMin MW,DAY_AHEAD_solar.csv
715,DAY_AHEAD,Generator,153,PMax MW,DAY_AHEAD_solar.csv
716,REAL_TIME,Generator,153,PMin MW,REAL_TIME_solar.csv
717,REAL_TIME,Generator,153,PMax MW,REAL_TIME_solar.csv
718,DAY_AHEAD,Generator,154,PMin MW,DAY_AHEAD_solar.csv
719,DAY_AHEAD,Generator,154,PMax MW,DAY_AHEAD_solar.csv
720,REAL_TIME,Generator,154,PMin MW,REAL_TIME_solar.csv
721,REAL_TIME,Generator,154,PMax MW,REAL_TIME_solar.csv
722,DAY_AHEAD,Generator,158,PMin MW,DAY_AHEAD_solar.csv
723,DAY_AHEAD,Generator,158,PMax MW,DAY_AHEAD_solar.csv
724,REAL_TIME,Generator,158,PMin MW,REAL_TIME_solar.csv
725,REAL_TIME,Generator,158,PMax MW,REAL_TIME_solar.csv
734,DAY_AHEAD,Generator,164,PMin MW,DAY_AHEAD_solar.csv
735,DAY_AHEAD,Generator,164,PMax MW,DAY_AHEAD_solar.csv
736,REAL_TIME,Generator,164,PMin MW,REAL_TIME_solar.csv
737,REAL_TIME,Generator,164,PMax MW,REAL_TIME_solar.csv
738,DAY_AHEAD,Generator,167,PMin MW,DAY_AHEAD_solar.csv
739,DAY_AHEAD,Generator,167,PMax MW,DAY_AHEAD_solar.csv
740,REAL_TIME,Generator,167,PMin MW,REAL_TIME_solar.csv
741,REAL_TIME,Generator,167,PMax MW,REAL_TIME_solar.csv
742,DAY_AHEAD,Generator,168,PMin MW,DAY_AHEAD_solar.csv
743,DAY_AHEAD,Generator,168,PMax MW,DAY_AHEAD_solar.csv
744,REAL_TIME,Generator,168,PMin MW,REAL_TIME_solar.csv
745,REAL_TIME,Generator,168,PMax MW,REAL_TIME_solar.csv
746,DAY_AHEAD,Generator,170,PMin MW,DAY_AHEAD_solar.csv
747,DAY_AHEAD,Generator,170,PMax MW,DAY_AHEAD_solar.csv
748,REAL_TIME,Generator,170,PMin MW,REAL_TIME_solar.csv
749,REAL_TIME,Generator,170,PMax MW,REAL_TIME_solar.csv
750,DAY_AHEAD,Generator,172,PMin MW,DAY_AHEAD_solar.csv
751,DAY_AHEAD,Generator,172,PMax MW,DAY_AHEAD_solar.csv
752,REAL_TIME,Generator,172,PMin MW,REAL_TIME_solar.csv
753,REAL_TIME,Generator,172,PMax MW,REAL_TIME_solar.csv
754,DAY_AHEAD,Generator,173,PMin MW,DAY_AHEAD_solar.csv
755,DAY_AHEAD,Generator,173,PMax MW,DAY_AHEAD_solar.csv
756,REAL_TIME,Generator,173,PMin MW,REAL_TIME_solar.csv
757,REAL_TIME,Generator,173,PMax MW,REAL_TIME_solar.csv
758,DAY_AHEAD,Generator,188,PMin MW,DAY_AHEAD_solar.csv
759,DAY_AHEAD,Generator,188,PMax MW,DAY_AHEAD_solar.csv
760,REAL_TIME,Generator,188,PMin MW,REAL_TIME_solar.csv
761,REAL_TIME,Generator,188,PMax MW,REAL_TIME_solar.csv
782,DAY_AHEAD,Generator,210,PMin MW,DAY_AHEAD_solar.csv
783,DAY_AHEAD,Generator,210,PMax MW,DAY_AHEAD_solar.csv
784,REAL_TIME,Generator,210,PMin MW,REAL_TIME_solar.csv
785,REAL_TIME,Generator,210,PMax MW,REAL_TIME_solar.csv
790,DAY_AHEAD,Generator,217,PMin MW,DAY_AHEAD_solar.csv
791,DAY_AHEAD,Generator,217,PMax MW,DAY_AHEAD_solar.csv
792,REAL_TIME,Generator,217,PMin MW,REAL_TIME_solar.csv
793,REAL_TIME,Generator,217,PMax MW,REAL_TIME_solar.csv
794,DAY_AHEAD,Generator,218,PMin MW,DAY_AHEAD_solar.csv
795,DAY_AHEAD,Generator,218,PMax MW,DAY_AHEAD_solar.csv
796,REAL_TIME,Generator,218,PMin MW,REAL_TIME_solar.csv
797,REAL_TIME,Generator,218,PMax MW,REAL_TIME_solar.csv
798,DAY_AHEAD,Generator,219,PMin MW,DAY_AHEAD_solar.csv
799,DAY_AHEAD,Generator,219,PMax MW,DAY_AHEAD_solar.csv
800,REAL_TIME,Generator,219,PMin MW,REAL_TIME_solar.csv
801,REAL_TIME,Generator,219,PMax MW,REAL_TIME_solar.csv
806,DAY_AHEAD,Generator,225,PMin MW,DAY_AHEAD_solar.csv
807,DAY_AHEAD,Generator,225,PMax MW,DAY_AHEAD_solar.csv
808,REAL_TIME,Generator,225,PMin MW,REAL_TIME_solar.csv
809,REAL_TIME,Generator,225,PMax MW,REAL_TIME_solar.csv
838,DAY_AHEAD,Generator,265,PMin MW,DAY_AHEAD_solar.csv
839,DAY_AHEAD,Generator,265,PMax MW,DAY_AHEAD_solar.csv
840,REAL_TIME,Generator,265,PMin MW,REAL_TIME_solar.csv
841,REAL_TIME,Generator,265,PMax MW,REAL_TIME_solar.csv
850,DAY_AHEAD,Generator,277,PMin MW,DAY_AHEAD_solar.csv
851,DAY_AHEAD,Generator,277,PMax MW,DAY_AHEAD_solar.csv
852,REAL_TIME,Generator,277,PMin MW,REAL_TIME_solar.csv
853,REAL_TIME,Generator,277,PMax MW,REAL_TIME_solar.csv
854,DAY_AHEAD,Generator,278,PMin MW,DAY_AHEAD_solar.csv
855,DAY_AHEAD,Generator,278,PMax MW,DAY_AHEAD_solar.csv
856,REAL_TIME,Generator,278,PMin MW,REAL_TIME_solar.csv
857,REAL_TIME,Generator,278,PMax MW,REAL_TIME_solar.csv
858,DAY_AHEAD,Generator,282,PMin MW,DAY_AHEAD_solar.csv
859,DAY_AHEAD,Generator,282,PMax MW,DAY_AHEAD_solar.csv
860,REAL_TIME,Generator,282,PMin MW,REAL_TIME_solar.csv
861,REAL_TIME,Generator,282,PMax MW,REAL_TIME_solar.csv
863,REAL_TIME,Generator,pv_3-c,PMax MW,REAL_TIME_solar.csv
864,REAL_TIME,Generator,pv_6-c,PMax MW,REAL_TIME_solar.csv
865,REAL_TIME,Generator,pv_7-c,PMax MW,REAL_TIME_solar.csv
868,REAL_TIME,Generator,pv_13-c,PMax MW,REAL_TIME_solar.csv
874,REAL_TIME,Generator,pv_22-c,PMax MW,REAL_TIME_solar.csv
877,REAL_TIME,Generator,pv_26-c,PMax MW,REAL_TIME_solar.csv
878,REAL_TIME,Generator,pv_27-c,PMax MW,REAL_TIME_solar.csv
879,REAL_TIME,Generator,pv_28-c,PMax MW,REAL_TIME_solar.csv
880,REAL_TIME,Generator,pv_29-c,PMax MW,REAL_TIME_solar.csv
881,REAL_TIME,Generator,pv_30-c,PMax MW,REAL_TIME_solar.csv
882,REAL_TIME,Generator,pv_31-c,PMax MW,REAL_TIME_solar.csv
885,REAL_TIME,Generator,pv_34-c,PMax MW,REAL_TIME_solar.csv
888,REAL_TIME,Generator,pv_38-c,PMax MW,REAL_TIME_solar.csv
889,REAL_TIME,Generator,pv_40-c,PMax MW,REAL_TIME_solar.csv
893,REAL_TIME,Generator,pv_46-c,PMax MW,REAL_TIME_solar.csv
896,REAL_TIME,Generator,pv_50-c,PMax MW,REAL_TIME_solar.csv
900,REAL_TIME,Generator,pv_55-c,PMax MW,REAL_TIME_solar.csv
903,REAL_TIME,Generator,pv_59-c,PMax MW,REAL_TIME_solar.csv
907,REAL_TIME,Generator,pv_65-c,PMax MW,REAL_TIME_solar.csv
909,REAL_TIME,Generator,pv_68-c,PMax MW,REAL_TIME_solar.csv
910,REAL_TIME,Generator,pv_70-c,PMax MW,REAL_TIME_solar.csv
913,REAL_TIME,Generator,pv_76-c,PMax MW,REAL_TIME_solar.csv
914,REAL_TIME,Generator,pv_77-c,PMax MW,REAL_TIME_solar.csv
920,REAL_TIME,Generator,pv_83-c,PMax MW,REAL_TIME_solar.csv
922,REAL_TIME,Generator,pv_86-c,PMax MW,REAL_TIME_solar.csv
924,REAL_TIME,Generator,pv_88-c,PMax MW,REAL_TIME_solar.csv
925,REAL_TIME,Generator,pv_89-c,PMax MW,REAL_TIME_solar.csv
928,REAL_TIME,Generator,pv_92-c,PMax MW,REAL_TIME_solar.csv
930,REAL_TIME,Generator,pv_94-c,PMax MW,REAL_TIME_solar.csv
934,REAL_TIME,Generator,pv_101-c,PMax MW,REAL_TIME_solar.csv
935,REAL_TIME,Generator,pv_102-c,PMax MW,REAL_TIME_solar.csv
936,REAL_TIME,Generator,pv_106-c,PMax MW,REAL_TIME_solar.csv
944,REAL_TIME,Generator,pv_117-c,PMax MW,REAL_TIME_solar.csv
946,REAL_TIME,Generator,pv_119-c,PMax MW,REAL_TIME_solar.csv
949,REAL_TIME,Generator,pv_3-c,PMin MW,REAL_TIME_solar.csv
950,REAL_TIME,Generator,pv_6-c,PMin MW,REAL_TIME_solar.csv
951,REAL_TIME,Generator,pv_7-c,PMin MW,REAL_TIME_solar.csv
954,REAL_TIME,Generator,pv_13-c,PMin MW,REAL_TIME_solar.csv
960,REAL_TIME,Generator,pv_22-c,PMin MW,REAL_TIME_solar.csv
963,REAL_TIME,Generator,pv_26-c,PMin MW,REAL_TIME_solar.csv
964,REAL_TIME,Generator,pv_27-c,PMin MW,REAL_TIME_solar.csv
965,REAL_TIME,Generator,pv_28-c,PMin MW,REAL_TIME_solar.csv
966,REAL_TIME,Generator,pv_29-c,PMin MW,REAL_TIME_solar.csv
967,REAL_TIME,Generator,pv_30-c,PMin MW,REAL_TIME_solar.csv
968,REAL_TIME,Generator,pv_31-c,PMin MW,REAL_TIME_solar.csv
971,REAL_TIME,Generator,pv_34-c,PMin MW,REAL_TIME_solar.csv
974,REAL_TIME,Generator,pv_38-c,PMin MW,REAL_TIME_solar.csv
975,REAL_TIME,Generator,pv_40-c,PMin MW,REAL_TIME_solar.csv
979,REAL_TIME,Generator,pv_46-c,PMin MW,REAL_TIME_solar.csv
982,REAL_TIME,Generator,pv_50-c,PMin MW,REAL_TIME_solar.csv
986,REAL_TIME,Generator,pv_55-c,PMin MW,REAL_TIME_solar.csv
989,REAL_TIME,Generator,pv_59-c,PMin MW,REAL_TIME_solar.csv
993,REAL_TIME,Generator,pv_65-c,PMin MW,REAL_TIME_solar.csv
995,REAL_TIME,Generator,pv_68-c,PMin MW,REAL_TIME_solar.csv
996,REAL_TIME,Generator,pv_70-c,PMin MW,REAL_TIME_solar.csv
999,REAL_TIME,Generator,pv_76-c,PMin MW,REAL_TIME_solar.csv
1000,REAL_TIME,Generator,pv_77-c,PMin MW,REAL_TIME_solar.csv
1006,REAL_TIME,Generator,pv_83-c,PMin MW,REAL_TIME_solar.csv
1008,REAL_TIME,Generator,pv_86-c,PMin MW,REAL_TIME_solar.csv
1010,REAL_TIME,Generator,pv_88-c,PMin MW,REAL_TIME_solar.csv
1011,REAL_TIME,Generator,pv_89-c,PMin MW,REAL_TIME_solar.csv
1014,REAL_TIME,Generator,pv_92-c,PMin MW,REAL_TIME_solar.csv
1016,REAL_TIME,Generator,pv_94-c,PMin MW,REAL_TIME_solar.csv
1020,REAL_TIME,Generator,pv_101-c,PMin MW,REAL_TIME_solar.csv
1021,REAL_TIME,Generator,pv_102-c,PMin MW,REAL_TIME_solar.csv
1022,REAL_TIME,Generator,pv_106-c,PMin MW,REAL_TIME_solar.csv
1030,REAL_TIME,Generator,pv_117-c,PMin MW,REAL_TIME_solar.csv
1032,REAL_TIME,Generator,pv_119-c,PMin MW,REAL_TIME_solar.csv
1035,REAL_TIME,Generator,wind_3-c,PMax MW,REAL_TIME_wind.csv
1036,REAL_TIME,Generator,wind_6-c,PMax MW,REAL_TIME_wind.csv
1037,REAL_TIME,Generator,wind_7-c,PMax MW,REAL_TIME_wind.csv
1040,REAL_TIME,Generator,wind_13-c,PMax MW,REAL_TIME_wind.csv
1046,REAL_TIME,Generator,wind_22-c,PMax MW,REAL_TIME_wind.csv
1049,REAL_TIME,Generator,wind_26-c,PMax MW,REAL_TIME_wind.csv
1050,REAL_TIME,Generator,wind_27-c,PMax MW,REAL_TIME_wind.csv
1051,REAL_TIME,Generator,wind_28-c,PMax MW,REAL_TIME_wind.csv
1052,REAL_TIME,Generator,wind_29-c,PMax MW,REAL_TIME_wind.csv
1053,REAL_TIME,Generator,wind_30-c,PMax MW,REAL_TIME_wind.csv
1056,REAL_TIME,Generator,wind_33-c,PMax MW,REAL_TIME_wind.csv
1057,REAL_TIME,Generator,wind_34-c,PMax MW,REAL_TIME_wind.csv
1065,REAL_TIME,Generator,wind_46-c,PMax MW,REAL_TIME_wind.csv
1068,REAL_TIME,Generator,wind_50-c,PMax MW,REAL_TIME_wind.csv
1075,REAL_TIME,Generator,wind_59-c,PMax MW,REAL_TIME_wind.csv
1081,REAL_TIME,Generator,wind_68-c,PMax MW,REAL_TIME_wind.csv
1082,REAL_TIME,Generator,wind_70-c,PMax MW,REAL_TIME_wind.csv
1085,REAL_TIME,Generator,wind_76-c,PMax MW,REAL_TIME_wind.csv
1086,REAL_TIME,Generator,wind_77-c,PMax MW,REAL_TIME_wind.csv
1092,REAL_TIME,Generator,wind_83-c,PMax MW,REAL_TIME_wind.csv
1094,REAL_TIME,Generator,wind_86-c,PMax MW,REAL_TIME_wind.csv
1096,REAL_TIME,Generator,wind_88-c,PMax MW,REAL_TIME_wind.csv
1097,REAL_TIME,Generator,wind_89-c,PMax MW,REAL_TIME_wind.csv
1100,REAL_TIME,Generator,wind_92-c,PMax MW,REAL_TIME_wind.csv
1102,REAL_TIME,Generator,wind_94-c,PMax MW,REAL_TIME_wind.csv
1106,REAL_TIME,Generator,wind_101-c,PMax MW,REAL_TIME_wind.csv
1107,REAL_TIME,Generator,wind_102-c,PMax MW,REAL_TIME_wind.csv
1108,REAL_TIME,Generator,wind_106-c,PMax MW,REAL_TIME_wind.csv
1116,REAL_TIME,Generator,wind_117-c,PMax MW,REAL_TIME_wind.csv
1118,REAL_TIME,Generator,wind_119-c,PMax MW,REAL_TIME_wind.csv
1121,REAL_TIME,Generator,wind_3-c,PMin MW,REAL_TIME_wind.csv
1122,REAL_TIME,Generator,wind_6-c,PMin MW,REAL_TIME_wind.csv
1123,REAL_TIME,Generator,wind_7-c,PMin MW,REAL_TIME_wind.csv
1126,REAL_TIME,Generator,wind_13-c,PMin MW,REAL_TIME_wind.csv
1132,REAL_TIME,Generator,wind_22-c,PMin MW,REAL_TIME_wind.csv
1135,REAL_TIME,Generator,wind_26-c,PMin MW,REAL_TIME_wind.csv
1136,REAL_TIME,Generator,wind_27-c,PMin MW,REAL_TIME_wind.csv
1137,REAL_TIME,Generator,wind_28-c,PMin MW,REAL_TIME_wind.csv
1138,REAL_TIME,Generator,wind_29-c,PMin MW,REAL_TIME_wind.csv
1139,REAL_TIME,Generator,wind_30-c,PMin MW,REAL_TIME_wind.csv
1142,REAL_TIME,Generator,wind_33-c,PMin MW,REAL_TIME_wind.csv
1143,REAL_TIME,Generator,wind_34-c,PMin MW,REAL_TIME_wind.csv
1151,REAL_TIME,Generator,wind_46-c,PMin MW,REAL_TIME_wind.csv
1154,REAL_TIME,Generator,wind_50-c,PMin MW,REAL_TIME_wind.csv
1161,REAL_TIME,Generator,wind_59-c,PMin MW,REAL_TIME_wind.csv
1167,REAL_TIME,Generator,wind_68-c,PMin MW,REAL_TIME_wind.csv
1168,REAL_TIME,Generator,wind_70-c,PMin MW,REAL_TIME_wind.csv
1171,REAL_TIME,Generator,wind_76-c,PMin MW,REAL_TIME_wind.csv
1172,REAL_TIME,Generator,wind_77-c,PMin MW,REAL_TIME_wind.csv
1178,REAL_TIME,Generator,wind_83-c,PMin MW,REAL_TIME_wind.csv
1180,REAL_TIME,Generator,wind_86-c,PMin MW,REAL_TIME_wind.csv
1182,REAL_TIME,Generator,wind_88-c,PMin MW,REAL_TIME_wind.csv
1183,REAL_TIME,Generator,wind_89-c,PMin MW,REAL_TIME_wind.csv
1186,REAL_TIME,Generator,wind_92-c,PMin MW,REAL_TIME_wind.csv
1188,REAL_TIME,Generator,wind_94-c,PMin MW,REAL_TIME_wind.csv
1192,REAL_TIME,Generator,wind_101-c,PMin MW,REAL_TIME_wind.csv
1193,REAL_TIME,Generator,wind_102-c,PMin MW,REAL_TIME_wind.csv
1194,REAL_TIME,Generator,wind_106-c,PMin MW,REAL_TIME_wind.csv
1202,REAL_TIME,Generator,wind_117-c,PMin MW,REAL_TIME_wind.csv
1204,REAL_TIME,Generator,wind_119-c,PMin MW,REAL_TIME_wind.csv
863,DAY_AHEAD,Generator,pv_3-c,PMax MW,REAL_TIME_solar.csv
864,DAY_AHEAD,Generator,pv_6-c,PMax MW,REAL_TIME_solar.csv
865,DAY_AHEAD,Generator,pv_7-c,PMax MW,REAL_TIME_solar.csv
868,DAY_AHEAD,Generator,pv_13-c,PMax MW,REAL_TIME_solar.csv
874,DAY_AHEAD,Generator,pv_22-c,PMax MW,REAL_TIME_solar.csv
877,DAY_AHEAD,Generator,pv_26-c,PMax MW,REAL_TIME_solar.csv
878,DAY_AHEAD,Generator,pv_27-c,PMax MW,REAL_TIME_solar.csv
879,DAY_AHEAD,Generator,pv_28-c,PMax MW,REAL_TIME_solar.csv
880,DAY_AHEAD,Generator,pv_29-c,PMax MW,REAL_TIME_solar.csv
881,DAY_AHEAD,Generator,pv_30-c,PMax MW,REAL_TIME_solar.csv
882,DAY_AHEAD,Generator,pv_31-c,PMax MW,REAL_TIME_solar.csv
885,DAY_AHEAD,Generator,pv_34-c,PMax MW,REAL_TIME_solar.csv
888,DAY_AHEAD,Generator,pv_38-c,PMax MW,REAL_TIME_solar.csv
889,DAY_AHEAD,Generator,pv_40-c,PMax MW,REAL_TIME_solar.csv
893,DAY_AHEAD,Generator,pv_46-c,PMax MW,REAL_TIME_solar.csv
896,DAY_AHEAD,Generator,pv_50-c,PMax MW,REAL_TIME_solar.csv
900,DAY_AHEAD,Generator,pv_55-c,PMax MW,REAL_TIME_solar.csv
903,DAY_AHEAD,Generator,pv_59-c,PMax MW,REAL_TIME_solar.csv
907,DAY_AHEAD,Generator,pv_65-c,PMax MW,REAL_TIME_solar.csv
909,DAY_AHEAD,Generator,pv_68-c,PMax MW,REAL_TIME_solar.csv
910,DAY_AHEAD,Generator,pv_70-c,PMax MW,REAL_TIME_solar.csv
913,DAY_AHEAD,Generator,pv_76-c,PMax MW,REAL_TIME_solar.csv
914,DAY_AHEAD,Generator,pv_77-c,PMax MW,REAL_TIME_solar.csv
920,DAY_AHEAD,Generator,pv_83-c,PMax MW,REAL_TIME_solar.csv
922,DAY_AHEAD,Generator,pv_86-c,PMax MW,REAL_TIME_solar.csv
924,DAY_AHEAD,Generator,pv_88-c,PMax MW,REAL_TIME_solar.csv
925,DAY_AHEAD,Generator,pv_89-c,PMax MW,REAL_TIME_solar.csv
928,DAY_AHEAD,Generator,pv_92-c,PMax MW,REAL_TIME_solar.csv
930,DAY_AHEAD,Generator,pv_94-c,PMax MW,REAL_TIME_solar.csv
934,DAY_AHEAD,Generator,pv_101-c,PMax MW,REAL_TIME_solar.csv
935,DAY_AHEAD,Generator,pv_102-c,PMax MW,REAL_TIME_solar.csv
936,DAY_AHEAD,Generator,pv_106-c,PMax MW,REAL_TIME_solar.csv
944,DAY_AHEAD,Generator,pv_117-c,PMax MW,REAL_TIME_solar.csv
946,DAY_AHEAD,Generator,pv_119-c,PMax MW,REAL_TIME_solar.csv
949,DAY_AHEAD,Generator,pv_3-c,PMin MW,REAL_TIME_solar.csv
950,DAY_AHEAD,Generator,pv_6-c,PMin MW,REAL_TIME_solar.csv
951,DAY_AHEAD,Generator,pv_7-c,PMin MW,REAL_TIME_solar.csv
954,DAY_AHEAD,Generator,pv_13-c,PMin MW,REAL_TIME_solar.csv
960,DAY_AHEAD,Generator,pv_22-c,PMin MW,REAL_TIME_solar.csv
963,DAY_AHEAD,Generator,pv_26-c,PMin MW,REAL_TIME_solar.csv
964,DAY_AHEAD,Generator,pv_27-c,PMin MW,REAL_TIME_solar.csv
965,DAY_AHEAD,Generator,pv_28-c,PMin MW,REAL_TIME_solar.csv
966,DAY_AHEAD,Generator,pv_29-c,PMin MW,REAL_TIME_solar.csv
967,DAY_AHEAD,Generator,pv_30-c,PMin MW,REAL_TIME_solar.csv
968,DAY_AHEAD,Generator,pv_31-c,PMin MW,REAL_TIME_solar.csv
971,DAY_AHEAD,Generator,pv_34-c,PMin MW,REAL_TIME_solar.csv
974,DAY_AHEAD,Generator,pv_38-c,PMin MW,REAL_TIME_solar.csv
975,DAY_AHEAD,Generator,pv_40-c,PMin MW,REAL_TIME_solar.csv
979,DAY_AHEAD,Generator,pv_46-c,PMin MW,REAL_TIME_solar.csv
982,DAY_AHEAD,Generator,pv_50-c,PMin MW,REAL_TIME_solar.csv
986,DAY_AHEAD,Generator,pv_55-c,PMin MW,REAL_TIME_solar.csv
989,DAY_AHEAD,Generator,pv_59-c,PMin MW,REAL_TIME_solar.csv
993,DAY_AHEAD,Generator,pv_65-c,PMin MW,REAL_TIME_solar.csv
995,DAY_AHEAD,Generator,pv_68-c,PMin MW,REAL_TIME_solar.csv
996,DAY_AHEAD,Generator,pv_70-c,PMin MW,REAL_TIME_solar.csv
999,DAY_AHEAD,Generator,pv_76-c,PMin MW,REAL_TIME_solar.csv
1000,DAY_AHEAD,Generator,pv_77-c,PMin MW,REAL_TIME_solar.csv
1006,DAY_AHEAD,Generator,pv_83-c,PMin MW,REAL_TIME_solar.csv
1008,DAY_AHEAD,Generator,pv_86-c,PMin MW,REAL_TIME_solar.csv
1010,DAY_AHEAD,Generator,pv_88-c,PMin MW,REAL_TIME_solar.csv
1011,DAY_AHEAD,Generator,pv_89-c,PMin MW,REAL_TIME_solar.csv
1014,DAY_AHEAD,Generator,pv_92-c,PMin MW,REAL_TIME_solar.csv
1016,DAY_AHEAD,Generator,pv_94-c,PMin MW,REAL_TIME_solar.csv
1020,DAY_AHEAD,Generator,pv_101-c,PMin MW,REAL_TIME_solar.csv
1021,DAY_AHEAD,Generator,pv_102-c,PMin MW,REAL_TIME_solar.csv
1022,DAY_AHEAD,Generator,pv_106-c,PMin MW,REAL_TIME_solar.csv
1030,DAY_AHEAD,Generator,pv_117-c,PMin MW,REAL_TIME_solar.csv
1032,DAY_AHEAD,Generator,pv_119-c,PMin MW,REAL_TIME_solar.csv
1035,DAY_AHEAD,Generator,wind_3-c,PMax MW,REAL_TIME_wind.csv
1036,DAY_AHEAD,Generator,wind_6-c,PMax MW,REAL_TIME_wind.csv
1037,DAY_AHEAD,Generator,wind_7-c,PMax MW,REAL_TIME_wind.csv
1040,DAY_AHEAD,Generator,wind_13-c,PMax MW,REAL_TIME_wind.csv
1046,DAY_AHEAD,Generator,wind_22-c,PMax MW,REAL_TIME_wind.csv
1049,DAY_AHEAD,Generator,wind_26-c,PMax MW,REAL_TIME_wind.csv
1050,DAY_AHEAD,Generator,wind_27-c,PMax MW,REAL_TIME_wind.csv
1051,DAY_AHEAD,Generator,wind_28-c,PMax MW,REAL_TIME_wind.csv
1052,DAY_AHEAD,Generator,wind_29-c,PMax MW,REAL_TIME_wind.csv
1053,DAY_AHEAD,Generator,wind_30-c,PMax MW,REAL_TIME_wind.csv
1056,DAY_AHEAD,Generator,wind_33-c,PMax MW,REAL_TIME_wind.csv
1057,DAY_AHEAD,Generator,wind_34-c,PMax MW,REAL_TIME_wind.csv
1065,DAY_AHEAD,Generator,wind_46-c,PMax MW,REAL_TIME_wind.csv
1068,DAY_AHEAD,Generator,wind_50-c,PMax MW,REAL_TIME_wind.csv
1075,DAY_AHEAD,Generator,wind_59-c,PMax MW,REAL_TIME_wind.csv
1081,DAY_AHEAD,Generator,wind_68-c,PMax MW,REAL_TIME_wind.csv
1082,DAY_AHEAD,Generator,wind_70-c,PMax MW,REAL_TIME_wind.csv
1085,DAY_AHEAD,Generator,wind_76-c,PMax MW,REAL_TIME_wind.csv
1086,DAY_AHEAD,Generator,wind_77-c,PMax MW,REAL_TIME_wind.csv
1092,DAY_AHEAD,Generator,wind_83-c,PMax MW,REAL_TIME_wind.csv
1094,DAY_AHEAD,Generator,wind_86-c,PMax MW,REAL_TIME_wind.csv
1096,DAY_AHEAD,Generator,wind_88-c,PMax MW,REAL_TIME_wind.csv
1097,DAY_AHEAD,Generator,wind_89-c,PMax MW,REAL_TIME_wind.csv
1100,DAY_AHEAD,Generator,wind_92-c,PMax MW,REAL_TIME_wind.csv
1102,DAY_AHEAD,Generator,wind_94-c,PMax MW,REAL_TIME_wind.csv
1106,DAY_AHEAD,Generator,wind_101-c,PMax MW,REAL_TIME_wind.csv
1107,DAY_AHEAD,Generator,wind_102-c,PMax MW,REAL_TIME_wind.csv
1108,DAY_AHEAD,Generator,wind_106-c,PMax MW,REAL_TIME_wind.csv
1116,DAY_AHEAD,Generator,wind_117-c,PMax MW,REAL_TIME_wind.csv
1118,DAY_AHEAD,Generator,wind_119-c,PMax MW,REAL_TIME_wind.csv
1121,DAY_AHEAD,Generator,wind_3-c,PMin MW,REAL_TIME_wind.csv
1122,DAY_AHEAD,Generator,wind_6-c,PMin MW,REAL_TIME_wind.csv
1123,DAY_AHEAD,Generator,wind_7-c,PMin MW,REAL_TIME_wind.csv
1126,DAY_AHEAD,Generator,wind_13-c,PMin MW,REAL_TIME_wind.csv
1132,DAY_AHEAD,Generator,wind_22-c,PMin MW,REAL_TIME_wind.csv
1135,DAY_AHEAD,Generator,wind_26-c,PMin MW,REAL_TIME_wind.csv
1136,DAY_AHEAD,Generator,wind_27-c,PMin MW,REAL_TIME_wind.csv
1137,DAY_AHEAD,Generator,wind_28-c,PMin MW,REAL_TIME_wind.csv
1138,DAY_AHEAD,Generator,wind_29-c,PMin MW,REAL_TIME_wind.csv
1139,DAY_AHEAD,Generator,wind_30-c,PMin MW,REAL_TIME_wind.csv
1142,DAY_AHEAD,Generator,wind_33-c,PMin MW,REAL_TIME_wind.csv
1143,DAY_AHEAD,Generator,wind_34-c,PMin MW,REAL_TIME_wind.csv
1151,DAY_AHEAD,Generator,wind_46-c,PMin MW,REAL_TIME_wind.csv
1154,DAY_AHEAD,Generator,wind_50-c,PMin MW,REAL_TIME_wind.csv
1161,DAY_AHEAD,Generator,wind_59-c,PMin MW,REAL_TIME_wind.csv
1167,DAY_AHEAD,Generator,wind_68-c,PMin MW,REAL_TIME_wind.csv
1168,DAY_AHEAD,Generator,wind_70-c,PMin MW,REAL_TIME_wind.csv
1171,DAY_AHEAD,Generator,wind_76-c,PMin MW,REAL_TIME_wind.csv
1172,DAY_AHEAD,Generator,wind_77-c,PMin MW,REAL_TIME_wind.csv
1178,DAY_AHEAD,Generator,wind_83-c,PMin MW,REAL_TIME_wind.csv
1180,DAY_AHEAD,Generator,wind_86-c,PMin MW,REAL_TIME_wind.csv
1182,DAY_AHEAD,Generator,wind_88-c,PMin MW,REAL_TIME_wind.csv
1183,DAY_AHEAD,Generator,wind_89-c,PMin MW,REAL_TIME_wind.csv
1186,DAY_AHEAD,Generator,wind_92-c,PMin MW,REAL_TIME_wind.csv
1188,DAY_AHEAD,Generator,wind_94-c,PMin MW,REAL_TIME_wind.csv
1192,DAY_AHEAD,Generator,wind_101-c,PMin MW,REAL_TIME_wind.csv
1193,DAY_AHEAD,Generator,wind_102-c,PMin MW,REAL_TIME_wind.csv
1194,DAY_AHEAD,Generator,wind_106-c,PMin MW,REAL_TIME_wind.csv
1202,DAY_AHEAD,Generator,wind_117-c,PMin MW,REAL_TIME_wind.csv
1204,DAY_AHEAD,Generator,wind_119-c,PMin MW,REAL_TIME_wind.csv
