Generator,total_cost,total_revenue,total_uplift,total_dispatch_MWh,online_hours,net_profit,Unit Type,PMax MW,PMin MW,Fuel Price $/MMBTU,Bus ID,capacity_factor,profit_per_MWh,revenue_per_MWh,cost_per_MWh,uplift_per_MWh
1,165073294.140098,456552467.111782,0.0,21275496.844946,8760,291479172.971684,NUC,2430.0,729.0,0.2542670294888964,107,0.9994690063770036,13.700228723021569,21.4590742786924,7.7588455556708285,0.0
10,0.0,0.0,0.0,0.0,0,0.0,CT,92.7,27.81,2.1524829417099514,62,0.0,,,,
100,19627492.222204,19744816.439148,10893.542463,842531.762271,2535,128217.75940700248,CT,618.7,185.61,0.8577448396705799,36,0.15545405675897983,0.15218151427478327,23.43510040016401,23.295848419173097,0.012929533283869359
105,10606415.227042,10797168.622912,716.349546,467804.52010500006,3686,191469.74541600049,CT,249.0,74.7,1.5047530605187318,74,0.21446723886642463,0.40929434664937514,23.08051367372112,22.672750628107142,0.0015313010353966083
107,577649.3794399999,581786.308725,482.962819,24627.625245,188,4619.892104000086,CT,150.0,45.0,0.9462655164914826,120,0.018742484965753425,0.18758983288240652,23.623321491101407,23.455342270862136,0.0196106126431355
108,1276112.1881590001,1283710.902129,1218.556983,54548.154611,413,8817.270952999825,CT,169.5,50.85,1.1336285540599218,94,0.03673721704381676,0.1616419660001067,23.5335349341063,23.394232073648624,0.02233910554243149
11,0.0,0.0,0.0,0.0,0,0.0,CT,678.1,203.43,0.903205830527238,62,0.0,,,,
112,350631.118126,352216.812871,798.332332,14872.777111,82,2384.027077000006,CT,250.0,75.0,1.006326568161377,82,0.006791222425114155,0.16029468196876054,23.681980187176894,23.575362927120786,0.05367742191265331
114,139935.124915,139838.009144,317.184712,5830.868549,43,220.068941000005,CT,165.6,49.68,1.1179969852689275,30,0.004019470190727505,0.03774205148866665,23.98236351391979,23.9990189693093,0.054397506878181554
118,0.0,0.0,0.0,0.0,0,0.0,CT,225.0,67.5,2.054088560188828,93,0.0,,,,
12,0.0,0.0,0.0,0.0,0,0.0,CT,260.0,78.0,1.4972738826228251,62,0.0,,,,
121,38175428.503688,38469067.309809,12559.007994,1653453.2047579999,2989,306197.81411500275,CT,1097.4,329.22,1.1771785372892054,53,0.17199778188441253,0.18518686421477407,23.26589418987479,23.088302949145376,0.00759562348535781
122,0.0,0.0,0.0,0.0,0,0.0,CT,243.3,72.99,1.635191381686083,81,0.0,,,,
124,0.0,0.0,0.0,0.0,0,0.0,CT,44.0,13.2,1.0605605524712256,98,0.0,,,,
129,0.0,0.0,0.0,0.0,0,0.0,CT,126.5,37.95,1.3463239673399223,48,0.0,,,,
13,0.0,0.0,0.0,0.0,0,0.0,CT,497.9,149.37,1.2797986372326344,62,0.0,,,,
130,0.0,0.0,0.0,0.0,0,0.0,CT,209.0,62.7,2.0041554964176056,48,0.0,,,,
137,25612854.699211,26108990.222673,1856.3293739999997,1112726.334908,7238,497991.85283599794,CT,200.0,60.0,0.9505145242718448,85,0.63511777106621,0.44754207500370863,23.463981577133865,23.01810777339845,0.0016682712682930083
138,12784590.92779,12841635.331742,12859.103868,542540.238558,3573,69903.50782000087,CT,201.6,60.48,1.4253134028498116,85,0.3072113947767177,0.12884483555688908,23.669461579243162,23.56431840294417,0.023701659257897245
14,0.0,0.0,0.0,0.0,0,0.0,CT,22.0,6.6,2.165097354526605,110,0.0,,,,
144,0.0,0.0,0.0,0.0,0,0.0,CT,52.1,15.63,0.9936742340239272,62,0.0,,,,
147,26817.645342,26808.506494999998,9.138846,1102.3133,7,-1.0000003385357559e-06,CT,181.7,54.51,0.9920883225455048,75,0.0006925418359833435,-9.071834101391645e-10,24.320224109606585,24.32851471718612,0.008290606672349866
148,0.0,0.0,0.0,0.0,0,0.0,CT,13.9,4.17,1.0929875772757078,83,0.0,,,,
149,1236.8048760000001,2116.336001,246.473411,48.0,9,1126.004536,CT,10.0,3.0,0.9156230628945522,52,0.000547945205479452,23.45842783333333,44.09033335416667,25.766768250000002,5.134862729166667
15,0.0,0.0,0.0,0.0,0,0.0,CT,50.1,15.03,1.181493668823822,110,0.0,,,,
150,1437.996801,2116.336001,313.51465199999996,48.0,9,991.853852,CT,10.0,3.0,1.1148302156430143,52,0.000547945205479452,20.663621916666667,44.09033335416667,29.9582666875,6.531555249999999
151,3289.489804,2174.869151,1556.818604,89.54,5,442.1979510000001,CT,40.7,12.21,1.61799733096453,52,0.00025114155251141555,4.93855205494751,24.289358398481124,36.737656957784225,17.386850614250612
155,0.0,0.0,0.0,0.0,0,0.0,CT,30.0,9.0,0.94558006519377,79,0.0,,,,
156,0.0,0.0,0.0,0.0,0,0.0,CT,661.5,198.45,1.0969523361344538,43,0.0,,,,
16,248330.068648,249012.562245,76.44003000000001,10463.824885,59,758.9336270000204,CT,203.2,60.96,1.0769369945137293,110,0.00587844762622245,0.07252927446138357,23.797470330563545,23.732246227092702,0.0073051709905407125
165,94051042.279013,117320164.379667,0.0,5437289.545048,8760,23269122.100654006,COAL,1175.4,352.62,0.8841376239181747,82,0.5280714255098624,4.279544414155084,21.576957307067836,17.297412892912753,0.0
166,0.0,0.0,0.0,0.0,0,0.0,CT,927.5,278.25,1.379765644323086,27,0.0,,,,
171,843963.7353010001,846196.403177,2102.446346,35919.270755,175,4335.114221999887,CT,357.6,107.28,1.1404624148174034,76,0.011466368495129886,0.12069048538231905,23.55828460295811,23.49612666297017,0.058532545394378244
174,0.0,0.0,0.0,0.0,0,0.0,CT,418.0,125.4,1.5295849389708038,13,0.0,,,,
175,74187935.121399,86034932.631479,0.0,3978844.411547,8736,11846997.510079995,COAL,852.2,255.66,0.9902722295114068,82,0.5329805011186465,2.9774970530887903,21.623095485160743,18.645598432071953,0.0
176,99126207.73944099,104313470.872836,79900.175042,4663870.782053,6418,5267163.308437005,CT,1850.8,555.24,1.1595931006914113,82,0.2876622759979518,1.1293544685469266,22.366286663482132,21.254063924945708,0.017131730010501826
177,77296083.860143,89800020.151793,6485.104124,4296623.763767,8077,12510421.395773992,COAL,1108.3,332.49,0.9030448037858836,98,0.4425536089629022,2.9116864970289296,20.90013580175849,17.9899586535766,0.0015093488470385135
178,15108268.247903,15214460.584824,5340.000165,663712.580858,2069,111532.33708599955,CT,803.2,240.96,1.061178435649735,81,0.09433052334867152,0.1680431263511964,22.923266823051385,22.763269348265354,0.008045651565165199
179,134870.189271,134754.277711,287.888062,5739.539495,65,171.97650200000498,CT,109.9,32.97,1.3265089899058322,1,0.005961770450305591,0.029963466955811056,23.47823859882682,23.498433870607943,0.05015873873693067
18,0.0,0.0,0.0,0.0,0,0.0,CT,432.0,129.6,0.973432721849366,32,0.0,,,,
180,0.0,0.0,0.0,0.0,0,0.0,CT,939.6,281.88,0.9448272148233928,54,0.0,,,,
181,117313325.145275,166115365.871629,19285.949877,8036710.515467,8760,48821326.676231,COAL,1980.0,594.0,0.6404287158054711,98,0.46334985214398555,6.074789751636845,20.66957190406855,14.597181884242362,0.0023997318106560323
182,127949939.164581,141519035.633323,0.0,6565387.569006,7712,13569096.468742013,CT,2379.6,713.88,1.0787317411784147,78,0.31495775205139803,2.0667624456474205,21.555320862001906,19.488558416354486,0.0
183,0.0,0.0,0.0,0.0,0,0.0,CT,713.4,214.02,0.8703068737915861,1,0.0,,,,
184,0.0,0.0,0.0,0.0,0,0.0,CT,570.0,171.0,1.2494599473558268,98,0.0,,,,
185,93674414.740485,116805230.707632,0.0,5410545.909841,8760,23130815.967147008,COAL,1186.8,356.04,0.8731460139860141,117,0.5204265479868546,4.27513532877993,21.588437221312585,17.313301892532653,0.0
186,2001561.311891,2018429.62318,2206.40954,85246.68584100001,165,19074.720828999998,CT,1036.0,310.8,1.2564754439720858,102,0.009393201574482998,0.22375908976189046,23.677514301784406,23.47963785506292,0.025882643040403237
187,101702074.728285,131234875.826044,0.0,6074145.399552001,8760,29532801.097758994,COAL,1314.8,394.44,0.8209798100495173,55,0.5273772387862522,4.862050404644115,21.605488047046624,16.743437642402508,0.0
189,0.0,0.0,0.0,0.0,0,0.0,CT,746.0,223.8,1.1556237078568794,27,0.0,,,,
193,90654979.836871,95299015.987596,29448.094064,4207100.0545,5533,4673484.244789004,CT,1734.0,520.2,0.7770079047619048,58,0.2769680295842484,1.1108564531975298,22.651949027373913,21.54809219236528,0.0069996181888999105
195,16265237.587059,16215495.175039,132544.395857,697856.052205,1128,82801.98383700103,CT,1280.0,384.0,0.9047290839782836,40,0.06223744757821418,0.11865195347288811,23.23616041417606,23.307439314549324,0.18993085384615133
197,0.0,0.0,0.0,0.0,0,0.0,CT,427.7,128.31,1.4491534553259198,87,0.0,,,,
2,0.0,0.0,0.0,0.0,0,0.0,CT,304.6,91.38,1.7474486691506212,100,0.0,,,,
201,574942.682256,577101.599376,3160.172189,24199.120189,65,5319.0893089999445,CT,603.6,181.08,0.9039355169309604,42,0.004576634596719531,0.21980507007927502,23.848040543156955,23.758825848443326,0.13059037536565044
202,9274088.769720001,9295385.330793,13557.341191,402382.227235,1032,34853.902263998985,CT,788.4,236.52,0.8461888827666679,115,0.05826235946842805,0.08661889095723789,23.100884436837447,23.04795823972546,0.0336926938452533
203,0.0,0.0,0.0,0.0,0,0.0,CT,803.2,240.96,1.5115193237740507,99,0.0,,,,
207,0.0,0.0,0.0,0.0,0,0.0,CT,634.7,190.41,1.7024017388658246,89,0.0,,,,
208,0.0,0.0,0.0,0.0,0,0.0,CT,153.9,46.17,1.701588059701492,86,0.0,,,,
209,33653.811331,33362.887761,290.92357,1437.1268,5,0.0,CT,590.6,177.18,1.7846784122499202,89,0.00027777780354936625,0.0,23.21499241472638,23.41742658407038,0.2024341693439994
211,0.0,0.0,0.0,0.0,0,0.0,CT,536.4,160.92,0.9880583431101692,106,0.0,,,,
212,2282214.507015,2299200.352829,1154.203885,100256.183083,1060,18140.049699000083,CT,230.0,69.0,1.7028458919447769,92,0.04975986851449275,0.18093696708942444,22.933252415220515,22.763827993786702,0.011512545655607682
213,5401130.111653,5435853.8841430005,2250.169109,227767.330608,6735,36973.941599000245,CT,35.0,10.5,1.0452742132657142,90,0.7428810522113503,0.16233206711560588,23.865818990074576,23.713366167286914,0.009879244327943869
215,92247645.022883,95386939.73908,3326.79712,4013486.776996,8232,3142621.513317004,CT,923.8,277.14,1.1509029256608818,90,0.4959521443832849,0.783015290178477,23.76660122211113,22.984414836400227,0.0008289044675737113
216,0.0,0.0,0.0,0.0,0,0.0,CT,48.0,14.4,1.574636043425813,68,0.0,,,,
220,0.0,0.0,0.0,0.0,0,0.0,CT,815.0,244.5,1.1132456371260038,68,0.0,,,,
222,22279197.23599,22141744.845556,166484.457321,924713.031345,1942,29032.066886998713,CT,878.4,263.52,0.9861921807124236,90,0.12017400765830465,0.03139575836275543,23.944449894202002,24.09309318760739,0.1800390517681442
223,0.0,0.0,0.0,0.0,0,0.0,CT,453.2,135.96,1.1355680102070405,100,0.0,,,,
224,92706.324924,92380.077909,444.851185,3956.737121,25,118.60417000000598,CT,252.0,75.6,0.9091926031690754,100,0.0017923901577335654,0.029975246364112945,23.34753992594091,23.429993474160852,0.11242879458405142
226,0.0,0.0,0.0,0.0,0,0.0,CT,102.7,30.81,0.9427687181771128,86,0.0,,,,
227,40651956.114351,42613867.156409,12416.053336,1891596.569359,4279,1974327.0953940079,CT,1189.9,356.97,1.1546185806527702,54,0.18147380572625918,1.043735819452793,22.527989237604423,21.490817213802945,0.006563795651314484
228,0.0,0.0,0.0,0.0,0,0.0,CT,10.2,3.06,0.990269519041117,44,0.0,,,,
229,0.0,0.0,0.0,0.0,0,0.0,CT,918.3,275.49,1.1688514326647563,44,0.0,,,,
230,159639106.932363,172483010.315676,0.0,7324509.081504,8485,12843903.383313,CT,1690.0,507.0,0.9852493464997796,91,0.49475217377968717,1.7535514312824987,23.5487468711362,21.7951954398537,0.0
231,0.0,0.0,0.0,0.0,0,0.0,CT,101.9,30.57,1.832145706332312,91,0.0,,,,
232,91103780.684007,112480483.540141,18883.789876,4791548.205882,8748,21395586.646009997,COAL,939.7,281.91,0.9874200907981447,91,0.5820798007867565,4.465276300412723,23.474768218352143,19.013432980215036,0.00394106227561661
234,0.0,0.0,0.0,0.0,0,0.0,CT,643.6,193.08,1.4352384379982035,91,0.0,,,,
235,317887091.192312,374825842.660955,123234.587666,16293966.382985998,8707,57061986.056308985,CT,4008.4,1202.52,0.756270487814298,65,0.4640359805762351,3.5020316548518573,23.003965630636415,19.509497179535526,0.007563203750971303
239,0.0,0.0,0.0,0.0,0,0.0,CT,15.0,4.5,1.4775022976796837,33,0.0,,,,
241,96170321.531177,121043401.940899,11256.371366,5398643.335805001,8664,24884336.781087995,COAL,1176.0,352.8,0.8648580708055413,15,0.5240505831823883,4.609368545621369,22.421077743386434,17.813794234813418,0.002085037048353472
242,132039251.749357,136342545.301269,87989.62878900001,5898760.414853,7300,4391283.1807010025,CT,1795.4,538.62,0.9299296732522796,52,0.3750554063614753,0.7444416914516159,23.113762165684893,22.384237104609966,0.014916630376687837
243,26960423.483976,27763657.864412,0.0,1195193.271798,6178,803234.3804359995,CT,376.9,113.07,0.988869208625827,88,0.36199943779462596,0.6720539676630262,23.22942951531637,22.557375547653344,0.0
244,15081664.511357,15466093.555877,142.367392,663771.504124,4984,384571.4119119998,CT,215.2,64.56,1.1266653739373105,33,0.3521050313842067,0.5793731871926782,23.300327687745632,22.721168983083636,0.0002144825306833361
246,1634087.03733,1639545.626633,3493.485525,67775.135132,143,8952.07482800004,CT,689.4,206.82,0.9048440578102798,80,0.011222639356173656,0.13208494251711678,24.190960644191907,24.11042094047359,0.05154523879880178
25,0.0,0.0,0.0,0.0,0,0.0,CT,914.6,274.38,1.4784505587435817,100,0.0,,,,
250,14834171.741031,14798615.804065,65102.10968,626819.601958,2007,29546.172714000568,COAL,410.0,123.0,1.3054924848328384,80,0.1745237782486914,0.047136644453534986,23.609050766502005,23.665775120454775,0.1038609984063041
253,685183.130708,685271.403051,1371.098982,28040.022622,43,1459.3713249999564,CT,1088.2,326.46,0.9640035545927848,25,0.0029414775082054986,0.052046010970581175,24.439046012514304,24.435897928641836,0.048897927098113164
256,671456.285569,675576.297776,0.0,28022.135100000003,59,4120.012206999934,CT,932.0,279.6,1.505042213681783,23,0.0034322681007113885,0.14702706243821992,24.10866607291462,23.9616390104764,0.0
257,175393.595835,175153.314053,364.004821,7285.752228,36,123.72303900003317,CT,229.6,68.88,1.1243363833421858,79,0.003622416704453248,0.01698150515255666,24.040525751049465,24.073505431730414,0.049961185833507595
259,0.0,0.0,0.0,0.0,0,0.0,CT,892.0,267.6,1.638543866108786,8,0.0,,,,
26,87861752.353651,117318516.958672,19072.628361,5733703.232434,8640,29475837.233382,COAL,1530.0,459.0,0.7587703713706954,100,0.42779891011087234,5.140802730536385,20.461211925834085,15.323735601912732,0.003326406615032206
261,105476561.226997,147229556.214262,168787.40622900001,6632928.212087,8736,41921782.393493995,COAL,1444.0,433.2,0.7820638942158985,108,0.5243653641652911,6.320252692785232,22.196766119972427,15.901960318941793,0.025446891754598435
262,11045115.113383,11084757.599885,9323.439307,470212.33025299996,1500,48965.92580899969,CT,517.0,155.1,0.8798292159065383,17,0.10382438423575598,0.1041357758156902,23.573940721462566,23.489633092862803,0.019828147215925792
263,16730043.309913,17299482.489068,0.0,748509.011572,5997,569439.1791550014,CT,263.6,79.08,1.7588286092834202,29,0.32415111607631597,0.760764627214146,23.111922798011555,22.351158170797408,0.0
264,0.0,0.0,0.0,0.0,0,0.0,CT,44.2,13.26,1.881980844366485,29,0.0,,,,
268,4544801.731635,4582188.973311,444.405775,196641.066758,1606,37831.64745100029,CT,170.4,51.12,0.9276717336460222,2,0.1317348025851073,0.19238935220768769,23.302299203605095,23.112169835958756,0.002259984561347586
269,71422735.23406,79091202.610268,1458.390444,3638000.141881,8340,7669925.766651988,COAL,801.0,240.3,1.024374585232452,2,0.5184729336447306,2.108280777220177,21.740296736045345,19.63241683578699,0.0004008769618260516
27,0.0,0.0,0.0,0.0,0,0.0,CT,535.5,160.65,1.0200220980660284,100,0.0,,,,
271,4571277.755869,4595898.971982,4380.952817,195769.9695,358,29002.168930000626,CT,1082.2,324.66,1.099153722441304,12,0.020650683823920324,0.148144115280156,23.476016182257208,23.350250130518614,0.022378063541558656
28,0.0,0.0,0.0,0.0,0,0.0,CT,25.7,7.71,0.9798015537235574,100,0.0,,,,
280,0.0,0.0,0.0,0.0,0,0.0,CT,559.0,167.7,1.2129843085024006,26,0.0,,,,
3,0.0,0.0,0.0,0.0,0,0.0,CT,236.0,70.8,0.9229601319820884,100,0.0,,,,
4,0.0,0.0,0.0,0.0,0,0.0,CT,176.4,52.92,1.058997509430901,100,0.0,,,,
44,0.0,0.0,0.0,0.0,0,0.0,CT,108.0,32.4,1.113799726962457,17,0.0,,,,
45,0.0,0.0,0.0,0.0,0,0.0,CT,54.9,16.47,1.7595003100148268,61,0.0,,,,
47,4900994.166845,4979522.870018,223.180485,213483.329131,4245,78751.88365799934,CT,60.0,18.0,1.1585296472154427,61,0.40617071752473366,0.36889008607166107,23.325113442288554,22.95726877969754,0.00104542348064588
48,0.0,0.0,0.0,0.0,0,0.0,CT,44.0,13.2,2.178951086381972,61,0.0,,,,
49,0.0,0.0,0.0,0.0,0,0.0,CT,639.0,191.7,1.601193842379638,79,0.0,,,,
5,360751.873717,360151.749186,1198.122064,15511.911121,85,597.9975329999579,CT,380.7,114.21,1.4205052287937323,100,0.004651342552411863,0.038550861227562724,23.217754819290263,23.256442800823862,0.07723884276115947
50,0.0,0.0,0.0,0.0,0,0.0,CT,595.0,178.5,1.1172155595178657,79,0.0,,,,
51,37958784.341317,38555783.458284,595.978355,1627183.251692,7665,597595.095321998,CT,242.0,72.6,0.9382174988021084,91,0.7675682345050757,0.36725740306176236,23.694801073076675,23.32790993383577,0.00036626382085747355
54,49110147.17322,49778939.863998,6054.214331,2146411.002214,3767,674846.9051090032,CT,1152.8,345.84,0.8706067694496622,59,0.2125469179482396,0.3144071216616509,23.191709235860028,22.880122736308845,0.0028206221104695897
60,3257835.103232,3260597.014351,8209.020215,136666.16036,730,10970.93133400008,CT,201.6,60.48,0.9097628881067706,71,0.07738670564706096,0.08027540471687311,23.858115321028105,23.837906140410716,0.06006622409948563
61,19065374.030104,19266368.608443,2311.1259179999997,816603.832985,5070,203305.70425700024,CT,201.0,60.3,1.1725787379294856,71,0.46377918227640336,0.2489649154766271,23.593287014116793,23.3471522664947,0.002830167854529838
62,4883782.947779,4885126.211077,14625.146136,204651.004165,927,15968.40943400003,CT,283.2,84.96,1.177125461021687,71,0.08249289116111046,0.07802751566821285,23.870521578962613,23.863957900941678,0.07146383764727812
66,0.0,0.0,0.0,0.0,0,0.0,CT,24.9,7.47,1.014354868288134,112,0.0,,,,
7,775500.0777629999,780025.605914,1004.23784,33877.464439,407,5529.765990999993,CT,177.3,53.19,1.1360456725120749,100,0.02181212894006238,0.16322844943006073,23.024911067902366,22.891325859388644,0.029643240916339464
70,1548742.234839,1559010.418573,2193.018707,68159.18927999999,895,12461.202440999914,CT,191.1,57.33,0.9731787229283928,57,0.040715485975212,0.18282498035311015,22.87307749757026,22.72242747014963,0.03217495293248007
71,0.0,0.0,0.0,0.0,0,0.0,CT,861.0,258.3,1.4691877096229604,57,0.0,,,,
72,0.0,0.0,0.0,0.0,0,0.0,CT,450.0,135.0,1.7457349114008696,57,0.0,,,,
73,0.0,0.0,0.0,0.0,0,0.0,CT,56.0,16.8,1.3834212982425151,57,0.0,,,,
75,0.0,0.0,0.0,0.0,0,0.0,CT,114.0,34.2,2.133834540253371,98,0.0,,,,
76,0.0,0.0,0.0,0.0,0,0.0,CT,453.5,136.05,1.4199129224075413,44,0.0,,,,
8,0.0,0.0,0.0,0.0,0,0.0,CT,381.8,114.54,1.4747758680424798,100,0.0,,,,
85,25154570.405156,25995340.876833,195.210483,1097344.887624,8207,840965.6821599975,CT,168.0,50.4,1.507359445727482,91,0.7456409597358121,0.766364058961334,23.68930786483983,22.923121699342254,0.00017789346376112882
93,135529118.728685,175113449.581821,14163.239246,18576937.584329,8760,39598494.092382014,NUC,2708.6,812.58,0.246952448151969,111,0.7829339789485428,2.1315942906427283,9.426389510483252,7.295557629639326,0.0007624097988006227
94,0.0,0.0,0.0,0.0,0,0.0,CT,63.1,18.93,1.2587775317015155,91,0.0,,,,
98,6618528.876259,6653891.941255,4789.301595,282088.044465,2681,40152.366591,CT,150.0,45.0,2.139079524784924,19,0.21467887706621003,0.14233983814220774,23.587996981136083,23.462635181194972,0.016978038201098705
ct_fe_107_2-c,0.0,0.0,0.0,0.0,0,0.0,CT,304.6,91.38,1.7474486691506212,107,0.0,,,,
ct_fe_111_2-c,0.0,0.0,0.0,0.0,0,0.0,CT,304.6,91.38,1.7474486691506212,111,0.0,,,,
ct_fe_111_3-c,0.0,0.0,0.0,0.0,0,0.0,CT,304.6,91.38,1.7474486691506212,111,0.0,,,,
ct_fe_112_1-c,0.0,0.0,0.0,0.0,0,0.0,CT,304.6,91.38,1.7474486691506212,112,0.0,,,,
ct_fe_112_3-c,0.0,0.0,0.0,0.0,0,0.0,CT,304.6,91.38,1.7474486691506212,112,0.0,,,,
ct_fe_113_3-c,38183.485155,37978.047826,205.437328,1543.3067,6,-1.0000003385357559e-06,CT,304.6,91.38,1.7474486691506212,113,0.0005783866182762332,-6.479595653513044e-10,24.608231031459916,24.74134606880149,0.13311503669361377
ct_fe_118_3-c,0.0,0.0,0.0,0.0,0,0.0,CT,304.6,91.38,1.7474486691506212,118,0.0,,,,
ct_fe_19_1-c,0.0,0.0,0.0,0.0,0,0.0,CT,304.6,91.38,1.7474486691506212,19,0.0,,,,
ct_fe_19_3-c,0.0,0.0,0.0,0.0,0,0.0,CT,304.6,91.38,1.7474486691506212,19,0.0,,,,
ct_fe_32_1-c,0.0,0.0,0.0,0.0,0,0.0,CT,304.6,91.38,1.7474486691506212,32,0.0,,,,
ct_fe_33_2-c,0.0,0.0,0.0,0.0,0,0.0,CT,304.6,91.38,1.7474486691506212,33,0.0,,,,
ct_fe_35_3-c,0.0,0.0,0.0,0.0,0,0.0,CT,304.6,91.38,1.7474486691506212,35,0.0,,,,
ct_fe_49_1-c,0.0,0.0,0.0,0.0,0,0.0,CT,304.6,91.38,1.7474486691506212,49,0.0,,,,
ct_fe_49_2-c,0.0,0.0,0.0,0.0,0,0.0,CT,304.6,91.38,1.7474486691506212,49,0.0,,,,
ct_fe_58_3-c,0.0,0.0,0.0,0.0,0,0.0,CT,304.6,91.38,1.7474486691506212,58,0.0,,,,
ct_fe_61_2-c,0.0,0.0,0.0,0.0,0,0.0,CT,304.6,91.38,1.7474486691506212,61,0.0,,,,
ct_fe_61_3-c,0.0,0.0,0.0,0.0,0,0.0,CT,304.6,91.38,1.7474486691506212,61,0.0,,,,
ct_fe_63_1-c,0.0,0.0,0.0,0.0,0,0.0,CT,304.6,91.38,1.7474486691506212,63,0.0,,,,
ct_fe_65_2-c,11464.381091000001,6280.808288999999,5183.572802000001,449.432299,3,-1.8189894035458565e-12,CT,304.6,91.38,1.7474486691506212,65,0.00016843419882951516,-4.047304583122221e-15,13.974982000570455,25.50858297569753,11.533600975127069
ct_fe_66_1-c,0.0,0.0,0.0,0.0,0,0.0,CT,304.6,91.38,1.7474486691506212,66,0.0,,,,
ct_fe_8_1-c,0.0,0.0,0.0,0.0,0,0.0,CT,304.6,91.38,1.7474486691506212,8,0.0,,,,
ct_fe_98_1-c,0.0,0.0,0.0,0.0,0,0.0,CT,304.6,91.38,1.7474486691506212,98,0.0,,,,
