Date,Hour,TotalCosts,FixedCosts,VariableCosts,LoadShedding,OverGeneration,ReserveShortfall,RenewablesUsed,RenewablesCurtailment,Demand,Price
2019-01-01,0,806044.226844,644845.455033,161198.771811,0.0,1601.794882,0.0,10269.45,42.0,37081.44,21.737134
2019-01-01,1,791324.201216,656702.535833,134621.665384,0.0,1508.414652,0.0,11091.37,42.0,37258.98,21.238483
2019-01-01,2,779742.600036,638359.765641,141382.834395,0.0,1543.421841,0.0,11514.2,42.0,37300.18,20.904526
2019-01-01,3,773309.683012,641815.755161,131493.927851,0.0,1508.728024,0.0,11781.05,42.0,37423.51,20.66374
2019-01-01,4,772179.507387,641812.465161,130367.042227,0.0,1435.878001,0.0,12033.75,42.0,37895.27,20.376673
2019-01-01,5,781607.86405,646797.442662,134810.421389,0.0,1516.113378,0.0,12647.7,42.0,38825.08,20.13152
2019-01-01,6,791678.764144,646794.152662,144884.611482,0.0,1550.171764,0.0,13057.358978,29.711022,39910.68,19.836263
2019-01-01,7,791612.149628,646794.152662,144817.996966,0.0,1440.097618,0.0,13377.03,0.0,40436.58,19.576635
2019-01-01,8,814016.41078,660235.638788,153780.771992,0.0,1273.872712,0.0,12727.41,0.0,40950.22,19.878194
2019-01-01,9,686920.098945,518084.619699,168835.479246,0.0,1192.555571,0.0,12626.81,0.0,41763.45,16.447877
2019-01-01,10,685521.125682,518081.329699,167439.795983,0.0,181.89414,0.0,13439.91,0.0,42249.97,16.225364
2019-01-01,11,736154.629905,554121.493227,182033.136678,0.0,851.144081,0.0,14040.51,375.8,42296.69,17.404545
2019-01-01,12,734738.237832,551166.72612,183571.511712,0.0,910.416598,0.0,14930.77,375.8,41879.17,17.544241
2019-01-01,13,718522.815543,525307.829063,193214.98648,0.0,571.893654,0.0,15566.978654,231.271346,41376.35,17.365544
2019-01-01,14,717396.414015,527140.615539,190255.798476,0.0,876.862191,0.0,15658.99,375.8,40991.32,17.501179
2019-01-01,15,713640.481447,527192.523832,186447.957615,0.0,715.711463,0.0,15407.3,88.5,41015.88,17.399126
2019-01-01,16,711641.11868,546391.95193,165249.16675,0.0,0.0,0.0,14409.31,0.0,41842.15,17.007757
2019-01-01,17,767980.816861,566643.495037,201337.321824,0.0,312.669953,0.0,13002.98,345.3,44058.7,17.430855
2019-01-01,18,766241.112231,585004.609945,181236.502287,0.0,0.0,0.0,11725.52,0.0,45400.64,16.87732
2019-01-01,19,632897.104265,446092.922414,186804.181851,0.0,0.0,0.0,9917.58,0.0,45246.05,13.987897
2019-01-01,20,613320.343573,446073.182414,167247.161159,0.0,0.0,0.0,9669.79,0.0,44844.33,13.676653
2019-01-01,21,599234.241211,431027.244493,168206.996717,0.0,0.0,0.0,8734.66,0.0,43901.75,13.649439
2019-01-01,22,587911.555098,431027.244493,156884.310605,0.0,0.0,0.0,7793.79,0.0,42206.58,13.929382
2019-01-01,23,555044.131678,418226.147894,136817.983784,0.0,0.0,0.0,7515.39,0.0,40494.84,13.70654
2019-01-02,0,526222.21171,393046.299194,133175.912517,0.0,0.0,0.0,6986.39,0.0,39246.69,13.408066
2019-01-02,1,454225.996315,318028.711179,136197.285137,0.0,0.0,0.0,7033.83,0.0,38577.95,11.774239
2019-01-02,2,466150.920902,325747.281178,140403.639724,0.0,0.0,0.0,6546.8,0.0,38434.15,12.128561
2019-01-02,3,480942.267037,338548.887778,142393.37926,0.0,0.0,0.0,6531.14,0.0,38830.97,12.385533
2019-01-02,4,511427.134059,354988.539695,156438.594365,0.0,0.0,0.0,6674.71,0.0,40072.12,12.762667
2019-01-02,5,652161.11278,481590.798417,170570.314364,0.0,0.0,0.0,6773.41,0.0,42485.81,15.350092
2019-01-02,6,691510.575325,498181.675666,193328.899659,0.0,0.0,0.0,7036.76,0.0,45299.73,15.265225
2019-01-02,7,749131.667258,530681.304035,218450.363223,0.0,0.0,0.0,7286.15,0.0,47420.65,15.797583
2019-01-02,8,940392.133538,705131.343812,235260.789726,0.0,0.0,0.0,5943.97,0.0,48547.97,19.37037
2019-01-02,9,957337.173157,705121.983812,252215.189345,0.0,0.0,0.0,5236.19,0.0,49679.19,19.270386
2019-01-02,10,1003595.546416,758147.26666,245448.279757,0.0,0.0,0.0,5765.92,0.0,50682.64,19.801564
2019-01-02,11,1028998.187164,749403.779876,279594.407288,0.0,0.0,0.0,4303.74,0.0,51256.53,20.075456
2019-01-02,12,1035110.162064,749403.779876,285706.382188,0.0,0.0,0.0,4269.36,0.0,51414.29,20.132733
2019-01-02,13,1022736.6988,749403.779876,273332.918924,0.0,0.0,0.0,5601.13,0.0,51455.22,19.876248
2019-01-02,14,1000510.901805,725432.668531,275078.233274,0.0,0.0,0.0,5730.56,0.0,51263.49,19.517027
2019-01-02,15,996630.067557,725432.668531,271197.399026,0.0,0.0,0.0,5660.97,0.0,51149.19,19.484767
2019-01-02,16,1006812.71119,749410.359876,257402.351313,0.0,0.0,0.0,6036.47,0.0,51381.54,19.594833
2019-01-02,17,1194461.175592,905701.205748,288759.969844,0.0,0.0,0.0,4678.76,0.0,52717.56,22.657748
2019-01-02,18,1213345.649791,905695.135748,307650.514043,0.0,0.0,0.0,3706.35,0.0,53277.15,22.774222
2019-01-02,19,1199070.008219,905695.135748,293374.872472,0.0,0.0,0.0,3513.13,0.0,52309.18,22.922745
2019-01-02,20,1157770.733116,890649.197827,267121.535289,0.0,0.0,0.0,3761.36,0.0,51043.85,22.681885
2019-01-02,21,992460.515814,749587.356163,242873.159652,0.0,0.0,0.0,4196.71,0.0,49194.05,20.174401
2019-01-02,22,909606.08632,696565.363315,213040.723005,0.0,0.0,0.0,4748.96,0.0,46628.21,19.507635
2019-01-02,23,825054.179757,612011.753277,213042.426481,0.0,0.0,0.0,2917.13,0.0,44287.41,18.629542
2019-01-03,0,808398.247857,612011.753277,196386.49458,0.0,0.0,0.0,2194.72,0.0,42470.6,19.034303
2019-01-03,1,757378.930818,560375.745153,197003.185665,0.0,0.0,0.0,2269.63,0.0,41445.47,18.274106
2019-01-03,2,752432.045695,560375.745153,192056.300542,0.0,0.0,0.0,2087.1,0.0,41061.86,18.324354
2019-01-03,3,748189.749895,560375.745153,187814.004742,0.0,0.0,0.0,2359.84,0.0,41019.88,18.239686
2019-01-03,4,792767.962634,613401.028,179366.934634,0.0,0.0,0.0,2990.28,0.0,41999.32,18.875733
2019-01-03,5,907406.626242,697957.928039,209448.698203,0.0,0.0,0.0,2229.95,0.0,44024.88,20.611223
2019-01-03,6,945331.637007,697951.348039,247380.288968,0.0,0.0,0.0,2431.97,0.0,46572.45,20.298087
2019-01-03,7,948970.109411,697951.348039,251018.761372,0.0,0.0,0.0,3711.45,0.0,48255.79,19.665414
2019-01-03,8,947946.408283,697951.348039,249995.060244,0.0,0.0,0.0,4107.43,0.0,48684.84,19.47108
2019-01-03,9,936197.907816,697951.348039,238246.559777,0.0,0.0,0.0,5047.08,0.0,48896.65,19.146463
2019-01-03,10,948772.217716,749109.914197,199662.30352,0.0,0.0,0.0,7777.65,0.0,49026.08,19.352398
2019-01-03,11,1094747.772984,928379.255668,166368.517317,0.0,0.0,0.0,10458.98,0.0,48540.95,22.553077
2019-01-03,12,1076936.705488,811683.448526,265253.256962,0.0,64.103991,0.0,12203.82,250.8,47492.49,22.675937
2019-01-03,13,1064005.420817,839791.26527,224214.155548,0.0,693.144518,0.0,14298.24,213.5,46312.89,22.974283
2019-01-03,14,962464.553733,749938.613371,212525.940363,0.0,691.022323,0.0,14333.63,213.5,45216.14,21.285863
2019-01-03,15,818473.63481,602387.454283,216086.180527,0.0,510.559113,0.0,14036.32,213.5,44530.4,18.38011
2019-01-03,16,838153.829823,621119.165328,217034.664495,0.0,54.265516,0.0,13287.95,213.5,44772.64,18.720224
2019-01-03,17,864019.7957,681946.049957,182073.745742,0.0,0.0,0.0,10160.47,0.0,46512.85,18.575938
2019-01-03,18,963223.430791,753238.432997,209984.997795,0.0,0.0,0.0,6189.8,0.0,48596.56,19.820815
2019-01-03,19,982835.028661,717129.09476,265705.933901,0.0,0.0,0.0,2855.18,0.0,48814.73,20.133985
2019-01-03,20,970488.982704,717129.09476,253359.887944,0.0,0.0,0.0,3013.91,0.0,48647.15,19.949555
2019-01-03,21,941126.30792,717129.09476,223997.21316,0.0,0.0,0.0,3539.04,0.0,47765.28,19.703146
2019-01-03,22,900654.390095,717129.09476,183525.295335,0.0,0.0,0.0,4265.75,0.0,46021.02,19.5705
2019-01-03,23,746442.842916,576067.253096,170375.58982,0.0,0.0,0.0,4074.3,0.0,44191.85,16.890962
2019-01-04,0,646126.643601,460506.466856,185620.176744,0.0,0.0,0.0,3968.55,0.0,43062.39,15.004431
2019-01-04,1,596162.127571,408870.458733,187291.668838,0.0,0.0,0.0,4186.2,0.0,42515.88,14.022105
2019-01-04,2,610828.224965,431992.238812,178835.986154,0.0,0.0,0.0,4443.98,0.0,42367.44,14.417398
2019-01-04,3,599608.616671,422452.926788,177155.689883,0.0,0.0,0.0,5010.21,0.0,42732.01,14.031837
2019-01-04,4,610947.738116,431992.238812,178955.499304,0.0,0.0,0.0,5671.86,0.0,43704.85,13.978946
2019-01-04,5,703989.176588,506098.34478,197890.831808,0.0,0.0,0.0,5423.4,0.0,46019.04,15.297781
2019-01-04,6,761998.977276,515613.320707,246385.656569,0.0,0.0,0.0,5368.57,0.0,48824.83,15.606792
2019-01-04,7,784958.553724,515610.030707,269348.523017,0.0,0.0,0.0,5610.39,0.0,50161.97,15.648479
2019-01-04,8,771584.164131,515610.030707,255974.133424,0.0,0.0,0.0,5319.59,0.0,49292.12,15.653296
2019-01-04,9,722027.419924,506091.76478,215935.655144,0.0,0.0,0.0,5428.86,0.0,47111.0,15.32609
2019-01-04,10,641691.234385,469965.003739,171726.230646,0.0,0.0,0.0,6827.09,0.0,45046.31,14.245145
2019-01-04,11,555358.673762,390998.555268,164360.118494,0.0,0.0,0.0,8404.83,0.0,42861.69,12.956994
2019-01-04,12,554546.637518,398358.408862,156188.228656,0.0,0.0,0.0,10218.91649,32.08351,40740.4,13.611713
2019-01-04,13,550681.163837,366719.287364,183961.876473,0.0,201.560504,0.0,11547.9,88.5,39193.19,14.05043
2019-01-04,14,544003.789708,359217.396236,184786.393473,0.0,157.42241,0.0,10512.13,88.5,37952.51,14.333803
2019-01-04,15,487980.37739,384334.604446,103645.772944,0.0,0.0,0.0,9197.55,0.0,37056.17,13.168667
2019-01-04,16,390256.661404,274484.727741,115771.933663,0.0,0.0,0.0,7446.66,0.0,36750.0,10.619229
2019-01-04,17,461554.288495,320892.699433,140661.589061,0.0,0.0,0.0,5272.19,0.0,37954.17,12.160832
2019-01-04,18,560379.049641,386156.895754,174222.153887,0.0,0.0,0.0,3435.36,0.0,40150.89,13.956828
2019-01-04,19,591306.690034,386150.315754,205156.374281,0.0,0.0,0.0,1961.07,0.0,40524.82,14.591223
2019-01-04,20,588639.258777,386150.315754,202488.943023,0.0,0.0,0.0,2294.63,0.0,40718.68,14.456246
2019-01-04,21,569402.187683,386150.315754,183251.871929,0.0,0.0,0.0,3137.75,0.0,40572.63,14.034145
2019-01-04,22,507694.466073,341951.002554,165743.463519,0.0,0.0,0.0,4399.83,0.0,39777.38,12.763396
2019-01-04,23,521473.609126,391544.105803,129929.503323,0.0,0.0,0.0,4697.24,0.0,38636.97,13.496752
2019-01-05,0,488440.792051,366354.387103,122086.404948,0.0,0.0,0.0,4975.78,0.0,37802.65,12.920808
2019-01-05,1,419010.309544,283177.8941,135832.415444,0.0,0.0,0.0,5347.09,0.0,37500.89,11.173343
2019-01-05,2,420209.188191,283177.8941,137031.294091,0.0,0.0,0.0,5333.18,0.0,37567.42,11.185468
2019-01-05,3,435562.418481,299620.836017,135941.582464,0.0,0.0,0.0,5479.79,0.0,38055.25,11.445528
2019-01-05,4,453809.078454,308810.063266,144999.015188,0.0,0.0,0.0,5575.32,0.0,38925.97,11.65826
2019-01-05,5,506248.456385,347348.082603,158900.373782,0.0,0.0,0.0,5302.06,0.0,40399.27,12.531129
2019-01-05,6,569752.36535,391537.525803,178214.839547,0.0,0.0,0.0,4969.91,0.0,42314.34,13.464758
2019-01-05,7,616669.007173,409877.005995,206792.001178,0.0,0.0,0.0,4725.55,0.0,43898.22,14.0477
2019-01-05,8,629584.023935,409873.715995,219710.30794,0.0,0.0,0.0,3953.96,0.0,43861.57,14.353887
2019-01-05,9,599483.682638,409873.715995,189609.966643,0.0,0.0,0.0,3843.14,0.0,42010.02,14.270017
2019-01-05,10,518778.981905,369080.577882,149698.404023,0.0,0.0,0.0,4775.5,0.0,39824.32,13.026688
2019-01-05,11,436959.697723,294737.21016,142222.487563,0.0,0.0,0.0,6156.76,0.0,37778.83,11.566258
2019-01-05,12,393310.7864,268464.881626,124845.904775,0.0,0.0,0.0,7409.92,0.0,36191.29,10.867554
2019-01-05,13,342603.516473,240068.078451,102535.438022,0.0,0.0,0.0,8279.84,0.0,35090.54,9.763415
2019-01-05,14,341356.807322,225679.729742,115677.07758,0.0,0.0,0.0,9154.81,0.0,34369.4,9.931998
2019-01-05,15,333656.901046,211077.272433,122579.628613,0.0,0.0,0.0,9408.17,58.0,33968.39,9.82257
2019-01-05,16,323420.553916,213436.468008,109984.085908,0.0,0.0,0.0,9273.2,0.0,33894.0,9.542118
2019-01-05,17,370922.167712,251023.748435,119898.419277,0.0,0.0,0.0,8040.24,0.0,34818.73,10.652949
2019-01-05,18,388855.80987,259439.648759,129416.161111,0.0,0.0,0.0,6810.46,0.0,36655.34,10.608435
2019-01-05,19,388803.315606,259426.488759,129376.826847,0.0,0.0,0.0,5916.1,0.0,36685.04,10.598416
2019-01-05,20,375515.300482,259426.488759,116088.811723,0.0,0.0,0.0,6716.44,0.0,36293.15,10.346727
2019-01-05,21,358646.352853,242986.836842,115659.516011,0.0,0.0,0.0,7764.38,0.0,36061.74,9.945342
2019-01-05,22,342708.08441,236405.151543,106302.932867,0.0,0.0,0.0,8507.68,0.0,35333.25,9.699308
2019-01-05,23,339690.262742,246505.73085,93184.531892,0.0,0.0,0.0,8528.71,0.0,34516.58,9.841365
2019-01-06,0,374815.100416,298131.358974,76683.741442,0.0,0.0,0.0,8565.74,0.0,33497.97,11.189188
2019-01-06,1,347900.889711,274125.819382,73775.07033,0.0,0.0,0.0,8636.51,0.0,32912.25,10.570559
2019-01-06,2,346306.346681,274373.943806,71932.402874,0.0,0.0,0.0,8412.97,0.0,32696.53,10.591532
2019-01-06,3,285190.404247,207571.729766,77618.674481,0.0,0.0,0.0,8239.94,0.0,32846.38,8.682552
2019-01-06,4,494256.110085,423647.359446,70608.750639,0.0,0.0,0.0,8090.98,0.0,33369.41,14.811653
2019-01-06,5,497849.044367,423641.289446,74207.754922,0.0,0.0,0.0,8994.11,0.0,34294.1,14.517046
2019-01-06,6,554857.85902,483194.722188,71663.136831,0.0,0.0,0.0,9826.77,0.0,35666.48,15.556844
2019-01-06,7,608863.030924,531361.425197,77501.605727,0.0,0.0,0.0,10201.22,0.0,36737.76,16.573221
2019-01-06,8,659772.331446,517633.927365,142138.40408,0.0,94.164772,0.0,10750.97,42.0,37361.9,17.658961
2019-01-06,9,641944.539589,497622.205364,144322.334225,0.0,825.687633,0.0,11309.62,42.0,36988.65,17.355176
2019-01-06,10,621866.256704,497622.205364,124244.05134,0.0,357.846366,0.0,11864.53,42.0,36089.82,17.231071
2019-01-06,11,601475.289472,466952.793549,134522.495923,0.0,1254.878488,0.0,13205.7,100.0,35467.06,16.958702
2019-01-06,12,593025.032261,475696.280333,117328.751928,0.0,1515.12076,0.0,14278.78,387.3,34979.29,16.953604
2019-01-06,13,591644.686657,479510.354903,112134.331754,0.0,551.798347,0.0,15060.84,387.3,34661.28,17.069326
2019-01-06,14,585959.476647,471933.234287,114026.24236,0.0,1170.367768,0.0,15708.19,417.8,34290.94,17.08788
2019-01-06,15,575645.016749,471947.258656,103697.758093,0.0,1255.05034,0.0,15767.31,387.3,34185.23,16.838998
2019-01-06,16,569019.220069,468250.796688,100768.423381,0.0,787.741253,0.0,15331.32,387.3,34396.09,16.543137
2019-01-06,17,586170.144235,472230.495949,113939.648286,0.0,1314.519745,0.0,14412.71,100.0,35477.13,16.522479
2019-01-06,18,616801.352195,485328.883849,131472.468347,0.0,1030.023374,0.0,13140.75,42.0,37288.04,16.541533
2019-01-06,19,642447.213915,485322.303849,157124.910067,0.0,361.698744,0.0,10737.31,42.0,37262.28,17.241221
2019-01-06,20,612756.617272,485322.303849,127434.313423,0.0,974.714875,0.0,13229.36,42.0,36578.82,16.751678
2019-01-06,21,566613.399678,461845.951934,104767.447745,0.0,1636.247424,0.0,16128.05,42.0,35402.99,16.004676
2019-01-06,22,523749.186239,449287.339452,74461.846787,0.0,1710.57823,0.0,17768.21,42.0,33530.23,15.620209
2019-01-06,23,487882.90778,423816.588397,64066.319383,0.0,1734.294345,0.0,17522.65,42.0,31444.91,15.515481
2019-01-07,0,338372.347852,272263.784457,66108.563395,0.0,1740.53777,0.0,17164.65,42.0,29951.43,11.297369
2019-01-07,1,327424.835504,267424.252135,60000.58337,0.0,1657.354288,0.0,16624.19,42.0,28888.18,11.334215
2019-01-07,2,328490.261867,268787.426034,59702.835833,0.0,1698.6199,0.0,15863.05,42.0,28509.2,11.522255
2019-01-07,3,338457.286874,274235.055157,64222.231718,0.0,1666.294306,0.0,14926.34,42.0,28448.78,11.897076
2019-01-07,4,360334.092067,282593.094757,77740.99731,0.0,1582.622681,0.0,14085.55,42.0,29234.03,12.325844
2019-01-07,5,399700.935986,309696.399949,90004.536036,0.0,1654.806147,0.0,13725.09,42.0,31171.07,12.822817
2019-01-07,6,605871.324395,502111.319173,103760.005221,0.0,1596.789914,0.0,12962.89,42.0,34165.58,17.733383
2019-01-07,7,620377.313339,505735.600997,114641.712342,0.0,1111.510554,0.0,11614.46,42.0,35608.36,17.422238
2019-01-07,8,643554.631231,517863.613188,125691.018043,0.0,738.25652,0.0,9945.55,42.0,35841.33,17.955657
2019-01-07,9,652142.004398,517857.033188,134284.97121,0.0,378.17154,0.0,8920.62,42.0,36212.97,18.00852
2019-01-07,10,622239.153812,517857.033188,104382.120625,0.0,0.0,0.0,8908.61,0.0,36721.64,16.944754
2019-01-07,11,703211.412826,573287.23974,129924.173087,0.0,170.537523,0.0,10198.52,262.3,36958.68,19.026962
2019-01-07,12,925555.497685,797520.241016,128035.256669,0.0,681.49433,0.0,11778.63,130.5,37129.58,24.927713
2019-01-07,13,900452.765173,769768.441714,130684.323459,0.0,527.20139,0.0,12752.150061,367.839939,37400.76,24.075788
2019-01-07,14,897295.633532,760909.022195,136386.611337,0.0,1146.532729,0.0,13285.29,255.5,37415.0,23.982243
2019-01-07,15,897171.867633,760671.708169,136500.159464,0.0,1206.700592,0.0,13158.32,130.5,37256.01,24.081265
2019-01-07,16,890608.309993,769584.937905,121023.372088,0.0,488.57671,0.0,12623.17,42.0,37040.13,24.044416
2019-01-07,17,831062.324399,706848.676943,124213.647456,0.0,307.241836,0.0,10566.52,42.0,37675.49,22.058434
2019-01-07,18,845108.082695,735769.241859,109338.840836,0.0,0.0,0.0,7939.3,0.0,39334.72,21.485041
2019-01-07,19,616461.064485,489236.187048,127224.877436,0.0,0.0,0.0,5613.47,0.0,39036.9,15.791753
2019-01-07,20,557423.332951,445027.003848,112396.329103,0.0,0.0,0.0,6447.63,0.0,38102.82,14.629451
2019-01-07,21,515661.548013,418713.317906,96948.230107,0.0,0.0,0.0,7595.15,0.0,36691.14,14.054116
2019-01-07,22,466227.74753,389472.56939,76755.17814,0.0,0.0,0.0,8696.16,0.0,34494.74,13.515908
2019-01-07,23,421555.155544,351091.278891,70463.876652,0.0,0.0,0.0,7919.29,0.0,32188.17,13.096587
2019-01-08,0,197922.083399,121500.599714,76421.483685,0.0,0.0,0.0,7435.58,0.0,30517.67,6.485491
2019-01-08,1,190905.92866,121500.599714,69405.328946,0.0,0.0,0.0,7211.02,0.0,29651.77,6.438264
2019-01-08,2,190641.986703,117147.298499,73494.688204,0.0,0.0,0.0,6533.59,0.0,29322.61,6.501535
2019-01-08,3,202126.725046,127740.906395,74385.81865,0.0,0.0,0.0,6018.03,0.0,29433.26,6.86729
2019-01-08,4,224957.794879,143196.378396,81761.416482,0.0,0.0,0.0,5609.5,0.0,30256.93,7.434918
2019-01-08,5,347582.502826,253785.656236,93796.84659,0.0,0.0,0.0,5211.0,0.0,32662.36,10.641684
2019-01-08,6,419289.874649,287034.580161,132255.294488,0.0,0.0,0.0,4904.69,0.0,36377.0,11.526236
2019-01-08,7,460871.713008,308105.533281,152766.179726,0.0,0.0,0.0,4748.97,0.0,37915.4,12.155264
2019-01-08,8,511515.124362,356275.52629,155239.598071,0.0,0.0,0.0,3214.21,0.0,37526.8,13.630662
2019-01-08,9,510377.705447,356272.74629,154104.959157,0.0,0.0,0.0,2757.01,0.0,37426.38,13.636844
2019-01-08,10,478179.436603,335191.923169,142987.513433,0.0,0.0,0.0,3883.88,0.0,37546.53,12.735649
2019-01-08,11,461662.16179,328473.920978,133188.240811,0.0,0.0,0.0,5118.82,0.0,37579.85,12.284832
2019-01-08,12,672102.937723,548092.636639,124010.301083,0.0,0.0,0.0,7370.73,0.0,37548.28,17.8997
2019-01-08,13,668242.732398,515894.857148,152347.87525,0.0,166.428041,0.0,9497.317263,51.112737,37543.63,17.799098
2019-01-08,14,645606.589391,490830.011229,154776.578162,0.0,925.933646,0.0,10709.07,42.0,37387.02,17.268201
2019-01-08,15,630578.814146,491583.255628,138995.558518,0.0,1207.776258,0.0,11536.6,42.0,37056.94,17.016484
2019-01-08,16,618920.518464,486295.758364,132624.760099,0.0,865.791098,0.0,11752.63,42.0,36954.54,16.748159
2019-01-08,17,646107.408251,493013.760556,153093.647695,0.0,1132.766108,0.0,10972.43,42.0,37892.48,17.051072
2019-01-08,18,721202.910504,557790.276077,163412.634428,0.0,472.150931,0.0,9493.17,42.0,39711.75,18.160945
2019-01-08,19,699718.961936,566055.188138,133663.773797,0.0,0.0,0.0,6593.81,0.0,39624.39,17.658795
2019-01-08,20,527810.987698,398648.043914,129162.943783,0.0,0.0,0.0,7631.49,0.0,38957.55,13.548362
2019-01-08,21,482137.999349,374572.695124,107565.304225,0.0,0.0,0.0,9380.37,0.0,37528.89,12.847116
2019-01-08,22,420925.01885,337131.550965,83793.467885,0.0,0.0,0.0,10835.39,0.0,35294.83,11.925968
2019-01-08,23,375756.982098,301144.786074,74612.196023,0.0,0.0,0.0,10826.67,0.0,33093.63,11.35436
2019-01-09,0,367380.604968,306955.008976,60425.595992,0.0,0.0,0.0,10635.95,0.0,31703.3,11.588087
2019-01-09,1,186229.217248,111955.44139,74273.775858,0.0,0.0,0.0,10509.17,58.0,31022.76,6.002987
2019-01-09,2,246911.216255,181973.061431,64938.154824,0.0,0.0,0.0,10249.28,0.0,30920.24,7.985424
2019-01-09,3,252154.906555,182843.985531,69310.921025,0.0,0.0,0.0,10093.07,0.0,31153.66,8.09391
2019-01-09,4,270428.624359,193080.345431,77348.278929,0.0,0.0,0.0,9842.85,0.0,32103.95,8.423531
2019-01-09,5,366944.388565,272814.90393,94129.484635,0.0,0.0,0.0,9050.81,0.0,34663.82,10.585804
2019-01-09,6,446191.339322,302420.93287,143770.406452,0.0,0.0,0.0,8493.06,0.0,38875.84,11.477343
2019-01-09,7,487160.742349,311151.259653,176009.482696,0.0,0.0,0.0,7830.7,0.0,40521.49,12.022281
2019-01-09,8,488390.692092,311147.969653,177242.722439,0.0,0.0,0.0,7058.62,0.0,40183.38,12.154047
2019-01-09,9,484492.687662,311147.969653,173344.718009,0.0,0.0,0.0,6511.73,0.0,39893.05,12.144789
2019-01-09,10,461484.391538,311147.969653,150336.421885,0.0,0.0,0.0,7222.43,0.0,39415.93,11.708068
2019-01-09,11,438739.93249,302407.77287,136332.15962,0.0,0.0,0.0,7181.65,0.0,38633.87,11.356355
2019-01-09,12,381909.697281,258208.45967,123701.237611,0.0,0.0,0.0,8115.62,0.0,37742.69,10.118773
2019-01-09,13,397026.16094,293407.595877,103618.565064,0.0,0.0,0.0,9159.15,0.0,37179.91,10.678513
2019-01-09,14,318146.74081,218387.227862,99759.512949,0.0,0.0,0.0,9580.84,0.0,36672.13,8.675437
2019-01-09,15,307427.049886,208605.325087,98821.724799,0.0,0.0,0.0,9927.36,0.0,36349.96,8.457425
2019-01-09,16,325613.110961,223760.155261,101852.955699,0.0,0.0,0.0,10119.07,0.0,36610.22,8.89405
2019-01-09,17,400902.283613,288160.746977,112741.536637,0.0,0.0,0.0,8720.13,0.0,38087.19,10.525909
2019-01-09,18,466651.061605,322920.139085,143730.922519,0.0,0.0,0.0,7378.36,0.0,40519.8,11.516618
2019-01-09,19,499489.40033,322913.559085,176575.841245,0.0,0.0,0.0,6244.45,0.0,40951.2,12.197186
2019-01-09,20,496355.581469,318714.519086,177641.062382,0.0,0.0,0.0,6154.84,0.0,40787.51,12.169303
2019-01-09,21,477802.317329,318047.902587,159754.414742,0.0,0.0,0.0,6278.26,0.0,39841.12,11.992693
2019-01-09,22,434870.581631,309977.612303,124892.969328,0.0,0.0,0.0,6558.75,0.0,37757.96,11.517322
2019-01-09,23,360256.880259,237899.506888,122357.373371,0.0,0.0,0.0,5480.73,0.0,35753.96,10.075999
2019-01-10,0,355801.131081,242101.836887,113699.294194,0.0,0.0,0.0,4594.16,0.0,34566.11,10.293352
2019-01-10,1,353332.436515,242098.546887,111233.889628,0.0,0.0,0.0,4037.9,0.0,34022.02,10.385404
2019-01-10,2,355987.79903,242098.546887,113889.252143,0.0,0.0,0.0,3646.09,0.0,33842.55,10.518941
2019-01-10,3,370376.116724,250842.03367,119534.083054,0.0,0.0,0.0,3369.67,0.0,34153.78,10.844367
2019-01-10,4,466470.097223,353200.059455,113270.037768,0.0,0.0,0.0,3215.23,0.0,35209.48,13.248423
2019-01-10,5,554391.798255,426424.288902,127967.509353,0.0,0.0,0.0,3301.55,0.0,37864.62,14.64142
2019-01-10,6,657066.44136,474587.701911,182478.739449,0.0,0.0,0.0,3469.86,0.0,41955.08,15.661189
2019-01-10,7,665391.484931,474584.921911,190806.56302,0.0,0.0,0.0,3673.48,0.0,43286.57,15.371777
2019-01-10,8,638329.931806,474584.921911,163745.009895,0.0,0.0,0.0,4878.18,0.0,42544.97,15.003652
2019-01-10,9,588965.522493,434534.871463,154430.65103,0.0,0.0,0.0,6653.03,0.0,41963.28,14.035259
2019-01-10,10,2964996.648491,2851974.980185,113021.668306,0.0,0.0,0.0,9622.34,0.0,41345.34,71.712958
2019-01-10,11,2964108.527832,2812239.970333,151868.5575,0.0,576.998609,0.0,11240.57,42.0,40512.83,73.164687
2019-01-10,12,2931489.008615,2781445.725916,150043.282698,0.0,1478.688809,0.0,12864.75,100.0,39630.87,73.969837
2019-01-10,13,2925824.404615,2777724.976449,148099.428167,0.0,494.723429,0.0,12963.36,387.3,38939.94,75.136849
2019-01-10,14,2911000.228435,2768586.319872,142413.908564,0.0,1091.53861,0.0,13569.54,387.3,38381.15,75.844529
2019-01-10,15,2897780.297625,2768923.826752,128856.470873,0.0,1147.908761,0.0,13693.084197,105.095803,38146.24,75.965031
2019-01-10,16,2906951.721637,2768670.949317,138280.77232,0.0,675.663932,0.0,12848.54,387.3,38548.97,75.409323
2019-01-10,17,2919741.165323,2773204.169317,146536.996006,0.0,1159.074995,0.0,12636.03,100.0,39768.88,73.417737
2019-01-10,18,2951790.46511,2794459.115383,157331.349728,0.0,839.716463,0.0,12134.89,42.0,41670.68,70.836148
2019-01-10,19,2956741.975544,2794449.245383,162292.730161,0.0,616.037896,0.0,11399.89,42.0,41831.12,70.682831
2019-01-10,20,2936744.267167,2788656.351318,148087.915849,0.0,499.665577,0.0,12439.31,42.0,41438.99,70.869108
2019-01-10,21,2903659.015047,2779916.154535,123742.860512,0.0,339.400192,0.0,13422.17,42.0,40204.8,72.2217
2019-01-10,22,2842739.954796,2774098.518071,68641.436726,0.0,0.0,0.0,13549.8,0.0,37945.33,74.916728
2019-01-10,23,2455043.319046,2385859.176385,69184.142661,0.0,0.0,0.0,12670.08,0.0,35824.74,68.529271
2019-01-11,0,2395377.696564,2317551.27383,77826.422735,0.0,0.0,0.0,11547.92,0.0,34400.09,69.63289
2019-01-11,1,2394468.771283,2319598.287203,74870.484079,0.0,0.0,0.0,10398.53,0.0,33634.16,71.191573
2019-01-11,2,2405444.628639,2330971.252601,74473.376038,0.0,0.0,0.0,8912.77,0.0,33293.68,72.249287
2019-01-11,3,2433941.860633,2355621.972952,78319.887681,0.0,0.0,0.0,7481.35,0.0,33377.6,72.921416
2019-01-11,4,2447910.610771,2355608.812952,92301.797819,0.0,0.0,0.0,6469.54,0.0,34307.87,71.351285
2019-01-11,5,2499955.618799,2400000.773561,99954.845238,0.0,0.0,0.0,7174.43,0.0,36691.05,68.135298
2019-01-11,6,2543888.260084,2412788.71016,131099.549923,0.0,0.0,0.0,8164.64,0.0,40406.15,62.957947
2019-01-11,7,2590050.274496,2456358.276225,133691.998271,0.0,0.0,0.0,8960.78,0.0,41803.92,61.957115
2019-01-11,8,2590765.980574,2456137.087951,134628.892624,0.0,0.0,0.0,10613.32,0.0,41400.42,62.578254
2019-01-11,9,2597769.185353,2426911.203962,170857.981392,0.0,4.300463,0.0,11429.05,0.0,41381.06,62.776768
2019-01-11,10,2538663.213497,2398210.256586,140452.956911,0.0,0.0,0.0,11783.84,0.0,41303.18,61.46411
2019-01-11,11,2943247.605944,2786640.88847,156606.717474,0.0,135.484978,0.0,12308.53,58.0,40753.17,72.221317
2019-01-11,12,2901281.276894,2760825.152405,140456.124489,0.0,390.368489,0.0,12865.68,42.0,40033.85,72.470704
2019-01-11,13,2860171.902047,2751629.957187,108541.94486,0.0,0.0,0.0,14194.21,58.0,39524.29,72.364915
2019-01-11,14,2891214.417649,2756061.806814,135152.610835,0.0,385.56483,0.0,14077.945721,382.634279,39219.45,73.718892
2019-01-11,15,2886031.886911,2756058.516814,129973.370097,0.0,407.82088,0.0,14067.72,100.0,38943.29,74.108579
2019-01-11,16,2880598.856382,2743257.420215,137341.436168,0.0,30.140178,0.0,13993.85,387.3,39166.91,73.546748
2019-01-11,17,2911234.373834,2767401.354136,143833.019699,0.0,337.465057,0.0,13016.29,100.0,40109.08,72.582926
2019-01-11,18,2897007.241425,2779996.977814,117010.263611,0.0,0.0,0.0,11003.12,0.0,40789.79,71.022853
2019-01-11,19,2786588.899261,2660747.176599,125841.722662,0.0,0.0,0.0,9098.93,0.0,40061.61,69.557586
2019-01-11,20,2890699.161549,2798313.428006,92385.733543,0.0,0.0,0.0,10380.22,0.0,39218.6,73.707352
2019-01-11,21,2898931.498627,2774815.190937,124116.30769,0.0,639.530579,0.0,12214.7,42.0,37958.41,76.371257
2019-01-11,22,2864083.935415,2755472.987028,108610.948387,0.0,909.437195,0.0,13039.96,42.0,36158.8,79.20849
2019-01-11,23,2839614.548387,2737224.628331,102389.920055,0.0,249.111742,0.0,12173.06,42.0,34269.34,82.861664
2019-01-12,0,2786777.863757,2724553.008502,62224.855254,0.0,0.0,0.0,10547.25,0.0,32779.52,85.015823
2019-01-12,1,2673028.563612,2605299.917287,67728.646324,0.0,0.0,0.0,9068.54,0.0,31759.3,84.165223
2019-01-12,2,2686790.395511,2614912.257285,71878.138226,0.0,0.0,0.0,7442.58,0.0,31156.64,86.234921
2019-01-12,3,2810705.715468,2745986.2393,64719.476168,0.0,0.0,0.0,6637.11,0.0,31059.99,90.492808
2019-01-12,4,2861414.669367,2754665.456215,106749.213152,0.0,246.455795,0.0,7970.17,42.0,31547.34,90.702248
2019-01-12,5,2862499.794067,2755238.86853,107260.925537,0.0,1322.850602,0.0,10260.04,42.0,32826.25,87.201547
2019-01-12,6,2857349.316936,2755839.737323,101509.579613,0.0,1566.197794,0.0,12948.82,42.0,34625.33,82.521937
2019-01-12,7,2851362.468059,2730929.054,120433.41406,0.0,1427.06025,0.0,12915.29,42.0,36352.78,78.435885
2019-01-12,8,2905523.428149,2773294.448553,132228.979595,0.0,1271.342858,0.0,11794.28,42.0,37526.47,77.425972
2019-01-12,9,2917247.933938,2773274.708553,143973.225385,0.0,1212.877753,0.0,11324.32,42.0,38354.45,76.060221
2019-01-12,10,2909276.216402,2778684.718552,130591.49785,0.0,260.357098,0.0,11755.58,42.0,38884.2,74.818981
2019-01-12,11,3000228.555656,2858445.245538,141783.310118,0.0,1156.615595,0.0,12869.74,292.8,39122.68,76.687705
2019-01-12,12,3032997.702689,2892417.029732,140580.672957,0.0,1429.328703,0.0,14011.69,417.8,38914.71,77.93962
2019-01-12,13,2999878.552522,2859343.556138,140534.996384,0.0,867.293649,0.0,15822.733902,347.516098,38534.18,77.849809
2019-01-12,14,3004294.849002,2865475.471216,138819.377786,0.0,1291.917282,0.0,15703.69,417.8,38147.49,78.754719
2019-01-12,15,2952707.724329,2830338.802999,122368.92133,0.0,1171.741114,0.0,15171.188932,284.481068,38075.85,77.548045
2019-01-12,16,2911660.681633,2788339.981793,123320.69984,0.0,759.6655,0.0,13822.6,387.3,38174.33,76.272738
2019-01-12,17,2915829.122891,2770985.263418,144843.859473,0.0,1180.026618,0.0,12173.88,42.0,38969.68,74.823019
2019-01-12,18,3010385.083212,2850379.409217,160005.673995,0.0,604.392274,0.0,9564.44,42.0,40463.28,74.39795
2019-01-12,19,2997122.376373,2863304.879108,133817.497265,0.0,0.0,0.0,6044.15,0.0,40356.86,74.2655
2019-01-12,20,684854.764197,545677.51473,139177.249466,0.0,0.0,0.0,5535.71,0.0,39964.66,17.136509
2019-01-12,21,670697.724185,545667.64473,125030.079455,0.0,0.0,0.0,5571.88,0.0,39392.48,17.026035
2019-01-12,22,656270.611054,545667.64473,110602.966323,0.0,0.0,0.0,6230.19,0.0,38569.47,17.015287
2019-01-12,23,625446.855013,514141.298858,111305.556154,0.0,0.0,0.0,5755.2,0.0,37439.31,16.705619
2019-01-13,0,508438.523812,386184.20086,122254.322953,0.0,0.0,0.0,5598.62,0.0,36459.35,13.945353
2019-01-13,1,436867.808723,313653.919787,123213.888936,0.0,0.0,0.0,5239.42,0.0,35978.77,12.142378
2019-01-13,2,430465.34374,302733.587597,127731.756143,0.0,0.0,0.0,5077.14,0.0,35871.1,12.000339
2019-01-13,3,436321.583204,302733.587597,133587.995608,0.0,0.0,0.0,4915.32,0.0,36085.92,12.091186
2019-01-13,4,448593.12087,309454.879788,139138.241083,0.0,0.0,0.0,4977.36,0.0,36680.52,12.229737
2019-01-13,5,489596.970213,339279.189692,150317.780521,0.0,0.0,0.0,4767.6,0.0,37811.28,12.948437
2019-01-13,6,528750.441385,361616.308315,167134.13307,0.0,0.0,0.0,4713.94,0.0,39486.15,13.390782
2019-01-13,7,585462.639209,405812.331515,179650.307694,0.0,0.0,0.0,4778.5,0.0,41155.45,14.225641
2019-01-13,8,613892.974957,410011.371514,203881.603443,0.0,0.0,0.0,4821.3,0.0,42409.26,14.475447
2019-01-13,9,618293.624757,410008.081514,208285.543243,0.0,0.0,0.0,5087.73,0.0,42990.13,14.382223
2019-01-13,10,590786.20248,410008.081514,180778.120966,0.0,0.0,0.0,6770.93,0.0,42659.58,13.848852
2019-01-13,11,537357.378437,366590.13977,170767.238667,0.0,0.0,0.0,7407.68,0.0,41765.24,12.866139
2019-01-13,12,511194.556238,363699.851545,147494.704693,0.0,0.0,0.0,8646.97,0.0,40746.2,12.545822
2019-01-13,13,489974.693833,347687.987654,142286.706179,0.0,0.0,0.0,8735.41,0.0,39927.15,12.271717
2019-01-13,14,450572.042434,303488.674454,147083.36798,0.0,0.0,0.0,8777.07,0.0,39288.94,11.468165
2019-01-13,15,484314.541807,346941.323255,137373.218552,0.0,0.0,0.0,8460.49,0.0,39188.87,12.358472
2019-01-13,16,506479.087716,357106.568588,149372.519128,0.0,0.0,0.0,7671.82,0.0,39710.55,12.75427
2019-01-13,17,572014.006361,396351.428393,175662.577968,0.0,0.0,0.0,6737.55,0.0,41576.89,13.75798
2019-01-13,18,644475.606371,438033.704012,206441.902359,0.0,0.0,0.0,5942.23,0.0,44064.74,14.625653
2019-01-13,19,666296.122416,447545.389939,218750.732477,0.0,0.0,0.0,5404.03,0.0,44875.96,14.847507
2019-01-13,20,676444.20684,447542.099939,228902.106901,0.0,0.0,0.0,4667.91,0.0,44655.04,15.148216
2019-01-13,21,662862.254326,438023.834012,224838.420314,0.0,0.0,0.0,4136.56,0.0,43649.93,15.185872
2019-01-13,22,625728.029229,428834.606762,196893.422467,0.0,0.0,0.0,3774.93,0.0,41581.77,15.048134
2019-01-13,23,577699.269724,407879.77949,169819.490234,0.0,0.0,0.0,3753.92,0.0,39683.7,14.557596
2019-01-14,0,545863.803042,384181.241591,161682.561452,0.0,0.0,0.0,3651.57,0.0,38501.54,14.177713
2019-01-14,1,520319.113221,363097.63847,157221.474751,0.0,0.0,0.0,3723.31,0.0,38018.2,13.686053
2019-01-14,2,525613.540669,368091.11572,157522.424948,0.0,0.0,0.0,3773.09,0.0,38041.8,13.816737
2019-01-14,3,531786.955867,368087.82572,163699.130147,0.0,0.0,0.0,3917.83,0.0,38517.64,13.806322
2019-01-14,4,581208.519311,407514.709033,173693.810278,0.0,0.0,0.0,4039.3,0.0,39905.67,14.56456
2019-01-14,5,717213.886913,527079.713703,190134.17321,0.0,0.0,0.0,3823.26,0.0,43103.13,16.639485
2019-01-14,6,852138.141342,590127.437076,262010.704266,0.0,0.0,0.0,3677.77,0.0,47531.78,17.927756
2019-01-14,7,873248.280261,590121.367076,283126.913185,0.0,0.0,0.0,3622.45,0.0,49085.69,17.790282
2019-01-14,8,855029.324442,590121.367076,264907.957366,0.0,0.0,0.0,3644.86,0.0,48518.66,17.62269
2019-01-14,9,848033.802484,594323.697075,253710.105409,0.0,0.0,0.0,3854.2,0.0,48252.28,17.575
2019-01-14,10,800963.042735,582761.139881,218201.902854,0.0,0.0,0.0,5383.66,0.0,47533.0,16.850673
2019-01-14,11,731415.12856,529735.857034,201679.271526,0.0,0.0,0.0,6347.32,0.0,46295.37,15.798883
2019-01-14,12,601842.580407,420922.531708,180920.048698,0.0,0.0,0.0,7757.33,0.0,44655.03,13.477599
2019-01-14,13,532187.42604,372105.753092,160081.672949,0.0,0.0,0.0,8986.06,0.0,43093.29,12.349659
2019-01-14,14,471458.064885,313649.27366,157808.791225,0.0,0.0,0.0,8879.53,0.0,41827.37,11.271521
2019-01-14,15,460904.97339,314152.49907,146752.474319,0.0,0.0,0.0,8261.57,0.0,41189.4,11.189893
2019-01-14,16,488120.421865,332511.335493,155609.086373,0.0,0.0,0.0,7616.39,0.0,41852.4,11.662902
2019-01-14,17,670746.705933,499971.729668,170774.976265,0.0,0.0,0.0,6052.57,0.0,44140.2,15.195824
2019-01-14,18,731055.407397,499958.569668,231096.837729,0.0,0.0,0.0,4705.13,0.0,46759.91,15.634235
2019-01-14,19,765863.430932,499958.569668,265904.861264,0.0,0.0,0.0,3858.38,0.0,47023.85,16.286702
2019-01-14,20,752808.362138,499958.569668,252849.792471,0.0,0.0,0.0,3746.29,0.0,46633.05,16.143237
2019-01-14,21,716864.422254,499958.569668,216905.852586,0.0,0.0,0.0,3907.58,0.0,45134.45,15.882866
2019-01-14,22,652833.341316,481619.089476,171214.25184,0.0,0.0,0.0,4160.69,0.0,42485.54,15.366013
2019-01-14,23,522714.11122,353579.508613,169134.602607,0.0,0.0,0.0,4338.42,0.0,40329.33,12.96114
2019-01-15,0,493554.830452,344043.48659,149511.343862,0.0,0.0,0.0,4504.35,0.0,38974.46,12.663545
2019-01-15,1,451615.845433,302753.84687,148861.998563,0.0,0.0,0.0,4643.76,0.0,38135.91,11.842273
2019-01-15,2,455798.535888,302753.84687,153044.689019,0.0,0.0,0.0,4156.7,0.0,37884.75,12.031188
2019-01-15,3,493376.770646,340788.282014,152588.488632,0.0,0.0,0.0,3688.87,0.0,37986.06,12.988364
2019-01-15,4,654447.048947,497524.868351,156922.180596,0.0,0.0,0.0,3306.48,0.0,38887.12,16.829404
2019-01-15,5,867739.201198,708387.059271,159352.141927,0.0,0.0,0.0,3471.11,0.0,41544.46,20.887002
2019-01-15,6,911465.960303,708374.919271,203091.041032,0.0,0.0,0.0,3726.15,0.0,45408.43,20.072616
2019-01-15,7,940448.935063,708374.919271,232074.015792,0.0,0.0,0.0,4026.34,0.0,46653.47,20.158178
2019-01-15,8,914496.909644,708374.919271,206121.990373,0.0,0.0,0.0,4006.57,0.0,45776.48,19.977441
2019-01-15,9,885601.655681,687294.09615,198307.559531,0.0,0.0,0.0,4316.11,0.0,45243.4,19.574162
2019-01-15,10,860991.287766,687294.09615,173697.191616,0.0,0.0,0.0,5706.14,0.0,44847.4,19.198243
2019-01-15,11,918050.920836,752998.939108,165051.981728,0.0,0.0,0.0,7737.45,0.0,44126.83,20.804824
2019-01-15,12,909247.551065,723109.071967,186138.479097,0.0,191.058908,0.0,9996.56,0.0,43134.86,21.079182
2019-01-15,13,838779.613287,669232.856573,169546.756714,0.0,0.0,0.0,11819.89,0.0,42320.15,19.819864
2019-01-15,14,845681.341476,667109.093323,178572.248153,0.0,140.943233,0.0,11458.18,58.0,41731.27,20.264932
2019-01-15,15,821746.509465,653621.256222,168125.253243,0.0,0.0,0.0,10468.16,0.0,41506.87,19.797843
2019-01-15,16,683006.193622,527340.962623,155665.230998,0.0,0.0,0.0,9248.53,0.0,42222.7,16.176279
2019-01-15,17,615909.868306,421843.563594,194066.304712,0.0,0.0,0.0,7252.45,0.0,43944.85,14.015519
2019-01-15,18,656754.941958,440448.630922,216306.311036,0.0,0.0,0.0,5354.65,0.0,45563.69,14.413998
2019-01-15,19,706254.578816,440442.050922,265812.527894,0.0,0.0,0.0,3550.37,0.0,45353.06,15.572369
2019-01-15,20,656221.695746,440442.050922,215779.644824,0.0,0.0,0.0,4348.3,0.0,44610.98,14.70987
2019-01-15,21,587103.225635,422102.57073,165000.654905,0.0,0.0,0.0,5736.59,0.0,42792.56,13.71975
2019-01-15,22,458948.380405,313462.459433,145485.920972,0.0,0.0,0.0,7113.05,0.0,40163.53,11.426993
2019-01-15,23,405825.649553,286845.078869,118980.570683,0.0,0.0,0.0,7385.95,0.0,37725.86,10.757227
2019-01-16,0,366671.891328,262197.652645,104474.238682,0.0,0.0,0.0,7643.2,0.0,36132.0,10.148121
2019-01-16,1,341699.080012,241680.766046,100018.313965,0.0,0.0,0.0,7950.01,0.0,35324.77,9.673073
2019-01-16,2,354215.074515,258768.704587,95446.369928,0.0,0.0,0.0,7453.19,0.0,34989.48,10.123474
2019-01-16,3,404635.747309,310400.912711,94234.834599,0.0,0.0,0.0,7184.29,0.0,35106.91,11.525815
2019-01-16,4,461035.651787,374126.414701,86909.237085,0.0,0.0,0.0,7113.46,0.0,36022.65,12.798493
2019-01-16,5,573960.819367,474108.164912,99852.654455,0.0,0.0,0.0,6985.18,0.0,38479.88,14.915868
2019-01-16,6,621235.369787,483628.246936,137607.122851,0.0,0.0,0.0,6881.65,0.0,42209.67,14.717845
2019-01-16,7,633904.610815,483624.956936,150279.653879,0.0,0.0,0.0,6701.1,0.0,43149.84,14.690775
2019-01-16,8,626574.530872,483624.956936,142949.573936,0.0,0.0,0.0,6444.68,0.0,42362.28,14.790859
2019-01-16,9,757451.032753,624689.5786,132761.454153,0.0,0.0,0.0,6953.99,0.0,42088.07,17.996811
2019-01-16,10,858574.614777,740251.057744,118323.557033,0.0,0.0,0.0,8307.83,0.0,41630.18,20.623851
2019-01-16,11,878370.820048,725805.693506,152565.126542,0.0,363.626039,0.0,10644.64,42.0,40837.55,21.508901
2019-01-16,12,863060.316281,717820.132543,145240.183738,0.0,1077.637035,0.0,12321.58,42.0,40049.2,21.550001
2019-01-16,13,917358.082043,775763.033818,141595.048226,0.0,167.406222,0.0,12705.4,387.3,39286.6,23.350407
2019-01-16,14,892421.240217,749270.103115,143151.137102,0.0,1004.273849,0.0,13703.39,255.5,38425.22,23.224883
2019-01-16,15,886547.48468,749607.609996,136939.874684,0.0,1284.073368,0.0,13868.21,225.0,38063.76,23.291117
2019-01-16,16,891406.720211,763679.114922,127727.605289,0.0,858.266543,0.0,13781.054813,135.345187,38403.16,23.211807
2019-01-16,17,848373.691551,715070.045361,133303.64619,0.0,1173.879896,0.0,12417.09,42.0,39670.61,21.385446
2019-01-16,18,901391.696139,764025.362278,137366.33386,0.0,0.0,0.0,9002.4,0.0,41265.7,21.843606
2019-01-16,19,823353.03415,689822.519673,133530.514477,0.0,0.0,0.0,5539.74,0.0,41086.02,20.039737
2019-01-16,20,768200.2092,645613.336473,122586.872727,0.0,0.0,0.0,6430.68,0.0,40344.51,19.04101
2019-01-16,21,792663.88655,695204.609134,97459.277416,0.0,0.0,0.0,7660.29,0.0,38878.18,20.3884
2019-01-16,22,382229.067107,285299.560651,96929.506456,0.0,0.0,0.0,8481.7,0.0,36339.66,10.518235
2019-01-16,23,345954.270374,271569.735517,74384.534857,0.0,0.0,0.0,8387.11,0.0,33930.27,10.196036
2019-01-17,0,248462.36132,173211.033195,75251.328125,0.0,0.0,0.0,8371.96,0.0,32288.36,7.695106
2019-01-17,1,214805.58477,132231.970452,82573.614318,0.0,0.0,0.0,8622.24,0.0,31344.35,6.853088
2019-01-17,2,210793.840502,133544.349176,77249.491326,0.0,0.0,0.0,7655.95,0.0,30958.06,6.809013
2019-01-17,3,211512.867488,133534.479176,77978.388312,0.0,0.0,0.0,7251.82,0.0,30978.47,6.827738
2019-01-17,4,229594.493149,148996.531177,80597.961972,0.0,0.0,0.0,7256.46,0.0,31776.98,7.225183
2019-01-17,5,353533.639623,264652.221368,88881.418255,0.0,0.0,0.0,6905.6,0.0,34167.39,10.347107
2019-01-17,6,413299.885657,277436.867968,135863.017689,0.0,0.0,0.0,6744.66,0.0,37956.74,10.888709
2019-01-17,7,447957.407692,296227.09741,151730.310282,0.0,0.0,0.0,6743.35,0.0,39399.08,11.369743
2019-01-17,8,464449.059827,305749.959434,158699.100393,0.0,0.0,0.0,4778.27,0.0,38974.65,11.916696
2019-01-17,9,475821.16726,305746.669434,170074.497827,0.0,0.0,0.0,4013.3,0.0,38808.95,12.260604
2019-01-17,10,458386.018057,305746.669434,152639.348623,0.0,0.0,0.0,5000.63,0.0,38526.48,11.897947
2019-01-17,11,428106.998598,282031.79181,146075.206788,0.0,0.0,0.0,5582.31,0.0,37970.25,11.274801
2019-01-17,12,394644.693542,269230.695211,125413.998331,0.0,0.0,0.0,6942.96,0.0,37259.72,10.591725
2019-01-17,13,358135.434604,252041.088895,106094.345709,0.0,0.0,0.0,8842.88,0.0,36723.73,9.752153
2019-01-17,14,354245.747456,243186.042878,111059.704578,0.0,0.0,0.0,7993.65,0.0,36273.49,9.765968
2019-01-17,15,354843.955985,243182.752878,111661.203107,0.0,0.0,0.0,7231.01,0.0,35906.94,9.882322
2019-01-17,16,374302.837671,262519.27302,111783.564651,0.0,0.0,0.0,6550.86,0.0,36068.42,10.377578
2019-01-17,17,441303.841142,312661.796954,128642.044187,0.0,0.0,0.0,4942.51,0.0,36939.98,11.94651
2019-01-17,18,486199.935231,317641.555305,168558.379926,0.0,0.0,0.0,4041.63,0.0,39053.19,12.449686
2019-01-17,19,498759.167118,317638.265305,181120.901813,0.0,0.0,0.0,4036.91,0.0,39415.92,12.653749
2019-01-17,20,485635.041078,317638.265305,167996.775773,0.0,0.0,0.0,4670.25,0.0,39229.85,12.379222
2019-01-17,21,438598.402313,296557.442184,142040.960129,0.0,0.0,0.0,5857.62,0.0,38223.8,11.474485
2019-01-17,22,377283.815218,265201.379643,112082.435575,0.0,0.0,0.0,7497.18,0.0,36330.07,10.384891
2019-01-17,23,342672.317441,234840.955634,107831.361807,0.0,0.0,0.0,7367.69,0.0,34390.21,9.96424
2019-01-18,0,505473.45013,426169.203298,79304.246831,0.0,0.0,0.0,7582.95,0.0,33161.87,15.24261
2019-01-18,1,490552.063172,414056.823347,76495.239825,0.0,0.0,0.0,8107.73,0.0,32694.33,15.004194
2019-01-18,2,483616.087864,405718.032946,77898.054918,0.0,0.0,0.0,8358.55,0.0,32476.95,14.891056
2019-01-18,3,663337.518018,590527.35127,72810.166748,0.0,0.0,0.0,8821.71,0.0,32648.7,20.317425
2019-01-18,4,720807.119509,638695.074278,82112.045231,0.0,0.0,0.0,9136.29,0.0,33575.65,21.468151
2019-01-18,5,770822.775046,648807.796325,122014.97872,0.0,290.618437,0.0,10811.35,42.0,35925.85,21.455937
2019-01-18,6,799921.040194,655924.477926,143996.562268,0.0,733.608832,0.0,12430.2,0.0,39626.2,20.18667
2019-01-18,7,813630.083807,655921.187926,157708.895881,0.0,1116.667334,0.0,13212.47,0.0,41157.13,19.768873
2019-01-18,8,816566.813939,661331.197925,155235.616014,0.0,1346.098413,0.0,12769.23,0.0,40718.06,20.054168
2019-01-18,9,815949.819793,661327.907925,154621.911868,0.0,1320.425622,0.0,12306.968059,22.891941,40332.03,20.230815
2019-01-18,10,814304.524178,685398.0335,128906.490679,0.0,422.961655,0.0,12670.38,42.0,39815.46,20.451968
2019-01-18,11,926663.666613,791411.049818,135252.616795,0.0,1329.684599,0.0,14004.86,292.8,39150.7,23.669147
2019-01-18,12,899810.432443,768546.332914,131264.099528,0.0,1673.582141,0.0,15376.32,255.5,38544.97,23.344432
2019-01-18,13,879300.394049,748799.401545,130500.992504,0.0,1288.762866,0.0,16069.83,387.3,38145.31,23.051337
2019-01-18,14,865946.117863,741995.530232,123950.58763,0.0,1938.499092,0.0,17359.647454,392.412546,37548.1,23.062315
2019-01-18,15,812346.567926,695712.127829,116634.440097,0.0,1826.764056,0.0,17346.55,255.5,37072.75,21.912228
2019-01-18,16,807440.899371,696810.580714,110630.318657,0.0,975.700569,0.0,16550.27,255.5,36990.87,21.828113
2019-01-18,17,800300.222178,690133.861483,110166.360695,0.0,985.013433,0.0,15419.8,100.0,37512.88,21.334012
2019-01-18,18,777659.89428,664621.322768,113038.571511,0.0,616.004792,0.0,14096.63,100.0,38526.42,20.185107
2019-01-18,19,760064.558315,631651.354137,128413.204178,0.0,473.954636,0.0,12542.28,42.0,38106.47,19.945814
2019-01-18,20,743556.212457,631651.354137,111904.85832,0.0,1180.842413,0.0,14294.22,42.0,37353.23,19.906075
2019-01-18,21,707965.939488,609584.633326,98381.306162,0.0,1605.424023,0.0,15924.72,42.0,36292.33,19.507316
2019-01-18,22,681155.169604,599549.843604,81605.326,0.0,758.689137,0.0,16096.22,42.0,34858.02,19.540845
2019-01-18,23,646801.769902,580707.189386,66094.580515,0.0,846.548156,0.0,16728.75,42.0,33078.26,19.553682
2019-01-19,0,622349.848597,563714.307366,58635.541231,0.0,837.783574,0.0,16678.57,42.0,31626.15,19.678331
2019-01-19,1,619976.25658,578282.832369,41693.424211,0.0,0.0,0.0,13175.72,0.0,30862.28,20.088479
2019-01-19,2,508058.143405,459033.031154,49025.112251,0.0,0.0,0.0,12829.5,0.0,30797.76,16.496594
2019-01-19,3,568811.639255,515409.614007,53402.025248,0.0,0.0,0.0,11748.94,0.0,31371.98,18.1312
2019-01-19,4,2834355.796334,2760359.425572,73996.370762,0.0,0.0,0.0,6369.38,0.0,32567.48,87.030246
2019-01-19,5,2866911.535635,2756104.071944,110807.463691,0.0,247.605694,0.0,11535.43,100.0,34680.37,82.666694
2019-01-19,6,2906935.17843,2777974.74266,128960.43577,0.0,964.531893,0.0,11571.49,42.0,37325.71,77.880238
2019-01-19,7,2946318.027623,2785084.844261,161233.183362,0.0,1409.033397,0.0,12064.17,42.0,40072.32,73.525017
2019-01-19,8,2994911.492054,2806342.5173,188568.974754,0.0,1219.381512,0.0,12120.9,42.0,42575.89,70.342898
2019-01-19,9,3008531.684776,2806332.6473,202199.037476,0.0,1156.926209,0.0,11992.31,0.0,44134.03,68.168071
2019-01-19,10,3019931.569437,2819137.033899,200794.535538,0.0,252.082498,0.0,11071.35,0.0,44598.78,67.713322
2019-01-19,11,3084509.096643,2892642.564191,191866.532452,0.0,1210.475373,0.0,12306.54,58.0,44150.49,69.86353
2019-01-19,12,3099293.367986,2908891.665466,190401.70252,0.0,1474.662166,0.0,13352.103306,93.196694,43223.22,71.704361
2019-01-19,13,3080629.651893,2888668.954586,191960.697308,0.0,1127.389742,0.0,13618.56,255.5,42057.23,73.248515
2019-01-19,14,3078531.375832,2898991.575442,179539.80039,0.0,1798.516023,0.0,14444.51,255.5,41085.19,74.93044
2019-01-19,15,3059619.712594,2892003.320326,167616.392268,0.0,1690.435729,0.0,14486.941673,235.018327,40481.5,75.58069
2019-01-19,16,3006840.336931,2851246.486921,155593.85001,0.0,668.962363,0.0,13405.704495,190.755505,40650.08,73.968866
2019-01-19,17,2966447.788456,2804381.062459,162066.725997,0.0,1041.599165,0.0,14659.8,100.0,42072.62,70.507798
2019-01-19,18,3053185.774355,2878748.536489,174437.237866,0.0,399.459388,0.0,12577.086965,35.153035,44941.32,67.937163
2019-01-19,19,3081347.008583,2936010.912614,145336.095968,0.0,0.0,0.0,7969.81,0.0,45497.74,67.725276
2019-01-19,20,2892261.69023,2743280.162826,148981.527403,0.0,0.0,0.0,8121.7,0.0,45698.93,63.289484
2019-01-19,21,2885942.286173,2743085.078539,142857.207633,0.0,0.0,0.0,8681.93,0.0,45458.99,63.484523
2019-01-19,22,2823198.142352,2673261.32338,149936.818972,0.0,0.0,0.0,8671.86,0.0,44662.81,63.211386
2019-01-19,23,2825464.997185,2673258.03338,152206.963805,0.0,0.0,0.0,7318.14,0.0,43760.0,64.567299
2019-01-20,0,2831923.030773,2674868.119899,157054.910873,0.0,0.0,0.0,6110.94,0.0,43105.65,65.697258
2019-01-20,1,2834791.54649,2674855.469899,159936.076591,0.0,0.0,0.0,5399.69,0.0,42934.34,66.026205
2019-01-20,2,2918530.514142,2772083.355947,146447.158195,0.0,0.0,0.0,4822.37,0.0,42968.77,67.922133
2019-01-20,3,2926166.177381,2772076.775947,154089.401434,0.0,0.0,0.0,4568.02,0.0,43310.24,67.562918
2019-01-20,4,2947362.023573,2790419.546139,156942.477434,0.0,0.0,0.0,4864.26,0.0,44147.09,66.762317
2019-01-20,5,2979239.353405,2790416.256139,188823.097266,0.0,0.0,0.0,3597.02,0.0,45461.11,65.533801
2019-01-20,6,3009756.938865,2790416.256139,219340.682726,0.0,0.0,0.0,3234.75,0.0,47269.7,63.672013
2019-01-20,7,3027196.423128,2790416.256139,236780.166989,0.0,0.0,0.0,3645.45,0.0,48930.53,61.867231
2019-01-20,8,3208043.664546,2983119.665927,224923.99862,0.0,0.0,0.0,3790.08,0.0,49352.02,65.00329
2019-01-20,9,3175123.523352,2983114.105927,192009.417425,0.0,0.0,0.0,4279.07,0.0,48258.44,65.79416
2019-01-20,10,3073522.944215,2920575.312535,152947.63168,0.0,0.0,0.0,6388.65,0.0,45954.68,66.881609
2019-01-20,11,3006444.002762,2869716.067269,136727.935493,0.0,0.0,0.0,8353.49,0.0,43536.39,69.055886
2019-01-20,12,2989227.057011,2826332.455986,162894.601025,0.0,100.723713,0.0,10873.52,42.0,41259.63,72.449197
2019-01-20,13,2918214.297723,2772668.134496,145546.163227,0.0,310.200149,0.0,12917.18,262.3,39360.88,74.139966
2019-01-20,14,2904153.315135,2761608.942374,142544.372761,0.0,940.42786,0.0,13620.67,387.3,37870.06,76.687318
2019-01-20,15,2878681.280693,2755551.881358,123129.399335,0.0,1341.619681,0.0,14199.371773,244.418227,37021.7,77.756594
2019-01-20,16,2868463.347087,2756856.266612,111607.080475,0.0,891.526732,0.0,14003.11,262.3,36908.1,77.719074
2019-01-20,17,2939677.807362,2807429.538243,132248.269119,0.0,974.057793,0.0,11527.89,42.0,38623.14,76.111828
2019-01-20,18,3077195.076071,2950228.945125,126966.130946,0.0,0.0,0.0,7938.87,0.0,41764.05,73.680476
2019-01-20,19,2875834.738408,2728110.783432,147723.954976,0.0,0.0,0.0,4512.42,0.0,42989.14,66.896773
2019-01-20,20,2833063.517094,2683904.890232,149158.626862,0.0,0.0,0.0,5659.09,0.0,43149.9,65.656317
2019-01-20,21,2775290.226548,2630604.150249,144686.076299,0.0,0.0,0.0,7681.62,0.0,43278.11,64.126881
2019-01-20,22,2572343.370135,2436944.596143,135398.773993,0.0,0.0,0.0,9931.41,0.0,42117.85,61.074897
2019-01-20,23,2640517.688466,2540364.752576,100152.93589,0.0,0.0,0.0,10654.02,0.0,40672.63,64.921243
2019-01-21,0,2609699.751543,2517558.813726,92140.937817,0.0,0.0,0.0,11151.66,0.0,39769.55,65.62055
2019-01-21,1,2486688.222704,2376851.025512,109837.197192,0.0,0.0,0.0,11328.4,0.0,39392.77,63.125498
2019-01-21,2,2487791.237865,2376572.278376,111218.959488,0.0,0.0,0.0,11513.39,0.0,39492.73,62.993651
2019-01-21,3,2559439.820058,2458526.953586,100912.866472,0.0,0.0,0.0,11909.13,0.0,40131.48,63.776363
2019-01-21,4,2653123.053209,2531926.997703,121196.055505,0.0,0.0,0.0,11886.22,0.0,41480.82,63.960236
2019-01-21,5,2702768.559173,2535260.474488,167508.084686,0.0,221.131553,0.0,12880.99,42.0,44062.23,61.339804
2019-01-21,6,2744224.879817,2553471.581086,190753.298731,0.0,572.66652,0.0,13585.63,0.0,47294.87,58.023732
2019-01-21,7,2905434.527099,2701018.940174,204415.586925,0.0,765.320847,0.0,13767.31,0.0,48973.12,59.327127
2019-01-21,8,2914809.49281,2701016.160174,213793.332636,0.0,1259.461017,0.0,13193.27,0.0,48555.62,60.030322
2019-01-21,9,2909074.18117,2700095.440303,208978.740867,0.0,1286.510916,0.0,12479.83,0.0,47276.3,61.533457
2019-01-21,10,3017982.463959,2841160.061967,176822.401992,0.0,426.727368,0.0,12712.96,42.0,45876.77,65.784546
2019-01-21,11,3007083.118157,2839262.286146,167820.832011,0.0,1362.260777,0.0,13946.19,262.3,43851.36,68.574455
2019-01-21,12,3053018.467017,2910290.135578,142728.331439,0.0,1685.960645,0.0,15367.88,130.5,41660.56,73.283184
2019-01-21,13,3020389.691247,2887743.652892,132646.038355,0.0,844.938031,0.0,16289.349111,328.870889,40059.48,75.397626
2019-01-21,14,2996318.577491,2874180.35409,122138.223401,0.0,1631.552325,0.0,17381.984522,270.945478,38776.97,77.27057
2019-01-21,15,2986568.928549,2865435.976989,121132.95156,0.0,1676.997413,0.0,17347.1,417.8,38099.44,78.388788
2019-01-21,16,2992766.272081,2871789.595851,120976.67623,0.0,1047.760162,0.0,16105.01,417.8,38210.64,78.322851
2019-01-21,17,3011197.527319,2889087.751754,122109.775565,0.0,1401.251758,0.0,15861.65,42.0,39391.63,76.442572
2019-01-21,18,2929425.113093,2796337.207518,133087.905575,0.0,1114.40291,0.0,14646.71,42.0,41701.84,70.246903
2019-01-21,19,2923395.408487,2776118.520919,147276.887569,0.0,869.699839,0.0,13141.92,42.0,41813.39,69.915293
2019-01-21,20,2899770.50392,2776118.520919,123651.983001,0.0,1141.427416,0.0,14971.72,42.0,41171.8,70.430987
2019-01-21,21,2851072.69132,2748136.920345,102935.770975,0.0,1568.787362,0.0,17056.09,42.0,39776.21,71.677837
2019-01-21,22,2810042.753477,2728954.065428,81088.688049,0.0,1590.67591,0.0,18226.15,42.0,37287.92,75.360673
2019-01-21,23,2791644.208238,2727158.672549,64485.535689,0.0,1619.733626,0.0,18202.122314,93.757686,34785.4,80.253331
2019-01-22,0,653763.61495,586535.226826,67228.388125,0.0,1628.261279,0.0,17930.88,42.0,33150.43,19.72112
2019-01-22,1,630578.888199,561493.279262,69085.608937,0.0,1544.401051,0.0,17456.21,100.0,32192.33,19.587861
2019-01-22,2,626141.36013,561493.279262,64648.080868,0.0,1592.198434,0.0,17411.73,42.0,31703.04,19.750199
2019-01-22,3,630584.866597,564386.857487,66198.009109,0.0,1556.159695,0.0,17120.5,100.0,31687.39,19.900183
2019-01-22,4,640294.181555,569137.211742,71156.969813,0.0,1488.499535,0.0,16800.95217,84.60783,32456.75,19.727612
2019-01-22,5,683857.415984,599569.583604,84287.83238,0.0,1503.742311,0.0,16563.05,42.0,34693.99,19.71112
2019-01-22,6,729164.736911,618843.38691,110321.350001,0.0,1235.770769,0.0,16095.99,42.0,38275.89,19.050236
2019-01-22,7,744543.388731,618830.22691,125713.161822,0.0,945.276094,0.0,15332.12,42.0,39264.5,18.962253
2019-01-22,8,751970.594804,623612.854409,128357.740395,0.0,607.812859,0.0,13982.66,42.0,38572.2,19.495144
2019-01-22,9,754206.786113,617816.670345,136390.115769,0.0,771.970704,0.0,13305.02,42.0,38427.65,19.626669
2019-01-22,10,755819.237212,633281.449319,122537.787893,0.0,276.674524,0.0,13667.66,42.0,38336.72,19.715282
2019-01-22,11,781625.015364,651489.265918,130135.749446,0.0,151.535818,0.0,13068.465271,365.094729,38194.55,20.464307
2019-01-22,12,833035.444115,717362.698871,115672.745244,0.0,148.263318,0.0,14029.02,387.3,38047.39,21.89468
2019-01-22,13,898913.989783,767897.351628,131016.638155,0.0,682.346107,0.0,14727.21,255.5,37928.8,23.700038
2019-01-22,14,899556.464333,765707.28938,133849.174954,0.0,666.332392,0.0,14601.06,417.8,37764.87,23.819927
2019-01-22,15,875542.178179,742909.736595,132632.441585,0.0,751.891142,0.0,15217.31,417.8,37721.42,23.210743
2019-01-22,16,895840.944544,768593.809957,127247.134587,0.0,99.387584,0.0,14389.0,130.5,38197.9,23.452623
2019-01-22,17,855211.557131,728599.946762,126611.610369,0.0,366.364467,0.0,13855.23,42.0,39549.44,21.62386
2019-01-22,18,838745.87563,689177.2839,149568.59173,0.0,986.145496,0.0,13501.27,0.0,41482.82,20.219114
2019-01-22,19,851107.714263,676369.607301,174738.106962,0.0,809.781014,0.0,11983.73,0.0,41948.56,20.289319
2019-01-22,20,834031.384259,676369.607301,157661.776958,0.0,1071.0954,0.0,13954.06,0.0,42046.29,19.836028
2019-01-22,21,787597.118202,660911.408326,126685.709875,0.0,1508.06426,0.0,16544.19,0.0,41182.99,19.124331
2019-01-22,22,738071.801153,615190.005086,122881.796067,0.0,1500.325912,0.0,17365.28,0.0,39508.01,18.681574
2019-01-22,23,730484.892834,615190.005086,115294.887748,0.0,1478.541743,0.0,15660.606144,14.883856,37858.36,19.295207
2019-01-23,0,725070.597578,610208.317585,114862.279993,0.0,1474.394877,0.0,14967.09,42.0,36874.0,19.663465
2019-01-23,1,759711.412267,610208.317585,149503.094682,0.0,1255.674581,0.0,11813.17,42.0,36896.58,20.590294
2019-01-23,2,763834.036917,618550.397985,145283.638932,0.0,1224.899733,0.0,12611.5,0.0,37340.84,20.455727
2019-01-23,3,789583.03951,633299.285484,156283.754026,0.0,394.260185,0.0,12135.53,0.0,38581.72,20.465211
2019-01-23,4,789768.649681,671982.105554,117786.544127,0.0,0.0,0.0,11208.19,0.0,40620.56,19.442584
2019-01-23,5,819610.834108,679616.477469,139994.356638,0.0,0.0,0.0,11570.22,0.0,44170.9,18.555448
2019-01-23,6,1007911.621076,811681.291,196230.330076,0.0,0.0,0.0,9514.82,0.0,49254.31,20.46342
2019-01-23,7,1066040.582018,821179.816927,244860.765091,0.0,0.0,0.0,8005.76,0.0,51796.1,20.581484
2019-01-23,8,1064526.74995,821176.526927,243350.223023,0.0,0.0,0.0,7180.61,0.0,51379.74,20.718804
2019-01-23,9,912363.475866,673625.367839,238738.108026,0.0,0.0,0.0,7884.54,0.0,50589.1,18.034784
2019-01-23,10,855905.641592,645767.621721,210138.019871,0.0,0.0,0.0,8812.85,0.0,49544.31,17.275559
2019-01-23,11,799817.069437,622056.302695,177760.766742,0.0,0.0,0.0,10232.19,0.0,48035.87,16.650413
2019-01-23,12,780124.277481,618652.419158,161471.858322,0.0,0.0,0.0,12346.26,0.0,46272.73,16.859266
2019-01-23,13,782414.265277,595924.813749,186489.451528,0.0,269.005902,0.0,14251.02,88.5,44752.21,17.483254
2019-01-23,14,747746.854123,572167.656697,175579.197426,0.0,540.384918,0.0,14094.2,88.5,43121.43,17.340493
2019-01-23,15,623444.411213,431106.085033,192338.32618,0.0,634.41826,0.0,13514.76,88.5,41972.03,14.853806
2019-01-23,16,659878.674759,455754.879309,204123.79545,0.0,414.324313,0.0,12464.89,88.5,42017.47,15.704865
2019-01-23,17,652063.817241,507648.016497,144415.800744,0.0,0.0,0.0,9839.4,0.0,43479.13,14.997168
2019-01-23,18,724300.454953,530773.700248,193526.754705,0.0,0.0,0.0,6896.08,0.0,46781.57,15.482603
2019-01-23,19,821308.384082,583786.333095,237522.050986,0.0,0.0,0.0,4197.62,0.0,48121.09,17.067535
2019-01-23,20,836782.332566,583783.043095,252999.289471,0.0,0.0,0.0,3555.08,0.0,48589.25,17.221553
2019-01-23,21,816974.059797,583783.043095,233191.016702,0.0,0.0,0.0,3649.93,0.0,47987.46,17.024741
2019-01-23,22,754554.458398,562702.219975,191852.238423,0.0,0.0,0.0,4618.47,0.0,46144.05,16.352151
2019-01-23,23,623458.661031,434662.639112,188796.021919,292.839,0.0,0.0,4582.6,0.0,44401.89,14.041264
2019-01-24,0,598203.128165,416323.15892,181879.969244,0.0,0.0,0.0,4990.04,0.0,43536.71,13.740201
2019-01-24,1,584936.640853,416323.15892,168613.481932,0.0,0.0,0.0,5827.93,0.0,43331.08,13.49924
2019-01-24,2,643806.824198,469348.441768,174458.38243,0.0,0.0,0.0,4928.48,0.0,43556.02,14.781122
2019-01-24,3,663777.375467,469345.151768,194432.223699,0.0,0.0,0.0,4435.32,0.0,44178.62,15.024855
2019-01-24,4,1035094.950644,854068.703656,181026.246988,0.0,0.0,0.0,4048.15,0.0,45683.05,22.658184
2019-01-24,5,1131753.735749,922694.152125,209059.583623,0.0,0.0,0.0,3780.61,0.0,49021.05,23.087097
2019-01-24,6,1253603.500927,958793.620362,294809.880564,0.0,0.0,0.0,3484.91,0.0,53643.76,23.369046
2019-01-24,7,1286059.929979,958787.040362,327272.889617,0.0,0.0,0.0,3235.31,0.0,54669.49,23.524272
2019-01-24,8,1231013.697978,958787.040362,272226.657616,0.0,0.0,0.0,2711.91,0.0,51857.4,23.738438
2019-01-24,9,1164588.227809,958787.040362,205801.187447,0.0,0.0,0.0,3075.53,0.0,48510.5,24.006931
2019-01-24,10,1031895.196287,883769.452347,148125.74394,0.0,0.0,0.0,5424.57,0.0,45580.32,22.639051
2019-01-24,11,1010171.833799,902135.971123,108035.862675,0.0,0.0,0.0,6991.91,0.0,42871.2,23.562947
2019-01-24,12,999941.185002,816419.040523,183522.144479,0.0,71.742429,0.0,9808.14,88.5,40657.35,24.594352
2019-01-24,13,939425.490273,769706.788928,169718.701346,0.0,1097.868535,0.0,12420.92,130.5,39133.0,24.005967
2019-01-24,14,921908.915396,768664.520529,153244.394867,0.0,1851.961754,0.0,13524.07,130.5,37937.13,24.300966
2019-01-24,15,900258.573126,764738.895036,135519.67809,0.0,1850.953048,0.0,14336.43,130.5,37398.83,24.071838
2019-01-24,16,876425.9806,754720.951009,121705.029591,0.0,1076.383208,0.0,14837.36,130.5,37622.28,23.295398
2019-01-24,17,869706.475662,740442.14897,129264.326691,0.0,1241.267261,0.0,13251.97,42.0,38843.86,22.389806
2019-01-24,18,900000.097479,738222.781857,161777.315623,0.0,895.425321,0.0,11267.48,42.0,41673.85,21.596279
2019-01-24,19,914236.346871,754520.642984,159715.703888,0.0,0.0,0.0,8498.42,0.0,42862.65,21.329441
2019-01-24,20,897287.421574,756357.534357,140929.887217,0.0,0.0,0.0,7972.67,0.0,43318.39,20.713776
2019-01-24,21,814906.578725,681830.011752,133076.566972,0.0,0.0,0.0,7590.35,0.0,42613.88,19.123032
2019-01-24,22,754981.128296,628442.386529,126538.741768,0.0,0.0,0.0,6958.09,0.0,40928.54,18.446324
2019-01-24,23,806154.610363,704948.809673,101205.80069,0.0,0.0,0.0,6471.53,0.0,39360.33,20.481399
2019-01-25,0,641498.069653,531976.467117,109521.602536,0.0,0.0,0.0,6041.38,0.0,38608.92,16.615281
2019-01-25,1,584809.57927,455765.028816,129044.550454,0.0,0.0,0.0,5808.82,0.0,38644.37,15.133112
2019-01-25,2,593002.000466,455761.738816,137240.26165,0.0,0.0,0.0,5603.44,0.0,39025.4,15.195283
2019-01-25,3,608691.125247,462483.031007,146208.09424,0.0,0.0,0.0,5624.88,0.0,39806.26,15.291342
2019-01-25,4,667673.694718,514304.244759,153369.449958,0.0,0.0,0.0,5781.95,0.0,41435.44,16.11359
2019-01-25,5,879457.9135,704882.619014,174575.294486,0.0,0.0,0.0,4098.31,0.0,44648.23,19.697487
2019-01-25,6,961932.501602,704869.459014,257063.042588,0.0,0.0,0.0,3789.42,0.0,49074.58,19.601441
2019-01-25,7,971711.593292,704869.459014,266842.134279,0.0,0.0,0.0,4634.21,0.0,50406.28,19.27759
2019-01-25,8,963683.498662,704869.459014,258814.039648,0.0,0.0,0.0,3385.74,0.0,48816.58,19.740906
2019-01-25,9,799949.041509,557318.299926,242630.741584,0.0,0.0,0.0,3115.12,0.0,46875.83,17.065277
2019-01-25,10,704368.267555,505682.291802,198685.975754,0.0,0.0,0.0,4731.48,0.0,44799.98,15.722513
2019-01-25,11,582235.056669,413239.995642,168995.061027,0.0,0.0,0.0,5988.92,0.0,42650.18,13.651409
2019-01-25,12,496662.518637,359504.660418,137157.858218,0.0,0.0,0.0,8053.0,0.0,40734.49,12.192678
2019-01-25,13,493243.216217,383607.42495,109635.791267,0.0,0.0,0.0,10560.17,58.0,39344.61,12.536488
2019-01-25,14,536342.079311,358074.183893,178267.895417,0.0,0.0,0.0,9906.22,345.3,38202.48,14.039457
2019-01-25,15,467377.991904,372202.58744,95175.404464,0.0,0.0,0.0,9604.11,0.0,37591.34,12.433129
2019-01-25,16,379248.247799,257173.350137,122074.897662,0.0,0.0,0.0,8953.09,0.0,37812.07,10.02982
2019-01-25,17,465865.793737,335379.828785,130485.964953,0.0,0.0,0.0,6903.8,0.0,38772.65,12.01532
2019-01-25,18,537226.750877,353706.148977,183520.601901,0.0,0.0,0.0,5453.69,0.0,40973.41,13.111595
2019-01-25,19,600541.147782,387004.730877,213536.416905,0.0,0.0,0.0,4605.44,0.0,41315.59,14.535461
2019-01-25,20,575478.342328,382802.910877,192675.43145,0.0,0.0,0.0,5050.48,0.0,41286.15,13.938775
2019-01-25,21,541128.339564,374062.714094,167065.62547,0.0,0.0,0.0,6338.15,0.0,40874.96,13.238627
2019-01-25,22,483556.45298,348451.566794,135104.886186,0.0,0.0,0.0,8260.12,0.0,39724.31,12.172809
2019-01-25,23,429722.570408,287998.229379,141724.341029,0.0,0.0,0.0,7389.22,0.0,38343.09,11.207302
2019-01-26,0,425448.555609,287998.229379,137450.326229,0.0,0.0,0.0,6354.16,0.0,37355.91,11.389056
2019-01-26,1,427958.939769,287998.229379,139960.710389,0.0,0.0,0.0,5448.04,0.0,36777.14,11.636548
2019-01-26,2,426905.025908,287998.229379,138906.796529,0.0,0.0,0.0,5191.19,0.0,36532.54,11.68561
2019-01-26,3,439448.852795,300944.046162,138504.806633,0.0,0.0,0.0,4766.81,0.0,36588.77,12.010484
2019-01-26,4,456777.610485,314933.715461,141843.895024,0.0,0.0,0.0,4517.9,0.0,37097.2,12.312994
2019-01-26,5,522870.29194,368322.255911,154548.036029,0.0,0.0,0.0,3954.13,0.0,38260.57,13.666035
2019-01-26,6,586441.302937,402204.175631,184237.127306,0.0,0.0,0.0,3555.48,0.0,40148.12,14.606943
2019-01-26,7,635314.747106,430079.677846,205235.06926,0.0,0.0,0.0,3315.99,0.0,41852.89,15.17971
2019-01-26,8,653090.743668,430073.097846,223017.645822,0.0,0.0,0.0,3068.07,0.0,42579.34,15.338207
2019-01-26,9,617988.281517,396774.005946,221214.275571,0.0,0.0,0.0,3302.08,0.0,42093.68,14.681261
2019-01-26,10,555623.436169,387584.778697,168038.657472,0.0,0.0,0.0,4963.54,0.0,40660.89,13.664812
2019-01-26,11,479678.540498,327955.658785,151722.881713,0.0,0.0,0.0,5479.12,0.0,39039.63,12.286964
2019-01-26,12,408673.733794,283756.345585,124917.388209,0.0,0.0,0.0,6846.12,0.0,37520.87,10.891905
2019-01-26,13,368247.108137,261561.137019,106685.971118,0.0,0.0,0.0,8513.49,0.0,36242.42,10.160666
2019-01-26,14,334364.354607,238464.374263,95899.980344,0.0,0.0,0.0,8646.54,0.0,35288.78,9.47509
2019-01-26,15,304698.339358,215300.650155,89397.689204,0.0,0.0,0.0,8484.95,0.0,34739.23,8.771016
2019-01-26,16,308716.12279,218947.472779,89768.650011,0.0,0.0,0.0,8077.14,0.0,34863.7,8.854944
2019-01-26,17,376992.852688,271932.726791,105060.125897,0.0,0.0,0.0,6386.22,0.0,36079.37,10.448987
2019-01-26,18,452946.487,316122.169991,136824.317009,0.0,0.0,0.0,4948.64,0.0,38021.36,11.912948
2019-01-26,19,486706.129244,316118.879991,170587.249253,0.0,0.0,0.0,3846.52,0.0,38343.54,12.693302
2019-01-26,20,489118.983048,316118.879991,173000.103058,0.0,0.0,0.0,3770.7,0.0,38250.07,12.787401
2019-01-26,21,467929.518892,316118.879991,151810.638902,0.0,0.0,0.0,4117.28,0.0,37830.27,12.369183
2019-01-26,22,438429.37698,307378.683207,131050.693773,0.0,0.0,0.0,4820.75,0.0,37064.94,11.828682
2019-01-26,23,445233.441063,309404.1678,135829.273263,0.0,0.0,0.0,3433.84,0.0,36040.13,12.353825
2019-01-27,0,439315.771999,309400.8778,129914.894199,0.0,0.0,0.0,2931.52,0.0,35064.49,12.528794
2019-01-27,1,454581.733396,331482.245831,123099.487565,0.0,0.0,0.0,3343.48,0.0,34728.96,13.089414
2019-01-27,2,419213.521411,279842.947708,139370.573703,0.0,0.0,0.0,2860.83,0.0,34628.95,12.105869
2019-01-27,3,423642.041434,279842.947708,143799.093726,0.0,0.0,0.0,2962.58,0.0,34985.06,12.109227
2019-01-27,4,434628.129147,295307.726682,139320.402465,0.0,0.0,0.0,3490.82,0.0,35522.54,12.235277
2019-01-27,5,444613.565754,287024.710161,157588.855594,0.0,0.0,0.0,3560.05,0.0,36574.47,12.156391
2019-01-27,6,498953.900257,338635.033361,160318.866897,0.0,0.0,0.0,3984.19,0.0,38194.77,13.063409
2019-01-27,7,519050.948799,348167.765384,170883.183415,0.0,0.0,0.0,4921.51,0.0,39753.86,13.056618
2019-01-27,8,545218.932032,348164.475384,197054.456648,0.0,0.0,0.0,4149.29,0.0,40424.05,13.487489
