Date,Demand,Renewables available,Renewables used,Renewables penetration rate,Average price,Fixed costs,Generation costs,Load shedding,Over generation,Reserve shortfall,Renewables curtailment,Number on/offs,Sum on/off ramps,Sum nominal ramps,Renewables energy payments,Renewables uplift payments,Thermal energy payments,Thermal uplift payments,Total energy payments,Total uplift payments,Total reserve payments,Total payments,Average payments
2019-01-01,986649.81,295013.79,293382.374703,41.192365,33.668832,29332891.423769,3886455.172625,0.0,18957.687067,0.0,1631.415297,131,7231.95,82537.295224,-23133009.111359,0.0,13023321.665147,0.0,-10109687.446213,0.0,5093.046681,-10104594.399532,-10.241318
2019-01-02,1136655.54,130939.9,130939.9,13.019575,19.128078,16136265.783146,5605770.578343,0.0,0.0,0.0,0.0,30,6287.13,42766.447375,2214203.411405,0.0,20301206.220196,0.0,22515409.631601,0.0,0.0,22515409.631601,19.808472
2019-01-03,1100872.77,151029.29,150028.606867,15.745289,20.433346,17570418.010445,4924095.935189,0.0,2003.397741,0.0,1000.683133,82,10096.77,76699.797088,-4287889.444455,0.0,14824279.968892,0.0,10536390.524437,0.0,0.0,10536390.524437,9.570943
2019-01-04,1013727.34,139993.84,139816.84,15.992414,14.154121,10066336.812448,4282082.379097,0.0,359.261999,0.0,177.0,62,7363.35,68126.776861,-419997.971705,0.0,13669420.634875,0.0,13249422.66317,0.0,0.0,13249422.66317,13.070006
2019-01-05,903816.2,156305.99,156247.99,20.900834,11.502762,7266004.024224,3130378.723297,0.0,0.0,0.0,58.0,69,6715.83,50829.129612,-296956.884129,0.0,10821332.454104,0.0,10524375.569975,0.0,0.0,10524375.569975,11.644376
2019-01-06,837425.54,299729.54,297022.24,53.329879,16.887308,11671422.060059,2470441.178447,0.0,16549.468849,0.0,2707.3,87,6325.71,52007.136863,-19652003.217781,0.0,7087703.8176,0.0,-12564299.400181,0.0,0.0,-12564299.400181,-15.003482
2019-01-07,835476.71,274965.24,273355.618622,47.093013,15.511688,10295929.805685,2663724.378595,0.0,18337.878625,0.0,1609.621378,106,11450.49,74813.204481,-23903264.716168,0.0,7485133.216341,0.0,-16418131.499827,0.0,0.0,-16418131.499827,-19.651214
2019-01-08,854810.49,179507.09,179255.09,26.348401,13.234165,8405551.271895,2907152.038282,0.0,4770.846082,0.0,252.0,76,8254.38,57976.8229,-5857969.541171,0.0,9497228.084132,0.0,3639258.54296,0.0,0.0,3639258.54296,4.257386
2019-01-09,887344.94,198454.88,198396.88,28.797074,10.631875,6447558.639137,2986582.10021,0.0,0.0,0.0,58.0,58,7666.74,44421.652025,1651451.99731,0.0,10306279.615581,0.0,11957731.612892,0.0,0.0,11957731.612892,13.475855
2019-01-10,933598.34,217570.5,216113.528548,29.750834,18.62654,14169263.120166,3220444.023705,0.0,8926.846614,0.0,1456.971452,68,7480.5,60545.825464,-12554415.098588,0.0,9804821.458553,0.0,-2749593.640035,0.0,0.0,-2749593.640035,-2.945157
2019-01-11,918205.77,266624.32,265524.389448,40.467496,17.727608,13321315.181776,2956276.568717,0.0,3460.993023,0.0,1099.930552,93,8425.02,73253.755963,-9192361.648876,0.0,8640576.484264,0.0,-551785.164612,0.0,0.0,-551785.164612,-0.600938
2019-01-12,882997.25,253466.77,251813.705293,38.940203,17.769632,12339237.127754,3351299.151222,262.061,15746.196469,0.0,1653.064707,145,11922.54,73322.875257,-19593004.944009,0.0,10159490.97969,0.0,-9433513.964318,0.0,-1050880.481911,-10484394.446229,-11.873643
2019-01-13,968302.49,140864.43,140864.43,17.024166,13.310416,8748443.498384,4140065.760327,0.0,0.0,0.0,0.0,36,5844.66,38391.335854,1495092.709512,0.0,14194616.194503,0.0,15689708.904015,0.0,0.0,15689708.904015,16.203314
2019-01-14,1048428.58,121728.56,121728.56,13.136481,15.035627,11014509.309738,4749272.156773,54.8763,0.0,0.0,0.0,47,7581.39,44076.121423,1341009.258143,0.0,17330475.862011,0.0,18671485.120154,0.0,-1095174.196396,17576310.923758,16.764433
2019-01-15,1016539.15,147080.71,147024.606965,16.906535,16.798814,12911908.623891,4164743.826959,214.716,332.002141,0.0,56.103035,74,8764.23,51300.971681,-1556217.830878,0.0,14406703.027088,0.0,12850485.196209,0.0,-1536263.203562,11314221.992647,11.130139
2019-01-16,934076.17,215691.01,214823.402727,29.623327,16.745913,12664631.685824,2977326.371717,0.0,5930.47496,0.0,867.607273,103,11523.15,66755.631283,-9499828.932344,0.0,9043848.711115,0.0,-455980.22123,0.0,0.0,-455980.22123,-0.488162
2019-01-17,868965.08,154901.7,154901.7,21.69299,10.430583,6098883.789213,2964928.512144,0.0,0.0,0.0,0.0,57,6027.45,42949.348833,1165491.273724,0.0,10673539.001545,0.0,11839030.27527,0.0,0.0,11839030.27527,13.624288
2019-01-18,885312.54,320373.83,318205.772676,54.133581,20.238548,15267461.612593,2649978.36602,0.0,20709.091637,0.0,2168.057324,115,8639.79,55876.910603,-28316012.518405,0.0,7908205.912946,0.0,-20407806.605459,0.0,0.0,-20407806.605459,-23.051528
2019-01-19,964352.87,282263.57,280326.38246,40.073709,61.788778,56127656.416172,3458528.891026,0.0,15500.435683,0.0,1937.18754,132,15404.52,94261.661101,-21658266.02468,0.0,9561525.314404,0.0,-12096740.710276,0.0,0.0,-12096740.710276,-12.543895
2019-01-20,1030244.15,183813.28,182565.058907,21.421839,67.944809,66186701.790442,3813039.962494,0.0,4558.923986,0.0,1248.221093,103,11203.02,73071.037794,-6558208.273212,0.0,11171371.45555,0.0,4613163.182338,0.0,0.0,4613163.182338,4.477738
2019-01-21,998892.9,347210.64,345257.991486,51.095832,68.20833,64849374.853331,3283441.588621,0.0,22071.857134,0.0,1952.648514,124,9433.98,71366.031634,-28345861.339049,0.0,9333332.661568,0.0,-19012528.677481,0.0,0.0,-19012528.677481,-19.033601
2019-01-22,900192.29,367214.69,364770.298314,65.279075,20.32179,15565299.886561,2728218.422969,0.0,23363.952646,0.0,2444.391686,127,10308.39,66593.416887,-29409949.658409,0.0,7806479.773719,0.0,-21603469.88469,0.0,0.0,-21603469.88469,-23.998728
2019-01-23,1078724.34,230384.78,229674.158043,26.854352,17.478394,14281887.908403,4572480.997959,0.0,6208.436977,0.0,710.621957,112,13325.07,91356.660819,-7544345.122204,0.0,14820950.830751,0.0,7276605.708547,0.0,0.0,7276605.708547,6.745566
2019-01-24,1048789.29,180566.6,179872.1,20.509963,20.616591,17396488.051938,4225971.313719,0.0,8081.456436,0.0,694.5,95,10611.36,85808.032283,-12689898.290563,0.0,13277619.83569,0.0,587721.545128,0.0,0.0,587721.545128,0.560381
2019-01-25,999767.2,150084.46,149681.16,17.607766,14.893636,10806641.293719,4083527.371387,0.0,0.0,0.0,403.3,58,8526.57,69857.597132,13975.101792,0.0,14017883.812519,0.0,14031858.914311,0.0,0.0,14031858.914311,14.035126
2019-01-26,909271.36,125808.7,125808.7,16.058034,12.253272,7645664.640107,3495884.98727,0.0,0.0,0.0,0.0,43,6712.29,42487.450312,1428293.708344,0.0,13695491.940112,0.0,15123785.648457,0.0,0.0,15123785.648457,16.632863
2019-01-27,878022.17,140155.45,139920.45,18.952947,12.310439,7316867.567383,3491970.728116,0.0,149.9691,0.0,235.0,89,8535.06,63225.353884,-2762005.133859,0.0,12330913.003465,0.0,9568907.869605,0.0,0.0,9568907.869605,10.898253
2019-01-28,928045.38,258516.92,257126.589545,37.758031,15.800138,11429792.146057,3233452.884392,0.0,10066.3751,0.0,1390.330455,160,11993.19,100847.408443,-14674538.695502,0.0,9432024.663235,0.0,-5242514.032266,0.0,0.0,-5242514.032266,-5.648985
2019-01-29,1044673.06,206178.51,206011.143631,24.560665,16.154052,12800998.222938,4074704.336356,0.0,122.972469,0.0,167.366369,87,11585.55,64212.461252,-1219847.46358,0.0,14220761.146083,0.0,13000913.682503,0.0,0.0,13000913.682503,12.444959
2019-01-30,1051062.65,194503.3,193909.274156,22.516062,18.481715,15512706.22594,3912733.760064,0.0,4050.817281,0.0,594.025844,109,14324.43,79484.702284,-4131705.376053,0.0,12169402.706316,0.0,8037697.330263,0.0,0.0,8037697.330263,7.64721
2019-01-31,971425.1,235674.96,235279.154212,31.836391,16.766343,12960774.14907,3326472.322666,0.0,2879.879425,0.0,395.805788,108,9769.29,68075.439502,-6999852.998182,0.0,10293571.748991,0.0,3293718.750809,0.0,0.0,3293718.750809,3.390605
2019-02-01,866342.11,174858.67,174257.930866,25.165336,12.739443,8273121.235658,2763594.751137,0.0,368.061504,0.0,600.739134,85,9529.5,61247.279979,-1614025.046128,0.0,9397515.574226,0.0,7783490.528099,0.0,0.0,7783490.528099,8.984315
2019-02-02,817028.94,221363.13,219516.808275,36.246905,14.633923,9616489.584421,2339848.985092,0.0,8103.183777,0.0,1846.321725,127,10713.69,74186.352024,-12975416.956649,0.0,6940651.348037,0.0,-6034765.608611,0.0,0.0,-6034765.608611,-7.386232
2019-02-03,801071.37,326547.42,323817.794318,63.830069,13.568921,8354206.027478,2515468.403417,0.0,30058.732739,0.0,2729.625682,89,7780.56,53588.251596,-33845407.361457,0.0,7259655.380271,0.0,-26585751.981186,0.0,0.0,-26585751.981186,-33.187745
2019-02-04,854635.71,216583.06,215590.212056,33.38614,17.2472,12288118.066483,2451954.876556,0.0,6702.152019,0.0,992.847944,95,11789.85,78061.678978,-12158408.031171,0.0,7233336.271915,0.0,-4925071.759256,0.0,0.0,-4925071.759256,-5.762773
2019-02-05,865557.93,234603.29,233491.39,36.781148,12.86929,8691331.001636,2447784.972386,0.0,2746.136777,0.0,1111.9,70,8152.56,53289.256101,-5048716.924188,0.0,7291731.565688,0.0,2243014.641499,0.0,0.0,2243014.641499,2.591409
2019-02-06,883111.89,294901.85,292504.420142,48.419913,15.752582,11311028.121177,2600264.266249,0.0,13491.961057,0.0,2397.429858,84,6626.34,51478.556358,-14740388.985638,0.0,7497071.511032,0.0,-7243317.474606,0.0,0.0,-7243317.474606,-8.202038
2019-02-07,920804.15,349072.05,345606.747498,57.42502,54.102881,46738902.452985,3079255.040846,0.0,26642.606303,0.0,3465.302502,113,11986.71,67989.577233,-34792046.720961,0.0,8303462.14574,0.0,-26488584.575221,0.0,0.0,-26488584.575221,-28.766795
2019-02-08,1187674.97,243023.25,243023.25,25.726227,56.989619,62571492.727225,5113651.090178,0.0,0.0,0.0,0.0,60,7869.63,54414.064703,2492280.614138,0.0,18365582.748271,0.0,20857863.362409,0.0,0.0,20857863.362409,17.561929
2019-02-09,1150380.2,219824.71,219456.293,23.57132,47.062004,49281200.581798,4857997.493746,0.0,107.063191,0.0,368.417,56,7992.51,69557.267917,-1829130.211705,0.0,16836890.768895,0.0,15007760.55719,0.0,50343.132775,15058103.689965,13.089676
2019-02-10,1021066.83,157971.94,157929.94,18.292483,15.276736,11663232.734478,3935336.048906,0.0,222.883019,0.0,42.0,62,7066.35,55978.795747,-1320976.056377,0.0,11744803.985125,0.0,10423827.928748,0.0,0.0,10423827.928748,10.208762
2019-02-11,933900.59,275445.26,274507.983127,40.302124,20.873446,16161201.826539,3332521.678531,0.0,21732.743877,0.0,937.276873,72,7089.48,72254.133796,-27561436.662962,0.0,9523456.781273,0.0,-18037979.88169,0.0,0.0,-18037979.88169,-19.314668
2019-02-12,906672.17,228016.76,227457.26,33.063738,16.199119,11736686.646909,2950603.360879,0.0,8720.806347,0.0,559.5,132,15468.36,80572.592477,-10637924.378814,0.0,9059030.991219,0.0,-1578893.387595,0.0,0.0,-1578893.387595,-1.741416
2019-02-13,971344.03,309246.78,306040.494048,44.618033,56.755967,51894631.591537,3234938.125123,0.0,20608.584854,0.0,3206.285952,130,11112.24,78234.217771,-25940007.381189,0.0,9705460.015639,0.0,-16234547.365551,0.0,0.0,-16234547.365551,-16.713489
2019-02-14,876549.82,325551.62,323046.759881,55.756067,75.293189,63526781.48695,2471449.384356,0.0,25889.95829,0.0,2504.860119,134,11261.58,57177.130434,-28269069.018725,0.0,7318030.153223,0.0,-20951038.865502,0.0,0.0,-20951038.865502,-23.901709
2019-02-15,860573.92,241928.73,240196.277641,38.429562,31.048931,24025318.123929,2694582.50198,0.0,4652.31853,0.0,1732.452359,113,11121.84,63920.299474,-13366958.195428,0.0,7878694.69427,0.0,-5488263.501158,0.0,0.0,-5488263.501158,-6.377446
2019-02-16,914899.25,200052.15,199144.273128,27.673683,18.818022,13703103.250631,3513491.211393,0.0,3861.095404,0.0,907.876872,164,12657.3,98438.751017,-9466572.837291,0.0,13142160.387651,0.0,3675587.550361,0.0,80631.986066,3756219.536427,4.10561
2019-02-17,868507.91,233065.68,232070.884015,36.221095,14.862544,10347326.745739,2560909.87999,0.0,4269.409833,0.0,994.795985,148,11413.14,75643.447037,-8671820.291149,0.0,8012412.571028,0.0,-659407.720121,0.0,0.0,-659407.720121,-0.759242
2019-02-18,1001199.08,388219.62,385312.561127,59.985676,68.778151,65174853.490682,3685768.308373,0.0,26454.435481,0.0,2907.058873,121,9774.42,67173.984063,-33955401.556137,0.0,10226593.581521,0.0,-23728807.974616,0.0,0.0,-23728807.974616,-23.700389
2019-02-19,1076133.5,226364.62,225847.857073,26.437119,63.664808,63837413.053896,4674419.236511,0.0,3997.52237,0.0,516.762927,83,12338.22,74303.259874,-9676717.329067,0.0,15511181.697726,0.0,5834464.368659,0.0,0.0,5834464.368659,5.421692
2019-02-20,981292.99,182889.43,181981.402956,22.574111,19.804753,15531399.097182,3902866.385064,0.0,6839.317792,0.0,908.027044,109,9461.64,74082.327506,-12129330.044295,0.0,12106650.771179,0.0,-22679.273116,0.0,0.0,-22679.273116,-0.023112
2019-02-21,968985.23,262999.95,261211.438969,36.074483,17.773176,13819286.081433,3402658.831716,0.0,16315.421923,0.0,1788.511031,105,10160.61,77933.789688,-20273533.70775,0.0,10060593.036243,0.0,-10212940.671507,0.0,0.0,-10212940.671507,-10.539831
2019-02-22,934485.87,221842.59,221286.683552,30.904178,16.608643,12050798.487749,3469743.875268,0.0,2842.132745,0.0,555.906448,130,12137.82,87648.255225,-10624524.47248,0.0,13844868.119669,0.0,3220343.647189,0.0,421531.73767,3641875.38486,3.897197
2019-02-23,846292.97,277220.55,275470.798819,47.142883,17.220606,11703522.544671,2870155.248202,3.313696,13512.825178,0.0,1749.751181,184,14730.7,103484.781138,-16582244.576041,0.0,21116830.196033,0.0,4534585.619992,0.0,857846.832109,5392432.452101,6.371827
2019-02-24,855696.45,218425.0,216784.207756,33.690378,13.846044,8861444.755599,2986565.884174,0.0,4548.050669,0.0,1640.792244,139,11083.92,66289.037644,-10211964.89735,0.0,10544014.963014,0.0,332050.065663,0.0,29139.535229,361189.600893,0.4221
2019-02-25,920998.28,279137.74,276958.798663,41.794334,18.406736,14059382.565106,2893189.854245,0.0,18631.198965,0.0,2178.941337,133,11811.27,66524.501151,-22966640.047603,0.0,8573442.755307,0.0,-14393197.292296,0.0,0.0,-14393197.292296,-15.627822
2019-02-26,875421.93,259578.51,258384.333698,41.350887,18.338694,13515161.485366,2538933.454969,0.0,7820.422838,0.0,1194.176302,105,10506.12,73352.163212,-13451593.653614,0.0,7619345.938364,0.0,-5832247.715251,0.0,0.0,-5832247.715251,-6.662213
2019-02-27,887841.71,187206.17,187080.17,26.633995,25.797699,19810697.751241,3093575.450406,0.0,1649.686451,0.0,126.0,82,10757.46,51385.77926,-4333413.390652,0.0,9545612.410416,0.0,5212199.019764,0.0,0.0,5212199.019764,5.87064
2019-02-28,1037483.57,197864.83,197347.33,23.380188,65.391813,63204846.581545,4638085.37311,0.0,3943.0842,0.0,517.5,92,10503.15,70474.723023,-9037049.062663,0.0,14776247.991812,0.0,5739198.929149,0.0,0.0,5739198.929149,5.531846
2019-03-01,994748.54,180492.82,178793.02,21.772468,56.417593,52362974.004662,3758343.836069,0.0,5233.053253,0.0,1699.8,102,11039.25,82850.681071,-6330797.757333,0.0,9948986.550393,0.0,3618188.79306,0.0,0.0,3618188.79306,3.63729
2019-03-02,932345.89,231883.68,231489.875017,32.810258,20.05691,15528914.803955,3171062.896326,0.0,4685.143379,0.0,393.804983,93,7293.87,77422.397166,-11580381.466505,0.0,9134861.008003,0.0,-2445520.458502,0.0,0.0,-2445520.458502,-2.622976
2019-03-03,1019463.3,338043.92,336165.805802,46.84655,31.342252,27773786.273918,4178489.278427,0.0,34291.756183,0.0,1878.114198,95,10769.16,71252.107145,-37433138.115859,0.0,13292907.086858,0.0,-24140231.029001,0.0,0.0,-24140231.029001,-23.679353
2019-03-04,1291331.14,331531.57,329973.67,33.908377,58.579361,69869705.677876,5775647.580676,0.0,11775.706595,0.0,1557.9,73,11297.22,94279.535444,-18684956.708942,0.0,17786640.390746,0.0,-898316.318196,0.0,0.0,-898316.318196,-0.695651
2019-03-05,1221339.91,173522.09,172891.09,16.424202,62.360883,70437800.644692,5726034.42974,0.0,4211.683431,0.0,631.0,69,8320.38,86428.800855,-5534926.864907,0.0,25409292.007854,0.0,19874365.142946,0.0,0.0,19874365.142946,16.272591
2019-03-06,1090387.68,249578.55,247808.137772,28.746105,67.282327,69214453.429239,4149366.626979,0.0,19478.60976,0.0,1770.412228,87,7103.52,76687.656789,-22692995.472259,0.0,12446662.244388,0.0,-10246333.22787,0.0,0.0,-10246333.22787,-9.396963
2019-03-07,912040.09,317744.37,314828.497101,51.019255,18.32561,13508028.003067,3205663.176827,0.0,19866.213623,0.0,2915.872899,98,8932.59,66551.22771,-30817858.791617,0.0,8800418.47476,0.0,-22017440.316857,0.0,0.0,-22017440.316857,-24.140869
2019-03-08,869876.73,313373.4,311282.003659,54.860391,13.787089,9306117.237343,2686950.50321,0.0,8812.825373,0.0,2091.396341,116,9064.86,71360.694037,-18816798.576987,0.0,7418545.725014,0.0,-11398252.851972,0.0,0.0,-11398252.851972,-13.103297
2019-03-09,854594.55,307957.04,306095.290776,53.48476,13.573674,9265202.622416,2334785.476615,0.0,23804.499549,0.0,1861.749224,151,13636.98,82175.094943,-24545351.552249,0.0,6869367.37998,0.0,-17675984.172269,0.0,0.0,-17675984.172269,-20.683474
2019-03-10,836475.62,245957.18,243564.615008,40.432708,15.642055,10580807.380772,2503390.57647,0.0,9484.010062,0.0,2392.564992,104,8950.95,64073.891504,-16575243.219639,0.0,7051447.028129,0.0,-9523796.19151,0.0,0.0,-9523796.19151,-11.385623
2019-03-11,887911.75,250882.94,249479.920774,38.748354,12.845327,8621776.945225,2783740.209406,0.0,5414.667851,0.0,1403.019226,122,10398.45,66402.102986,-10454796.534538,0.0,8726496.198986,0.0,-1728300.335553,0.0,37332.214109,-1690968.121443,-1.904433
2019-03-12,875473.91,270852.33,269190.43,43.590207,15.892517,11278900.401549,2634583.437898,0.0,11264.477187,0.0,1661.9,133,12388.92,76435.330648,-17345496.00047,0.0,7700605.458576,0.0,-9644890.541894,0.0,0.0,-9644890.541894,-11.016765
2019-03-13,866419.18,241816.4,240653.268414,37.725915,13.229859,8685639.122029,2776964.385309,0.0,12133.17492,0.0,1163.131586,148,14726.91,109289.473829,-15332220.118342,0.0,8254445.918352,0.0,-7077774.19999,0.0,0.0,-7077774.19999,-8.168995
2019-03-14,845637.32,323693.54,321250.05712,58.726897,17.051032,12297989.113864,2121000.282345,0.0,22636.459372,0.0,2443.48288,157,14437.23,79988.627745,-26273456.847919,0.0,6161459.184348,0.0,-20111997.66357,0.0,0.0,-20111997.66357,-23.783243
2019-03-15,861220.75,261357.73,260586.597801,43.204978,11.507476,7286658.609942,2623818.193055,0.0,2506.066211,0.0,771.132199,118,10123.83,72970.219329,-5592746.394405,0.0,8490031.50336,0.0,2897285.108955,0.0,0.0,2897285.108955,3.364161
2019-03-16,850629.34,152446.75,151831.75,21.549724,13.06968,8152336.013625,2965117.475803,0.0,5767.129814,0.0,615.0,60,5434.08,55156.752275,-5684417.669653,0.0,8905292.528779,0.0,3220874.859126,0.0,0.0,3220874.859126,3.786461
2019-03-17,825786.42,122323.5,121881.0,17.27139,12.176817,7033428.380726,3022021.579912,0.0,1776.061053,0.0,442.5,74,5474.43,49337.629126,-3818155.61144,0.0,9527942.937755,0.0,5709787.326315,0.0,0.0,5709787.326315,6.914363
2019-03-18,866448.74,146675.14,146426.696085,20.323404,11.712435,6953927.366241,3194297.401093,0.0,461.06334,0.0,248.443915,88,8581.02,64493.588741,-2010938.107905,0.0,10245606.927006,0.0,8234668.819101,0.0,0.0,8234668.819101,9.503931
2019-03-19,847852.07,227604.71,225462.370504,35.518161,14.801247,9861351.189522,2687916.565224,37.312,12428.150544,0.0,2142.339496,128,12604.92,74230.530586,-15449243.090517,0.0,15268169.036832,0.0,-181074.053685,0.0,0.0,-181074.053685,-0.213568
2019-03-20,841749.73,139683.63,139183.13,19.73246,13.448263,8390525.466496,2929546.096308,0.0,2784.546212,0.0,500.5,78,8608.98,59419.958845,-4720321.912274,0.0,9394626.036153,0.0,4674304.123879,0.0,0.0,4674304.123879,5.553081
2019-03-21,846443.06,116636.29,116211.49,15.908135,11.36399,6575647.330335,3043323.098163,0.0,284.533399,0.0,424.8,54,7211.1,58941.434974,-2001667.255907,0.0,11851577.25151,0.0,9849909.995603,0.0,279883.449856,10129793.445459,11.967484
2019-03-22,837969.49,281284.28,278304.56064,47.812011,16.392339,11506861.004826,2229419.176019,0.0,22415.918426,0.0,2979.71936,137,9988.92,62996.952949,-23764461.917417,0.0,6834181.444345,0.0,-16930280.473071,0.0,0.0,-16930280.473071,-20.203934
2019-03-23,788565.27,330219.84,327344.420969,68.511945,14.149718,9096613.438694,2061363.079534,0.0,16570.897753,0.0,2875.419031,139,11192.13,75503.128689,-24369092.404532,0.0,5898295.211323,0.0,-18470797.193209,0.0,0.0,-18470797.193209,-23.423295
2019-03-24,822329.39,249933.81,248922.935201,42.979356,9.229455,5189812.035918,2399840.362875,0.0,5762.145252,0.0,1010.874799,98,9214.35,64167.214227,-5842357.408792,0.0,7226707.502779,0.0,1384350.093987,0.0,0.0,1384350.093987,1.68345
2019-03-25,876959.44,238458.93,236306.617117,36.419017,14.541695,10160248.933286,2592228.158921,0.0,8202.196167,0.0,2152.312883,113,10710.36,71460.786068,-14262687.195224,0.0,7847940.249244,0.0,-6414746.94598,0.0,0.0,-6414746.94598,-7.314759
2019-03-26,838514.58,269172.24,267072.231992,45.707623,15.841072,10946126.83492,2336842.74926,0.0,12863.315166,0.0,2100.008008,122,9972.69,60690.149207,-19777981.946182,0.0,6614825.826346,0.0,-13163156.119836,0.0,0.0,-13163156.119836,-15.698184
2019-03-27,843849.5,353819.86,350049.875811,66.933997,16.999139,12042254.188512,2302460.637956,0.0,29178.070976,0.0,3769.984189,177,13512.39,89400.119101,-33012922.059405,0.0,6602542.273166,0.0,-26410379.786239,0.0,0.0,-26410379.786239,-31.2975
2019-03-28,844240.66,383423.81,379798.919274,77.251601,16.510531,11615122.454671,2323739.189447,0.0,27197.153837,0.0,3624.890726,109,8826.24,51988.028556,-31552508.697702,0.0,6614788.236091,0.0,-24937720.46161,0.0,0.0,-24937720.46161,-29.538639
2019-03-29,856656.77,352995.39,350904.193112,67.43168,13.572924,9404494.851546,2222842.214805,0.0,14632.196232,0.0,2091.196888,178,14565.18,87688.024321,-19476203.563419,0.0,7231220.327764,0.0,-12244983.235656,0.0,0.0,-12244983.235656,-14.29392
2019-03-30,815738.59,313702.73,311999.827935,59.014853,15.116419,9994954.642177,2336091.977533,0.0,24941.415425,0.0,1702.902065,128,13012.74,95054.547403,-26736418.638904,0.0,6353993.320854,0.0,-20382425.318049,0.0,0.0,-20382425.318049,-24.986467
2019-03-31,850893.86,280970.7,279176.890116,48.025372,13.144729,8621036.007383,2563732.941515,0.0,9594.281612,0.0,1793.809884,151,12260.49,73082.789374,-13831936.929413,0.0,7740820.105695,0.0,-6091116.823718,0.0,12034.671996,-6079082.151722,-7.144348
