Date,Hour,Minute,Reserve,Scope,Magnitude,Shortfall,Price,DA Magnitude,DA Shortfall,DA Price
2035-01-01,0,0,reserve,system,2589.857519,0.0,0.0,2589.857519,0.0,0.0
2035-01-01,1,0,reserve,system,2612.317716,0.0,0.0,2612.317716,0.0,0.0
2035-01-01,2,0,reserve,system,2618.72291,0.0,0.0,2618.72291,0.0,0.0
2035-01-01,3,0,reserve,system,2623.606636,0.0,0.0,2623.606636,0.0,0.0
2035-01-01,4,0,reserve,system,2638.769577,0.0,0.0,2638.769577,6.63535,5.0
2035-01-01,5,0,reserve,system,2674.151891,0.0,0.0,2674.151891,0.0,0.0
2035-01-01,6,0,reserve,system,2712.149166,0.0,0.0,2712.149166,0.0,0.0
2035-01-01,7,0,reserve,system,2729.555141,0.0,0.0,2729.555141,0.0,0.0
2035-01-01,8,0,reserve,system,2727.089672,0.0,0.0,2727.089672,0.0,0.0
2035-01-01,9,0,reserve,system,2732.552874,0.0,0.0,2732.552874,0.0,0.0
2035-01-01,10,0,reserve,system,2759.313559,0.0,0.0,2759.313559,0.0,0.0
2035-01-01,11,0,reserve,system,2747.961886,0.0,0.0,2747.961886,0.0,0.0
2035-01-01,12,0,reserve,system,2723.874978,0.0,0.0,2723.874978,7.054756,5.0
2035-01-01,13,0,reserve,system,2724.432342,0.0,0.0,2724.432342,0.0,0.0
2035-01-01,14,0,reserve,system,2743.856053,0.0,0.0,2743.856053,0.0,0.0
2035-01-01,15,0,reserve,system,2794.978613,0.0,0.0,2794.978613,0.0,0.0
2035-01-01,16,0,reserve,system,2903.516308,0.0,0.0,2903.516308,0.0,0.0
2035-01-01,17,0,reserve,system,3013.201521,0.0,0.0,3013.201521,0.0,0.0
2035-01-01,18,0,reserve,system,2995.962457,0.0,0.0,2995.962457,0.0,0.0
2035-01-01,19,0,reserve,system,2960.170975,0.0,0.0,2960.170975,0.0,0.0
2035-01-01,20,0,reserve,system,2919.392432,0.0,0.0,2919.392432,0.0,0.0
2035-01-01,21,0,reserve,system,2868.770109,0.0,0.0,2868.770109,0.0,0.0
2035-01-01,22,0,reserve,system,2796.948021,0.0,0.0,2796.948021,0.0,0.0
2035-01-01,23,0,reserve,system,2723.077942,0.0,0.0,2723.077942,0.0,0.0
2035-01-02,0,0,reserve,system,2664.908151,0.0,0.0,2664.908151,0.0,0.0
2035-01-02,1,0,reserve,system,2642.328121,0.0,0.0,2642.328121,0.0,0.0
2035-01-02,2,0,reserve,system,2631.381959,0.0,0.0,2631.381959,0.0,0.0
2035-01-02,3,0,reserve,system,2654.075887,0.0,0.0,2654.075887,0.0,0.0
2035-01-02,4,0,reserve,system,2720.867958,0.0,0.0,2720.867958,0.0,0.0
2035-01-02,5,0,reserve,system,2801.97462,0.0,0.0,2801.97462,0.0,0.0
2035-01-02,6,0,reserve,system,2806.718744,0.0,0.0,2806.718744,0.0,0.0
2035-01-02,7,0,reserve,system,2841.315139,0.0,0.0,2841.315139,0.0,0.0
2035-01-02,8,0,reserve,system,2936.3889,0.0,0.0,2936.3889,0.0,0.0
2035-01-02,9,0,reserve,system,3060.201143,0.0,0.0,3060.201143,0.0,0.0
2035-01-02,10,0,reserve,system,3157.942098,0.0,0.0,3157.942098,0.0,0.0
2035-01-02,11,0,reserve,system,3238.090868,0.0,0.0,3238.090868,0.0,0.0
2035-01-02,12,0,reserve,system,3294.218091,0.0,0.0,3294.218091,0.0,0.0
2035-01-02,13,0,reserve,system,3335.654517,0.0,0.0,3335.654517,0.0,0.0
2035-01-02,14,0,reserve,system,3364.045653,0.0,0.0,3364.045653,0.0,0.0
2035-01-02,15,0,reserve,system,3381.027019,0.0,0.0,3381.027019,0.0,0.0
2035-01-02,16,0,reserve,system,3393.28252,0.0,0.0,3393.28252,0.0,0.0
2035-01-02,17,0,reserve,system,3390.141136,0.0,0.0,3390.141136,0.0,0.0
2035-01-02,18,0,reserve,system,3274.205793,0.0,0.0,3274.205793,0.0,0.0
2035-01-02,19,0,reserve,system,3180.181032,0.0,0.0,3180.181032,0.0,0.0
2035-01-02,20,0,reserve,system,3090.683597,0.0,0.0,3090.683597,0.0,0.0
2035-01-02,21,0,reserve,system,3022.026109,0.0,0.0,3022.026109,0.0,0.0
2035-01-02,22,0,reserve,system,2944.556977,0.0,0.0,2944.556977,0.0,0.0
2035-01-02,23,0,reserve,system,2872.084181,0.0,0.0,2872.084181,0.0,0.0
2035-01-03,0,0,reserve,system,2807.375192,0.0,0.0,2807.375192,0.0,0.0
2035-01-03,1,0,reserve,system,2776.978199,0.0,0.0,2776.978199,0.0,0.0
2035-01-03,2,0,reserve,system,2761.371069,0.0,0.0,2761.371069,0.0,0.0
2035-01-03,3,0,reserve,system,2768.933037,0.0,0.0,2768.933037,0.0,0.0
2035-01-03,4,0,reserve,system,2816.246847,0.0,0.0,2816.246847,0.0,0.0
2035-01-03,5,0,reserve,system,2860.141618,0.0,0.0,2860.141618,0.0,0.0
2035-01-03,6,0,reserve,system,2840.26926,0.0,0.0,2840.26926,0.0,0.0
2035-01-03,7,0,reserve,system,2878.38211,0.0,0.0,2878.38211,0.0,0.0
2035-01-03,8,0,reserve,system,2879.446139,0.0,0.0,2879.446139,0.0,0.0
2035-01-03,9,0,reserve,system,2853.235645,0.0,0.0,2853.235645,0.0,0.0
2035-01-03,10,0,reserve,system,2846.733651,0.0,0.0,2846.733651,0.0,0.0
2035-01-03,11,0,reserve,system,2828.648652,0.0,0.0,2828.648652,0.0,0.0
2035-01-03,12,0,reserve,system,2790.526624,0.0,0.0,2790.526624,0.0,0.0
2035-01-03,13,0,reserve,system,2757.914349,0.0,0.0,2757.914349,0.0,0.0
2035-01-03,14,0,reserve,system,2731.767845,0.0,0.0,2731.767845,0.0,0.0
2035-01-03,15,0,reserve,system,2742.742957,0.0,0.0,2742.742957,0.0,0.0
2035-01-03,16,0,reserve,system,2810.97891,0.0,0.0,2810.97891,0.0,0.0
2035-01-03,17,0,reserve,system,2897.252145,0.0,0.0,2897.252145,0.0,0.0
2035-01-03,18,0,reserve,system,2929.726494,0.0,0.0,2929.726495,0.0,0.0
2035-01-03,19,0,reserve,system,2940.312431,0.0,0.0,2940.312431,0.0,0.0
2035-01-03,20,0,reserve,system,2936.971246,0.0,0.0,2936.971246,0.0,0.0
2035-01-03,21,0,reserve,system,2945.304998,0.0,0.0,2945.304998,0.0,0.0
2035-01-03,22,0,reserve,system,2922.88017,0.0,0.0,2922.88017,0.0,0.0
2035-01-03,23,0,reserve,system,2886.809273,0.0,0.0,2886.809273,0.0,0.0
2035-01-04,0,0,reserve,system,2856.14325,0.0,0.0,2856.14325,0.0,0.0
2035-01-04,1,0,reserve,system,2864.301235,0.0,0.0,2864.301235,0.0,0.0
2035-01-04,2,0,reserve,system,2871.739082,0.0,0.0,2871.739082,0.0,0.0
2035-01-04,3,0,reserve,system,2920.877957,0.0,0.0,2920.877957,0.0,0.0
2035-01-04,4,0,reserve,system,2981.317043,0.0,0.0,2981.317043,0.0,0.0
2035-01-04,5,0,reserve,system,3062.093556,0.0,0.0,3062.093556,0.0,0.0
2035-01-04,6,0,reserve,system,3098.792664,0.0,0.0,3098.792664,0.0,0.0
2035-01-04,7,0,reserve,system,3113.769419,0.0,0.0,3113.769419,0.0,0.0
2035-01-04,8,0,reserve,system,3054.47178,0.0,0.0,3054.47178,0.0,0.0
2035-01-04,9,0,reserve,system,2871.556236,0.0,0.0,2871.556236,0.0,0.0
2035-01-04,10,0,reserve,system,2724.025012,0.0,0.0,2724.025012,0.0,0.0
2035-01-04,11,0,reserve,system,2595.563607,0.0,0.0,2595.563607,0.0,0.0
2035-01-04,12,0,reserve,system,2485.000271,0.0,0.0,2485.000271,0.0,0.0
2035-01-04,13,0,reserve,system,2419.409265,0.0,0.0,2419.409265,0.0,0.0
2035-01-04,14,0,reserve,system,2377.543354,0.0,0.0,2377.543354,0.0,0.0
2035-01-04,15,0,reserve,system,2383.711012,0.0,0.0,2383.711012,0.0,0.0
2035-01-04,16,0,reserve,system,2417.768828,0.0,0.0,2417.768828,0.0,0.0
2035-01-04,17,0,reserve,system,2488.049042,0.0,0.0,2488.049042,0.0,0.0
2035-01-04,18,0,reserve,system,2597.221428,0.0,0.0,2597.221428,0.0,0.0
2035-01-04,19,0,reserve,system,2650.36361,0.0,0.0,2650.36361,0.0,0.0
2035-01-04,20,0,reserve,system,2686.767496,0.0,0.0,2686.767496,0.0,0.0
2035-01-04,21,0,reserve,system,2719.019208,0.0,0.0,2719.019208,0.0,0.0
2035-01-04,22,0,reserve,system,2719.224121,0.0,0.0,2719.224121,0.0,0.0
2035-01-04,23,0,reserve,system,2706.287224,0.0,0.0,2706.287224,0.0,0.0
2035-01-05,0,0,reserve,system,2712.671634,0.0,0.0,2712.671634,0.0,0.0
2035-01-05,1,0,reserve,system,2751.005761,0.0,0.0,2751.005761,0.0,0.0
2035-01-05,2,0,reserve,system,2792.987511,0.0,0.0,2792.987511,0.0,0.0
2035-01-05,3,0,reserve,system,2875.278422,0.0,0.0,2875.278422,0.0,0.0
2035-01-05,4,0,reserve,system,2962.693681,0.0,0.0,2962.693681,0.0,0.0
2035-01-05,5,0,reserve,system,3058.409776,0.0,0.0,3058.409776,0.0,0.0
2035-01-05,6,0,reserve,system,3150.575043,0.0,0.0,3150.575043,0.0,0.0
2035-01-05,7,0,reserve,system,3229.713585,0.0,0.0,3229.713585,0.0,0.0
2035-01-05,8,0,reserve,system,3156.064203,0.0,0.0,3156.064203,0.0,0.0
2035-01-05,9,0,reserve,system,2914.657701,0.0,0.0,2914.657701,0.0,0.0
2035-01-05,10,0,reserve,system,2684.582032,0.0,0.0,2684.582032,0.0,0.0
2035-01-05,11,0,reserve,system,2502.730837,0.0,0.0,2502.730837,0.0,0.0
2035-01-05,12,0,reserve,system,2377.065063,0.0,0.0,2377.065063,0.0,0.0
2035-01-05,13,0,reserve,system,2302.492006,0.0,0.0,2302.492006,0.0,0.0
2035-01-05,14,0,reserve,system,2266.01878,0.0,0.0,2266.01878,0.0,0.0
2035-01-05,15,0,reserve,system,2272.914528,0.0,0.0,2272.914528,0.0,0.0
2035-01-05,16,0,reserve,system,2325.576795,0.0,0.0,2325.576795,0.0,0.0
2035-01-05,17,0,reserve,system,2402.484251,0.0,0.0,2402.484251,0.0,0.0
2035-01-05,18,0,reserve,system,2487.3587,0.0,0.0,2487.3587,0.0,0.0
2035-01-05,19,0,reserve,system,2499.102668,0.0,0.0,2499.102668,0.0,0.0
2035-01-05,20,0,reserve,system,2489.727104,0.0,0.0,2489.727104,0.0,0.0
2035-01-05,21,0,reserve,system,2505.868957,0.0,0.0,2505.868957,0.0,0.0
2035-01-05,22,0,reserve,system,2496.281094,0.0,0.0,2496.281094,0.0,0.0
2035-01-05,23,0,reserve,system,2486.860503,0.0,0.0,2486.860503,0.0,0.0
2035-01-06,0,0,reserve,system,2463.983867,0.0,0.0,2463.983867,0.0,0.0
2035-01-06,1,0,reserve,system,2473.151329,0.0,0.0,2473.151329,0.0,0.0
2035-01-06,2,0,reserve,system,2493.338047,0.0,0.0,2493.338047,0.0,0.0
2035-01-06,3,0,reserve,system,2556.419106,0.0,0.0,2556.419106,0.0,0.0
2035-01-06,4,0,reserve,system,2616.872648,0.0,0.0,2616.872648,0.0,0.0
2035-01-06,5,0,reserve,system,2659.037587,0.0,0.0,2659.037587,0.0,0.0
2035-01-06,6,0,reserve,system,2723.851879,0.0,0.0,2723.851879,0.0,0.0
2035-01-06,7,0,reserve,system,2783.278022,0.0,0.0,2783.278022,0.0,0.0
2035-01-06,8,0,reserve,system,2752.349248,0.0,0.0,2752.349248,0.0,0.0
2035-01-06,9,0,reserve,system,2616.141244,0.0,0.0,2616.141244,0.0,0.0
2035-01-06,10,0,reserve,system,2445.653375,0.0,0.0,2445.653375,0.0,0.0
2035-01-06,11,0,reserve,system,2349.196004,0.0,0.0,2349.196004,0.0,0.0
2035-01-06,12,0,reserve,system,2283.475362,0.0,0.0,2283.475362,0.0,0.0
2035-01-06,13,0,reserve,system,2264.264688,0.0,0.0,2264.264688,0.0,0.0
2035-01-06,14,0,reserve,system,2261.972183,0.0,0.0,2261.972183,0.0,0.0
2035-01-06,15,0,reserve,system,2289.853228,0.0,0.0,2289.853228,0.0,0.0
2035-01-06,16,0,reserve,system,2350.119038,0.0,0.0,2350.119038,0.0,0.0
2035-01-06,17,0,reserve,system,2419.409315,0.0,0.0,2419.409315,0.0,0.0
2035-01-06,18,0,reserve,system,2482.77539,0.0,0.0,2482.77539,0.0,0.0
2035-01-06,19,0,reserve,system,2486.297226,0.0,0.0,2486.297226,0.0,0.0
2035-01-06,20,0,reserve,system,2464.821392,0.0,0.0,2464.821392,0.0,0.0
2035-01-06,21,0,reserve,system,2421.887442,0.0,0.0,2421.887442,0.0,0.0
2035-01-06,22,0,reserve,system,2346.340001,0.0,0.0,2346.340001,0.0,0.0
2035-01-06,23,0,reserve,system,2255.127365,0.0,0.0,2255.127365,0.0,0.0
2035-01-07,0,0,reserve,system,2189.869729,0.0,0.0,2189.869729,0.0,0.0
2035-01-07,1,0,reserve,system,2147.48141,0.0,0.0,2147.48141,0.0,0.0
2035-01-07,2,0,reserve,system,2134.590224,0.0,0.0,2134.590224,0.0,0.0
2035-01-07,3,0,reserve,system,2145.09292,0.0,0.0,2145.09292,0.0,0.0
2035-01-07,4,0,reserve,system,2176.757108,0.0,0.0,2176.757108,0.0,0.0
2035-01-07,5,0,reserve,system,2266.868593,0.0,0.0,2266.868593,0.0,0.0
2035-01-07,6,0,reserve,system,2392.125272,0.0,0.0,2392.125272,0.0,0.0
2035-01-07,7,0,reserve,system,2450.639547,0.0,0.0,2450.639547,0.0,0.0
2035-01-07,8,0,reserve,system,2451.722847,0.0,0.0,2451.722847,0.0,0.0
2035-01-07,9,0,reserve,system,2439.76585,0.0,0.0,2439.76585,0.0,0.0
2035-01-07,10,0,reserve,system,2431.999992,0.0,0.0,2431.999992,0.0,0.0
2035-01-07,11,0,reserve,system,2413.357912,0.0,0.0,2413.357912,0.0,0.0
2035-01-07,12,0,reserve,system,2406.043615,0.0,0.0,2406.043615,0.0,0.0
2035-01-07,13,0,reserve,system,2425.522521,0.0,0.0,2425.522521,0.0,0.0
2035-01-07,14,0,reserve,system,2438.317592,0.0,0.0,2438.317592,0.0,0.0
2035-01-07,15,0,reserve,system,2441.974597,0.0,0.0,2441.974597,0.0,0.0
2035-01-07,16,0,reserve,system,2447.904125,0.0,0.0,2447.904125,0.0,0.0
2035-01-07,17,0,reserve,system,2477.584483,0.0,0.0,2477.584483,0.0,0.0
2035-01-07,18,0,reserve,system,2545.074804,0.0,0.0,2545.074804,0.0,0.0
2035-01-07,19,0,reserve,system,2533.133074,0.0,0.0,2533.133074,0.0,0.0
2035-01-07,20,0,reserve,system,2497.243107,0.0,0.0,2497.243107,0.0,0.0
2035-01-07,21,0,reserve,system,2453.903796,0.0,0.0,2453.903796,0.0,0.0
2035-01-07,22,0,reserve,system,2371.69079,0.0,0.0,2371.69079,0.0,0.0
2035-01-07,23,0,reserve,system,2290.481035,0.0,0.0,2290.481035,0.0,0.0
2035-01-08,0,0,reserve,system,2226.560071,0.0,0.0,2226.560071,0.0,0.0
2035-01-08,1,0,reserve,system,2195.329547,0.0,0.0,2195.329547,0.0,0.0
2035-01-08,2,0,reserve,system,2200.261614,0.0,0.0,2200.261615,0.0,0.0
2035-01-08,3,0,reserve,system,2229.777609,0.0,0.0,2229.777609,0.0,0.0
2035-01-08,4,0,reserve,system,2268.731677,0.0,0.0,2268.731677,0.0,0.0
2035-01-08,5,0,reserve,system,2403.590452,0.0,0.0,2403.590452,0.0,0.0
2035-01-08,6,0,reserve,system,2567.959836,0.0,0.0,2567.959836,0.0,0.0
2035-01-08,7,0,reserve,system,2625.483709,0.0,0.0,2625.483709,0.0,0.0
2035-01-08,8,0,reserve,system,2568.041898,0.0,0.0,2568.041898,0.0,0.0
2035-01-08,9,0,reserve,system,2485.051756,0.0,0.0,2485.051756,0.0,0.0
2035-01-08,10,0,reserve,system,2444.77656,0.0,0.0,2444.77656,0.0,0.0
2035-01-08,11,0,reserve,system,2401.157721,0.0,0.0,2401.157721,0.0,0.0
2035-01-08,12,0,reserve,system,2369.783658,0.0,0.0,2369.783658,0.0,0.0
2035-01-08,13,0,reserve,system,2359.726466,0.0,0.0,2359.726466,0.0,0.0
2035-01-08,14,0,reserve,system,2366.038972,0.0,0.0,2366.038972,0.0,0.0
2035-01-08,15,0,reserve,system,2390.353773,0.0,0.0,2390.353773,0.0,0.0
2035-01-08,16,0,reserve,system,2446.110172,0.0,0.0,2446.110172,0.0,0.0
2035-01-08,17,0,reserve,system,2535.953839,0.0,0.0,2535.953839,0.0,0.0
2035-01-08,18,0,reserve,system,2607.786528,0.0,0.0,2607.786528,0.0,0.0
2035-01-08,19,0,reserve,system,2610.806811,0.0,0.0,2610.806811,0.0,0.0
2035-01-08,20,0,reserve,system,2583.74393,0.0,0.0,2583.74393,2.933228,5.0
2035-01-08,21,0,reserve,system,2529.740425,0.0,0.0,2529.740425,9.83468,5.0
2035-01-08,22,0,reserve,system,2437.233332,0.0,0.0,2437.233332,0.0,0.0
2035-01-08,23,0,reserve,system,2351.284641,0.0,0.0,2351.284641,0.0,0.0
2035-01-09,0,0,reserve,system,2302.008153,0.0,0.0,2302.008153,0.0,0.0
2035-01-09,1,0,reserve,system,2291.118768,0.0,0.0,2291.118768,0.0,0.0
2035-01-09,2,0,reserve,system,2290.366288,0.0,0.0,2290.366288,0.0,0.0
2035-01-09,3,0,reserve,system,2312.273016,0.0,0.0,2312.273016,0.0,0.0
2035-01-09,4,0,reserve,system,2366.562333,0.0,0.0,2366.562333,0.0,0.0
2035-01-09,5,0,reserve,system,2462.560988,0.0,0.0,2462.560988,0.0,0.0
2035-01-09,6,0,reserve,system,2601.23402,0.0,0.0,2601.23402,0.0,0.0
2035-01-09,7,0,reserve,system,2655.333301,0.0,0.0,2655.333301,0.0,0.0
2035-01-09,8,0,reserve,system,2650.97663,0.0,0.0,2650.97663,0.0,0.0
2035-01-09,9,0,reserve,system,2631.175004,0.0,0.0,2631.175004,0.0,0.0
2035-01-09,10,0,reserve,system,2593.848273,0.0,0.0,2593.848273,0.0,0.0
2035-01-09,11,0,reserve,system,2533.271554,0.0,0.0,2533.271554,0.0,0.0
2035-01-09,12,0,reserve,system,2464.289031,0.0,0.0,2464.289031,0.0,0.0
2035-01-09,13,0,reserve,system,2424.971134,0.0,0.0,2424.971134,0.0,0.0
2035-01-09,14,0,reserve,system,2404.152859,0.0,0.0,2404.152859,0.0,0.0
2035-01-09,15,0,reserve,system,2404.610234,0.0,0.0,2404.610234,0.0,0.0
2035-01-09,16,0,reserve,system,2467.357227,0.0,0.0,2467.357227,0.0,0.0
2035-01-09,17,0,reserve,system,2582.267234,0.0,0.0,2582.267234,0.0,0.0
2035-01-09,18,0,reserve,system,2688.055084,0.0,0.0,2688.055084,0.0,0.0
2035-01-09,19,0,reserve,system,2718.952011,0.0,0.0,2718.952011,0.0,0.0
2035-01-09,20,0,reserve,system,2718.204927,0.0,0.0,2718.204927,0.0,0.0
2035-01-09,21,0,reserve,system,2686.218131,0.0,0.0,2686.218131,0.0,0.0
2035-01-09,22,0,reserve,system,2604.85582,0.0,0.0,2604.85582,0.0,0.0
2035-01-09,23,0,reserve,system,2536.099965,0.0,0.0,2536.099965,0.0,0.0
2035-01-10,0,0,reserve,system,2514.262881,0.0,0.0,2514.262881,0.0,0.0
2035-01-10,1,0,reserve,system,2512.207734,0.0,0.0,2512.207734,0.0,0.0
2035-01-10,2,0,reserve,system,2512.773291,0.0,0.0,2512.773291,0.0,0.0
2035-01-10,3,0,reserve,system,2555.662331,0.0,0.0,2555.662331,0.0,0.0
2035-01-10,4,0,reserve,system,2627.665933,0.0,0.0,2627.665933,0.0,0.0
2035-01-10,5,0,reserve,system,2733.032417,0.0,0.0,2733.032417,0.0,0.0
2035-01-10,6,0,reserve,system,2867.266111,0.0,0.0,2867.266111,0.0,0.0
2035-01-10,7,0,reserve,system,2903.648095,0.0,0.0,2903.648095,0.0,0.0
2035-01-10,8,0,reserve,system,2880.754491,0.0,0.0,2880.754491,0.0,0.0
2035-01-10,9,0,reserve,system,2825.562471,0.0,0.0,2825.562471,0.0,0.0
2035-01-10,10,0,reserve,system,2761.104266,0.0,0.0,2761.104266,0.0,0.0
2035-01-10,11,0,reserve,system,2690.605906,0.0,0.0,2690.605906,0.0,0.0
2035-01-10,12,0,reserve,system,2615.050441,0.0,0.0,2615.050441,0.0,0.0
2035-01-10,13,0,reserve,system,2559.247707,0.0,0.0,2559.247707,0.0,0.0
2035-01-10,14,0,reserve,system,2519.489429,0.0,0.0,2519.489429,0.0,0.0
2035-01-10,15,0,reserve,system,2523.32531,0.0,0.0,2523.32531,0.0,0.0
2035-01-10,16,0,reserve,system,2588.855278,0.0,0.0,2588.855278,0.0,0.0
2035-01-10,17,0,reserve,system,2684.370315,0.0,0.0,2684.370315,0.0,0.0
2035-01-10,18,0,reserve,system,2745.251729,0.0,0.0,2745.25173,0.0,0.0
2035-01-10,19,0,reserve,system,2743.988546,0.0,0.0,2743.988546,0.0,0.0
2035-01-10,20,0,reserve,system,2716.820006,0.0,0.0,2716.820006,0.0,0.0
2035-01-10,21,0,reserve,system,2666.793352,0.0,0.0,2666.793352,0.0,0.0
2035-01-10,22,0,reserve,system,2571.138601,0.0,0.0,2571.138601,0.0,0.0
2035-01-10,23,0,reserve,system,2481.506865,0.0,0.0,2481.506865,0.0,0.0
2035-01-11,0,0,reserve,system,2423.296906,0.0,0.0,2423.296906,0.0,0.0
2035-01-11,1,0,reserve,system,2396.137152,0.0,0.0,2396.137152,0.0,0.0
2035-01-11,2,0,reserve,system,2372.713605,0.0,0.0,2372.713605,0.0,0.0
2035-01-11,3,0,reserve,system,2382.422068,0.0,0.0,2382.422068,0.0,0.0
2035-01-11,4,0,reserve,system,2427.349909,0.0,0.0,2427.349909,0.0,0.0
2035-01-11,5,0,reserve,system,2505.416729,2.304018,5.0,2505.416729,2.304018,5.0
2035-01-11,6,0,reserve,system,2602.720112,0.0,0.0,2602.720112,0.0,0.0
2035-01-11,7,0,reserve,system,2646.378401,0.0,0.0,2646.378401,0.0,0.0
2035-01-11,8,0,reserve,system,2657.099733,0.0,0.0,2657.099733,0.0,0.0
2035-01-11,9,0,reserve,system,2675.429589,0.0,0.0,2675.429589,0.0,0.0
2035-01-11,10,0,reserve,system,2690.835629,0.0,0.0,2690.835629,0.0,0.0
2035-01-11,11,0,reserve,system,2664.750249,0.0,0.0,2664.750249,0.0,0.0
2035-01-11,12,0,reserve,system,2632.865583,0.0,0.0,2632.865583,0.0,0.0
2035-01-11,13,0,reserve,system,2625.313961,0.0,0.0,2625.313961,0.0,0.0
2035-01-11,14,0,reserve,system,2624.11057,0.0,0.0,2624.11057,0.0,0.0
2035-01-11,15,0,reserve,system,2635.380738,0.0,0.0,2635.380738,0.0,0.0
2035-01-11,16,0,reserve,system,2693.175356,0.0,0.0,2693.175356,0.0,0.0
2035-01-11,17,0,reserve,system,2759.005364,0.0,0.0,2759.005364,0.0,0.0
2035-01-11,18,0,reserve,system,2749.757536,0.0,0.0,2749.757536,0.0,0.0
2035-01-11,19,0,reserve,system,2704.74936,0.0,0.0,2704.74936,0.0,0.0
2035-01-11,20,0,reserve,system,2655.600788,0.0,0.0,2655.600788,0.0,0.0
2035-01-11,21,0,reserve,system,2594.605326,0.0,0.0,2594.605326,0.0,0.0
2035-01-11,22,0,reserve,system,2499.366497,0.0,0.0,2499.366497,0.0,0.0
2035-01-11,23,0,reserve,system,2411.239753,0.0,0.0,2411.239753,0.0,0.0
2035-01-12,0,0,reserve,system,2344.83348,0.0,0.0,2344.83348,0.0,0.0
2035-01-12,1,0,reserve,system,2318.696528,0.0,0.0,2318.696528,0.0,0.0
2035-01-12,2,0,reserve,system,2291.674078,0.0,0.0,2291.674078,0.0,0.0
2035-01-12,3,0,reserve,system,2298.467259,0.0,0.0,2298.467259,0.0,0.0
2035-01-12,4,0,reserve,system,2335.24385,0.0,0.0,2335.243849,0.0,0.0
2035-01-12,5,0,reserve,system,2392.225485,0.0,0.0,2392.225485,0.0,0.0
2035-01-12,6,0,reserve,system,2461.465157,0.0,0.0,2461.465157,0.0,0.0
2035-01-12,7,0,reserve,system,2542.300246,0.0,0.0,2542.300246,0.0,0.0
2035-01-12,8,0,reserve,system,2550.12852,0.0,0.0,2550.12852,0.0,0.0
2035-01-12,9,0,reserve,system,2522.228359,0.0,0.0,2522.228359,0.0,0.0
2035-01-12,10,0,reserve,system,2493.162048,0.0,0.0,2493.162048,0.0,0.0
2035-01-12,11,0,reserve,system,2480.505196,0.0,0.0,2480.505196,0.0,0.0
2035-01-12,12,0,reserve,system,2450.296928,0.0,0.0,2450.296928,0.0,0.0
2035-01-12,13,0,reserve,system,2442.025235,0.0,0.0,2442.025235,0.0,0.0
2035-01-12,14,0,reserve,system,2455.671218,0.0,0.0,2455.671218,0.0,0.0
2035-01-12,15,0,reserve,system,2504.235235,0.0,0.0,2504.235235,0.0,0.0
2035-01-12,16,0,reserve,system,2585.235121,0.0,0.0,2585.235121,0.0,0.0
2035-01-12,17,0,reserve,system,2668.893677,0.870443,5.0,2668.893677,0.870444,5.0
2035-01-12,18,0,reserve,system,2727.081355,0.0,0.0,2727.081355,0.0,0.0
2035-01-12,19,0,reserve,system,2719.989513,0.0,0.0,2719.989513,0.0,0.0
2035-01-12,20,0,reserve,system,2698.92721,0.0,0.0,2698.92721,0.0,0.0
2035-01-12,21,0,reserve,system,2680.357849,0.0,0.0,2680.357849,0.0,0.0
2035-01-12,22,0,reserve,system,2654.64767,0.0,0.0,2654.64767,0.0,0.0
2035-01-12,23,0,reserve,system,2613.782218,0.0,0.0,2613.782218,0.0,0.0
2035-01-13,0,0,reserve,system,2583.313455,0.0,0.0,2583.313455,0.0,0.0
2035-01-13,1,0,reserve,system,2583.864435,0.0,0.0,2583.864435,0.0,0.0
2035-01-13,2,0,reserve,system,2586.052797,0.0,0.0,2586.052797,0.0,0.0
2035-01-13,3,0,reserve,system,2619.364106,0.0,0.0,2619.364106,0.0,0.0
2035-01-13,4,0,reserve,system,2659.863978,0.0,0.0,2659.863978,0.0,0.0
2035-01-13,5,0,reserve,system,2709.313201,0.0,0.0,2709.313201,0.0,0.0
2035-01-13,6,0,reserve,system,2763.036972,0.0,0.0,2763.036972,0.0,0.0
2035-01-13,7,0,reserve,system,2825.695349,0.0,0.0,2825.695349,0.0,0.0
2035-01-13,8,0,reserve,system,2830.83022,0.0,0.0,2830.83022,0.0,0.0
2035-01-13,9,0,reserve,system,2812.748651,0.0,0.0,2812.748651,0.0,0.0
2035-01-13,10,0,reserve,system,2732.729257,0.0,0.0,2732.729257,0.0,0.0
2035-01-13,11,0,reserve,system,2672.376405,0.0,0.0,2672.376405,0.0,0.0
2035-01-13,12,0,reserve,system,2609.637583,0.0,0.0,2609.637583,1.073414,5.0
2035-01-13,13,0,reserve,system,2583.333753,0.0,0.0,2583.333753,0.0,0.0
2035-01-13,14,0,reserve,system,2585.096986,0.0,0.0,2585.096986,0.0,0.0
2035-01-13,15,0,reserve,system,2629.334483,0.0,0.0,2629.334483,0.0,0.0
2035-01-13,16,0,reserve,system,2748.518282,0.0,0.0,2748.518282,0.0,0.0
2035-01-13,17,0,reserve,system,2878.577639,0.0,0.0,2878.577639,0.0,0.0
2035-01-13,18,0,reserve,system,2972.660309,0.0,0.0,2972.660309,0.0,0.0
2035-01-13,19,0,reserve,system,2986.550586,0.0,0.0,2986.550586,0.0,0.0
2035-01-13,20,0,reserve,system,2983.856768,0.0,0.0,2983.856768,0.0,0.0
2035-01-13,21,0,reserve,system,2941.397145,0.0,0.0,2941.397145,0.0,0.0
2035-01-13,22,0,reserve,system,2856.946391,0.0,0.0,2856.946391,0.0,0.0
2035-01-13,23,0,reserve,system,2785.944253,0.0,0.0,2785.944253,0.0,0.0
2035-01-14,0,0,reserve,system,2732.79048,0.0,0.0,2732.79048,0.0,0.0
2035-01-14,1,0,reserve,system,2707.087674,0.0,0.0,2707.087674,0.0,0.0
2035-01-14,2,0,reserve,system,2698.487556,0.0,0.0,2698.487556,0.0,0.0
2035-01-14,3,0,reserve,system,2713.90513,0.0,0.0,2713.90513,0.0,0.0
2035-01-14,4,0,reserve,system,2771.287738,0.0,0.0,2771.287738,0.0,0.0
2035-01-14,5,0,reserve,system,2890.509709,0.0,0.0,2890.509709,0.0,0.0
2035-01-14,6,0,reserve,system,3013.365159,0.0,0.0,3013.365159,0.0,0.0
2035-01-14,7,0,reserve,system,3044.934681,0.0,0.0,3044.934681,0.0,0.0
2035-01-14,8,0,reserve,system,3025.388231,0.0,0.0,3025.388231,0.0,0.0
2035-01-14,9,0,reserve,system,3003.237944,0.0,0.0,3003.237944,0.0,0.0
2035-01-14,10,0,reserve,system,2941.915554,0.0,0.0,2941.915553,0.0,0.0
2035-01-14,11,0,reserve,system,2874.904901,0.0,0.0,2874.904901,0.0,0.0
2035-01-14,12,0,reserve,system,2786.336342,0.0,0.0,2786.336342,0.0,0.0
2035-01-14,13,0,reserve,system,2720.682509,0.0,0.0,2720.68251,0.0,0.0
2035-01-14,14,0,reserve,system,2686.456323,0.0,0.0,2686.456323,0.0,0.0
2035-01-14,15,0,reserve,system,2691.904109,0.0,0.0,2691.904109,0.0,0.0
2035-01-14,16,0,reserve,system,2790.986928,0.0,0.0,2790.986928,0.0,0.0
2035-01-14,17,0,reserve,system,2951.724361,0.0,0.0,2951.724361,0.0,0.0
2035-01-14,18,0,reserve,system,3049.492961,0.0,0.0,3049.492961,0.0,0.0
2035-01-14,19,0,reserve,system,3054.926783,0.0,0.0,3054.926783,0.0,0.0
2035-01-14,20,0,reserve,system,3042.193947,0.0,0.0,3042.193947,26.723416,5.0
2035-01-14,21,0,reserve,system,2987.291118,0.0,0.0,2987.291118,0.0,0.0
2035-01-14,22,0,reserve,system,2885.553274,0.0,0.0,2885.553274,0.0,0.0
2035-01-14,23,0,reserve,system,2812.880688,0.0,0.0,2812.880688,0.0,0.0
2035-01-15,0,0,reserve,system,2768.066613,0.0,0.0,2768.066613,0.0,0.0
2035-01-15,1,0,reserve,system,2733.280468,0.0,0.0,2733.280468,0.0,0.0
2035-01-15,2,0,reserve,system,2713.882351,0.0,0.0,2713.882351,0.0,0.0
2035-01-15,3,0,reserve,system,2711.537076,0.0,0.0,2711.537076,0.0,0.0
2035-01-15,4,0,reserve,system,2737.608173,0.0,0.0,2737.608173,0.0,0.0
2035-01-15,5,0,reserve,system,2838.072795,0.0,0.0,2838.072795,0.0,0.0
2035-01-15,6,0,reserve,system,2950.654367,0.0,0.0,2950.654367,0.0,0.0
2035-01-15,7,0,reserve,system,2977.530118,0.0,0.0,2977.530118,0.0,0.0
2035-01-15,8,0,reserve,system,2924.804449,0.0,0.0,2924.804449,0.0,0.0
2035-01-15,9,0,reserve,system,2872.791352,0.0,0.0,2872.791352,0.0,0.0
2035-01-15,10,0,reserve,system,2858.980849,0.0,0.0,2858.980849,0.0,0.0
2035-01-15,11,0,reserve,system,2813.13173,0.0,0.0,2813.13173,0.0,0.0
2035-01-15,12,0,reserve,system,2755.612526,0.0,0.0,2755.612526,0.0,0.0
2035-01-15,13,0,reserve,system,2728.665532,0.0,0.0,2728.665532,0.0,0.0
2035-01-15,14,0,reserve,system,2718.565483,0.0,0.0,2718.565483,0.0,0.0
2035-01-15,15,0,reserve,system,2738.13242,0.0,0.0,2738.13242,0.0,0.0
2035-01-15,16,0,reserve,system,2801.770963,0.0,0.0,2801.770963,0.0,0.0
2035-01-15,17,0,reserve,system,2874.545722,0.0,0.0,2874.545722,0.0,0.0
2035-01-15,18,0,reserve,system,2913.918634,0.0,0.0,2913.918634,0.0,0.0
2035-01-15,19,0,reserve,system,2908.133437,0.0,0.0,2908.133437,0.0,0.0
2035-01-15,20,0,reserve,system,2876.308873,0.0,0.0,2876.308873,0.0,0.0
2035-01-15,21,0,reserve,system,2804.958281,0.0,0.0,2804.958281,0.0,0.0
2035-01-15,22,0,reserve,system,2707.937518,0.0,0.0,2707.937518,0.0,0.0
2035-01-15,23,0,reserve,system,2613.272365,0.0,0.0,2613.272365,0.0,0.0
2035-01-16,0,0,reserve,system,2548.988988,0.0,0.0,2548.988988,0.0,0.0
2035-01-16,1,0,reserve,system,2526.238449,0.0,0.0,2526.238449,0.0,0.0
2035-01-16,2,0,reserve,system,2517.004463,0.0,0.0,2517.004463,0.0,0.0
2035-01-16,3,0,reserve,system,2546.795784,0.0,0.0,2546.795784,0.0,0.0
2035-01-16,4,0,reserve,system,2602.806714,0.0,0.0,2602.806714,0.0,0.0
2035-01-16,5,0,reserve,system,2704.269785,0.0,0.0,2704.269785,0.0,0.0
2035-01-16,6,0,reserve,system,2807.237527,0.0,0.0,2807.237527,0.0,0.0
2035-01-16,7,0,reserve,system,2824.076737,0.0,0.0,2824.076738,0.0,0.0
2035-01-16,8,0,reserve,system,2790.887304,0.0,0.0,2790.887304,0.0,0.0
2035-01-16,9,0,reserve,system,2751.721468,0.0,0.0,2751.721468,0.0,0.0
2035-01-16,10,0,reserve,system,2695.197301,0.0,0.0,2695.197301,0.0,0.0
2035-01-16,11,0,reserve,system,2636.045603,0.0,0.0,2636.045603,0.0,0.0
2035-01-16,12,0,reserve,system,2581.928442,0.0,0.0,2581.928442,0.0,0.0
2035-01-16,13,0,reserve,system,2527.727215,0.0,0.0,2527.727215,0.0,0.0
2035-01-16,14,0,reserve,system,2471.441992,0.0,0.0,2471.441992,0.0,0.0
2035-01-16,15,0,reserve,system,2464.738742,0.0,0.0,2464.738742,0.0,0.0
2035-01-16,16,0,reserve,system,2520.747935,0.0,0.0,2520.747935,0.0,0.0
2035-01-16,17,0,reserve,system,2598.328871,0.0,0.0,2598.328871,0.0,0.0
2035-01-16,18,0,reserve,system,2639.892373,0.0,0.0,2639.892373,0.0,0.0
2035-01-16,19,0,reserve,system,2629.094038,0.0,0.0,2629.094038,0.0,0.0
2035-01-16,20,0,reserve,system,2587.797872,0.0,0.0,2587.797872,0.0,0.0
2035-01-16,21,0,reserve,system,2517.079066,0.0,0.0,2517.079066,0.0,0.0
2035-01-16,22,0,reserve,system,2406.197523,0.0,0.0,2406.197523,0.0,0.0
2035-01-16,23,0,reserve,system,2298.648287,0.0,0.0,2298.648287,0.0,0.0
2035-01-17,0,0,reserve,system,2212.689957,0.0,0.0,2212.689957,0.0,0.0
2035-01-17,1,0,reserve,system,2167.91487,0.0,0.0,2167.91487,0.0,0.0
2035-01-17,2,0,reserve,system,2138.99006,0.0,0.0,2138.99006,0.0,0.0
2035-01-17,3,0,reserve,system,2145.960273,1.933002,5.0,2145.960273,1.933002,5.0
2035-01-17,4,0,reserve,system,2181.065399,0.0,0.0,2181.065399,0.0,0.0
2035-01-17,5,0,reserve,system,2264.244914,0.0,0.0,2264.244914,0.0,0.0
2035-01-17,6,0,reserve,system,2349.857194,0.0,0.0,2349.857194,0.0,0.0
2035-01-17,7,0,reserve,system,2371.457089,0.0,0.0,2371.457089,0.0,0.0
2035-01-17,8,0,reserve,system,2343.451764,0.0,0.0,2343.451764,0.0,0.0
2035-01-17,9,0,reserve,system,2292.393855,0.0,0.0,2292.393855,0.0,0.0
2035-01-17,10,0,reserve,system,2228.753186,0.0,0.0,2228.753186,0.0,0.0
2035-01-17,11,0,reserve,system,2182.944482,0.0,0.0,2182.944482,0.0,0.0
2035-01-17,12,0,reserve,system,2137.921673,0.0,0.0,2137.921673,0.0,0.0
2035-01-17,13,0,reserve,system,2131.387181,0.0,0.0,2131.387181,0.0,0.0
2035-01-17,14,0,reserve,system,2124.970751,0.0,0.0,2124.970751,0.0,0.0
2035-01-17,15,0,reserve,system,2148.764648,0.0,0.0,2148.764648,0.0,0.0
2035-01-17,16,0,reserve,system,2194.148075,0.0,0.0,2194.148075,0.0,0.0
2035-01-17,17,0,reserve,system,2227.531403,0.0,0.0,2227.531403,0.0,0.0
2035-01-17,18,0,reserve,system,2271.957897,0.0,0.0,2271.957897,0.0,0.0
2035-01-17,19,0,reserve,system,2286.625523,0.0,0.0,2286.625523,0.0,0.0
2035-01-17,20,0,reserve,system,2288.377442,0.0,0.0,2288.377442,0.0,0.0
2035-01-17,21,0,reserve,system,2282.953587,0.0,0.0,2282.953587,0.0,0.0
2035-01-17,22,0,reserve,system,2247.956299,0.0,0.0,2247.956299,0.0,0.0
2035-01-17,23,0,reserve,system,2186.030601,0.0,0.0,2186.030601,0.0,0.0
2035-01-18,0,0,reserve,system,2159.293287,0.0,0.0,2159.293287,0.0,0.0
2035-01-18,1,0,reserve,system,2160.601789,0.0,0.0,2160.601789,0.0,0.0
2035-01-18,2,0,reserve,system,2156.527129,0.0,0.0,2156.527129,0.0,0.0
2035-01-18,3,0,reserve,system,2183.250434,0.0,0.0,2183.250434,0.0,0.0
2035-01-18,4,0,reserve,system,2236.767239,0.0,0.0,2236.767239,0.0,0.0
2035-01-18,5,0,reserve,system,2321.67474,0.0,0.0,2321.67474,0.0,0.0
2035-01-18,6,0,reserve,system,2413.26526,0.0,0.0,2413.26526,0.0,0.0
2035-01-18,7,0,reserve,system,2442.77827,0.0,0.0,2442.77827,0.0,0.0
2035-01-18,8,0,reserve,system,2425.880227,0.0,0.0,2425.880227,0.0,0.0
2035-01-18,9,0,reserve,system,2373.815802,0.0,0.0,2373.815802,0.0,0.0
2035-01-18,10,0,reserve,system,2310.190391,0.0,0.0,2310.190391,0.0,0.0
2035-01-18,11,0,reserve,system,2262.864634,0.0,0.0,2262.864634,0.0,0.0
2035-01-18,12,0,reserve,system,2223.581646,0.0,0.0,2223.581647,0.0,0.0
2035-01-18,13,0,reserve,system,2211.265369,0.0,0.0,2211.265369,0.0,0.0
2035-01-18,14,0,reserve,system,2202.086583,0.0,0.0,2202.086583,0.0,0.0
2035-01-18,15,0,reserve,system,2194.419569,0.0,0.0,2194.419569,0.0,0.0
2035-01-18,16,0,reserve,system,2200.16963,0.0,0.0,2200.16963,0.0,0.0
2035-01-18,17,0,reserve,system,2216.184193,0.0,0.0,2216.184193,0.0,0.0
2035-01-18,18,0,reserve,system,2244.099776,0.0,0.0,2244.099776,0.0,0.0
2035-01-18,19,0,reserve,system,2224.847069,0.0,0.0,2224.847069,0.0,0.0
2035-01-18,20,0,reserve,system,2203.846522,0.0,0.0,2203.846522,0.0,0.0
2035-01-18,21,0,reserve,system,2170.726654,0.0,0.0,2170.726654,0.0,0.0
2035-01-18,22,0,reserve,system,2137.796364,0.0,0.0,2137.796364,0.0,0.0
2035-01-18,23,0,reserve,system,2071.645017,0.0,0.0,2071.645017,0.0,0.0
2035-01-19,0,0,reserve,system,2011.115689,0.0,0.0,2011.115689,0.0,0.0
2035-01-19,1,0,reserve,system,1990.297261,0.0,0.0,1990.297261,0.0,0.0
2035-01-19,2,0,reserve,system,1997.243122,0.0,0.0,1997.243122,0.0,0.0
2035-01-19,3,0,reserve,system,2053.807797,0.0,0.0,2053.807797,0.0,0.0
2035-01-19,4,0,reserve,system,2131.441745,0.0,0.0,2131.441745,0.0,0.0
2035-01-19,5,0,reserve,system,2238.119715,0.0,0.0,2238.119715,0.0,0.0
2035-01-19,6,0,reserve,system,2330.556983,0.0,0.0,2330.556984,0.0,0.0
2035-01-19,7,0,reserve,system,2434.98926,0.0,0.0,2434.98926,0.0,0.0
2035-01-19,8,0,reserve,system,2528.347237,0.0,0.0,2528.347237,0.0,0.0
2035-01-19,9,0,reserve,system,2598.952158,0.0,0.0,2598.952158,0.0,0.0
2035-01-19,10,0,reserve,system,2638.526145,0.0,0.0,2638.526145,0.0,0.0
2035-01-19,11,0,reserve,system,2648.957822,0.0,0.0,2648.957822,0.0,0.0
2035-01-19,12,0,reserve,system,2619.954979,0.0,0.0,2619.954979,0.0,0.0
2035-01-19,13,0,reserve,system,2591.868911,0.0,0.0,2591.868911,0.0,0.0
2035-01-19,14,0,reserve,system,2582.020521,0.0,0.0,2582.020521,0.0,0.0
2035-01-19,15,0,reserve,system,2595.462338,0.0,0.0,2595.462338,0.0,0.0
2035-01-19,16,0,reserve,system,2642.912647,0.0,0.0,2642.912647,0.0,0.0
2035-01-19,17,0,reserve,system,2706.364423,0.0,0.0,2706.364423,0.0,0.0
2035-01-19,18,0,reserve,system,2782.638908,0.0,0.0,2782.638908,0.0,0.0
2035-01-19,19,0,reserve,system,2778.770791,0.0,0.0,2778.770791,0.0,0.0
2035-01-19,20,0,reserve,system,2767.88409,0.0,0.0,2767.88409,0.0,0.0
2035-01-19,21,0,reserve,system,2747.95774,0.0,0.0,2747.95774,0.0,0.0
2035-01-19,22,0,reserve,system,2725.135127,0.0,0.0,2725.135127,0.0,0.0
2035-01-19,23,0,reserve,system,2704.15135,0.0,0.0,2704.15135,0.0,0.0
2035-01-20,0,0,reserve,system,2690.806029,0.0,0.0,2690.806029,0.0,0.0
2035-01-20,1,0,reserve,system,2702.87794,0.0,0.0,2702.87794,0.0,0.0
2035-01-20,2,0,reserve,system,2709.492452,0.0,0.0,2709.492452,0.0,0.0
2035-01-20,3,0,reserve,system,2742.285483,0.0,0.0,2742.285483,0.0,0.0
2035-01-20,4,0,reserve,system,2791.709441,0.0,0.0,2791.709441,0.0,0.0
2035-01-20,5,0,reserve,system,2827.88687,0.0,0.0,2827.88687,0.0,0.0
2035-01-20,6,0,reserve,system,2858.709031,0.0,0.0,2858.709031,0.0,0.0
2035-01-20,7,0,reserve,system,2908.823734,0.0,0.0,2908.823734,0.0,0.0
2035-01-20,8,0,reserve,system,2867.450043,0.0,0.0,2867.450043,0.0,0.0
2035-01-20,9,0,reserve,system,2866.938906,0.0,0.0,2866.938906,0.0,0.0
2035-01-20,10,0,reserve,system,2722.34595,0.0,0.0,2722.34595,0.0,0.0
2035-01-20,11,0,reserve,system,2619.929015,0.0,0.0,2619.929015,0.0,0.0
2035-01-20,12,0,reserve,system,2498.052339,0.0,0.0,2498.052339,0.0,0.0
2035-01-20,13,0,reserve,system,2414.085301,0.0,0.0,2414.085301,0.0,0.0
2035-01-20,14,0,reserve,system,2360.204377,0.0,0.0,2360.204377,0.0,0.0
2035-01-20,15,0,reserve,system,2357.736802,0.0,0.0,2357.736802,0.0,0.0
2035-01-20,16,0,reserve,system,2400.37108,0.0,0.0,2400.37108,0.0,0.0
2035-01-20,17,0,reserve,system,2506.345208,0.0,0.0,2506.345208,0.0,0.0
2035-01-20,18,0,reserve,system,2632.940101,0.0,0.0,2632.940101,0.0,0.0
2035-01-20,19,0,reserve,system,2692.853343,0.0,0.0,2692.853343,0.0,0.0
2035-01-20,20,0,reserve,system,2713.91407,0.0,0.0,2713.91407,0.0,0.0
2035-01-20,21,0,reserve,system,2744.314536,0.0,0.0,2744.314536,0.0,0.0
2035-01-20,22,0,reserve,system,2725.247573,0.0,0.0,2725.247573,0.0,0.0
2035-01-20,23,0,reserve,system,2697.149738,0.0,0.0,2697.149738,0.0,0.0
2035-01-21,0,0,reserve,system,2682.764225,0.0,0.0,2682.764225,0.0,0.0
2035-01-21,1,0,reserve,system,2681.065658,0.0,0.0,2681.065658,0.0,0.0
2035-01-21,2,0,reserve,system,2703.867363,0.0,0.0,2703.867364,0.0,0.0
2035-01-21,3,0,reserve,system,2751.009242,0.0,0.0,2751.009242,0.0,0.0
2035-01-21,4,0,reserve,system,2831.131327,0.0,0.0,2831.131327,0.0,0.0
2035-01-21,5,0,reserve,system,2947.900864,0.0,0.0,2947.900864,0.0,0.0
2035-01-21,6,0,reserve,system,3074.33443,0.0,0.0,3074.33443,0.0,0.0
2035-01-21,7,0,reserve,system,3137.259944,0.0,0.0,3137.259944,0.0,0.0
2035-01-21,8,0,reserve,system,3063.664344,0.0,0.0,3063.664344,2.197785,5.0
2035-01-21,9,0,reserve,system,2909.307188,0.0,0.0,2909.307188,0.0,0.0
2035-01-21,10,0,reserve,system,2768.375734,0.0,0.0,2768.375734,0.0,0.0
2035-01-21,11,0,reserve,system,2623.194339,0.0,0.0,2623.194339,0.0,0.0
2035-01-21,12,0,reserve,system,2499.662773,0.0,0.0,2499.662773,0.0,0.0
2035-01-21,13,0,reserve,system,2422.646167,0.0,0.0,2422.646167,0.0,0.0
2035-01-21,14,0,reserve,system,2355.760594,0.0,0.0,2355.760594,0.0,0.0
2035-01-21,15,0,reserve,system,2340.530199,0.0,0.0,2340.530199,0.0,0.0
2035-01-21,16,0,reserve,system,2372.410088,0.0,0.0,2372.410088,0.0,0.0
2035-01-21,17,0,reserve,system,2435.126736,0.0,0.0,2435.126736,0.0,0.0
2035-01-21,18,0,reserve,system,2547.695071,0.0,0.0,2547.695071,0.0,0.0
2035-01-21,19,0,reserve,system,2582.258564,0.0,0.0,2582.258564,0.0,0.0
2035-01-21,20,0,reserve,system,2575.205664,0.0,0.0,2575.205664,0.0,0.0
2035-01-21,21,0,reserve,system,2541.60574,0.0,0.0,2541.60574,0.0,0.0
2035-01-21,22,0,reserve,system,2459.708831,0.0,0.0,2459.708831,0.0,0.0
2035-01-21,23,0,reserve,system,2369.751584,0.0,0.0,2369.751584,0.0,0.0
2035-01-22,0,0,reserve,system,2301.056701,0.0,0.0,2301.056701,0.0,0.0
2035-01-22,1,0,reserve,system,2263.006242,0.0,0.0,2263.006242,0.0,0.0
2035-01-22,2,0,reserve,system,2242.523296,0.0,0.0,2242.523296,0.0,0.0
2035-01-22,3,0,reserve,system,2242.914549,0.0,0.0,2242.914549,0.0,0.0
2035-01-22,4,0,reserve,system,2278.362459,0.0,0.0,2278.362459,0.0,0.0
2035-01-22,5,0,reserve,system,2366.367911,0.0,0.0,2366.367911,0.0,0.0
2035-01-22,6,0,reserve,system,2494.487602,0.0,0.0,2494.487602,0.0,0.0
2035-01-22,7,0,reserve,system,2508.940779,0.0,0.0,2508.940778,0.0,0.0
2035-01-22,8,0,reserve,system,2439.85177,0.0,0.0,2439.85177,0.0,0.0
2035-01-22,9,0,reserve,system,2369.873682,0.0,0.0,2369.873682,0.0,0.0
2035-01-22,10,0,reserve,system,2326.008417,0.0,0.0,2326.008417,0.0,0.0
2035-01-22,11,0,reserve,system,2277.720753,0.0,0.0,2277.720753,0.0,0.0
2035-01-22,12,0,reserve,system,2243.362861,0.0,0.0,2243.362861,0.0,0.0
2035-01-22,13,0,reserve,system,2229.989451,0.0,0.0,2229.989451,0.0,0.0
2035-01-22,14,0,reserve,system,2234.973126,0.0,0.0,2234.973126,0.0,0.0
2035-01-22,15,0,reserve,system,2266.075917,0.0,0.0,2266.075917,0.0,0.0
2035-01-22,16,0,reserve,system,2328.02426,0.0,0.0,2328.024261,0.0,0.0
2035-01-22,17,0,reserve,system,2402.021623,0.0,0.0,2402.021623,0.0,0.0
2035-01-22,18,0,reserve,system,2463.401392,0.0,0.0,2463.401392,0.0,0.0
2035-01-22,19,0,reserve,system,2494.782628,0.0,0.0,2494.782628,0.0,0.0
2035-01-22,20,0,reserve,system,2501.608747,0.0,0.0,2501.608747,0.0,0.0
2035-01-22,21,0,reserve,system,2505.980437,0.0,0.0,2505.980437,0.0,0.0
2035-01-22,22,0,reserve,system,2492.274197,0.0,0.0,2492.274197,0.0,0.0
2035-01-22,23,0,reserve,system,2463.332486,0.0,0.0,2463.332486,0.0,0.0
2035-01-23,0,0,reserve,system,2474.655419,0.0,0.0,2474.655419,0.0,0.0
2035-01-23,1,0,reserve,system,2510.000878,0.0,0.0,2510.000878,0.0,0.0
2035-01-23,2,0,reserve,system,2553.655715,0.0,0.0,2553.655715,0.0,0.0
2035-01-23,3,0,reserve,system,2648.235225,0.0,0.0,2648.235225,0.0,0.0
2035-01-23,4,0,reserve,system,2768.770109,0.0,0.0,2768.770109,0.0,0.0
2035-01-23,5,0,reserve,system,2908.852324,0.0,0.0,2908.852324,0.0,0.0
2035-01-23,6,0,reserve,system,3043.68457,0.0,0.0,3043.68457,0.0,0.0
2035-01-23,7,0,reserve,system,3116.402309,0.0,0.0,3116.402309,0.0,0.0
2035-01-23,8,0,reserve,system,3088.711619,0.0,0.0,3088.711619,0.0,0.0
2035-01-23,9,0,reserve,system,2985.730728,0.0,0.0,2985.730728,0.0,0.0
2035-01-23,10,0,reserve,system,2872.545094,0.0,0.0,2872.545094,0.0,0.0
2035-01-23,11,0,reserve,system,2760.721947,0.0,0.0,2760.721947,0.0,0.0
2035-01-23,12,0,reserve,system,2650.477841,0.0,0.0,2650.477841,0.0,0.0
2035-01-23,13,0,reserve,system,2579.603868,0.0,0.0,2579.603868,0.0,0.0
2035-01-23,14,0,reserve,system,2515.178345,0.0,0.0,2515.178345,0.0,0.0
2035-01-23,15,0,reserve,system,2472.751079,0.0,0.0,2472.751079,0.0,0.0
2035-01-23,16,0,reserve,system,2504.409809,0.0,0.0,2504.409809,0.0,0.0
2035-01-23,17,0,reserve,system,2573.227985,0.0,0.0,2573.227985,0.0,0.0
2035-01-23,18,0,reserve,system,2713.521475,0.0,0.0,2713.521475,0.0,0.0
2035-01-23,19,0,reserve,system,2813.155906,0.0,0.0,2813.155906,0.0,0.0
2035-01-23,20,0,reserve,system,2874.07949,0.0,0.0,2874.07949,0.0,0.0
2035-01-23,21,0,reserve,system,2910.955377,0.0,0.0,2910.955377,0.0,0.0
2035-01-23,22,0,reserve,system,2909.523455,0.0,0.0,2909.523455,0.0,0.0
2035-01-23,23,0,reserve,system,2873.004826,0.0,0.0,2873.004826,0.0,0.0
2035-01-24,0,0,reserve,system,2862.347212,0.0,0.0,2862.347212,0.0,0.0
2035-01-24,1,0,reserve,system,2887.263363,0.0,0.0,2887.263363,0.0,0.0
2035-01-24,2,0,reserve,system,2911.220568,0.0,0.0,2911.220568,0.0,0.0
2035-01-24,3,0,reserve,system,2965.329633,0.0,0.0,2965.329633,0.0,0.0
2035-01-24,4,0,reserve,system,3042.703974,0.0,0.0,3042.703974,0.0,0.0
2035-01-24,5,0,reserve,system,3167.875245,0.0,0.0,3167.875245,0.0,0.0
2035-01-24,6,0,reserve,system,3214.593075,0.0,0.0,3214.593075,0.0,0.0
2035-01-24,7,0,reserve,system,3152.070309,0.0,0.0,3152.070309,0.0,0.0
2035-01-24,8,0,reserve,system,3034.06422,0.0,0.0,3034.06422,0.0,0.0
2035-01-24,9,0,reserve,system,2798.854491,0.0,0.0,2798.854491,0.0,0.0
2035-01-24,10,0,reserve,system,2607.031906,0.0,0.0,2607.031906,0.0,0.0
2035-01-24,11,0,reserve,system,2451.364728,0.0,0.0,2451.364728,0.0,0.0
2035-01-24,12,0,reserve,system,2329.133355,0.0,0.0,2329.133355,0.0,0.0
2035-01-24,13,0,reserve,system,2265.388899,0.0,0.0,2265.388899,0.0,0.0
2035-01-24,14,0,reserve,system,2217.396636,0.0,0.0,2217.396636,0.0,0.0
2035-01-24,15,0,reserve,system,2212.423185,0.0,0.0,2212.423185,0.0,0.0
2035-01-24,16,0,reserve,system,2250.293316,0.0,0.0,2250.293316,0.0,0.0
2035-01-24,17,0,reserve,system,2306.278912,0.0,0.0,2306.278912,0.0,0.0
2035-01-24,18,0,reserve,system,2403.253838,0.0,0.0,2403.253838,0.0,0.0
2035-01-24,19,0,reserve,system,2469.018427,0.0,0.0,2469.018427,0.0,0.0
2035-01-24,20,0,reserve,system,2516.726174,0.0,0.0,2516.726174,0.0,0.0
2035-01-24,21,0,reserve,system,2527.161786,0.0,0.0,2527.161786,0.0,0.0
2035-01-24,22,0,reserve,system,2527.648005,0.0,0.0,2527.648005,0.0,0.0
2035-01-24,23,0,reserve,system,2498.120623,0.0,0.0,2498.120623,0.0,0.0
2035-01-25,0,0,reserve,system,2513.727067,0.0,0.0,2513.727067,0.0,0.0
2035-01-25,1,0,reserve,system,2557.960502,0.0,0.0,2557.960502,0.0,0.0
2035-01-25,2,0,reserve,system,2603.926004,0.0,0.0,2603.926004,0.0,0.0
2035-01-25,3,0,reserve,system,2673.582776,0.0,0.0,2673.582776,0.0,0.0
2035-01-25,4,0,reserve,system,2771.586425,0.0,0.0,2771.586425,0.0,0.0
2035-01-25,5,0,reserve,system,2901.937703,0.0,0.0,2901.937703,0.0,0.0
2035-01-25,6,0,reserve,system,2994.625297,0.0,0.0,2994.625297,0.0,0.0
2035-01-25,7,0,reserve,system,2996.136416,0.0,0.0,2996.136416,0.0,0.0
2035-01-25,8,0,reserve,system,2902.0612,0.0,0.0,2902.0612,0.0,0.0
2035-01-25,9,0,reserve,system,2738.926522,0.0,0.0,2738.926522,0.0,0.0
2035-01-25,10,0,reserve,system,2572.279434,0.0,0.0,2572.279434,0.0,0.0
2035-01-25,11,0,reserve,system,2442.475388,0.0,0.0,2442.475388,0.0,0.0
2035-01-25,12,0,reserve,system,2333.362997,0.0,0.0,2333.362997,0.0,0.0
2035-01-25,13,0,reserve,system,2267.242176,0.0,0.0,2267.242176,0.0,0.0
2035-01-25,14,0,reserve,system,2220.977678,0.0,0.0,2220.977678,0.0,0.0
2035-01-25,15,0,reserve,system,2218.069563,0.0,0.0,2218.069563,0.0,0.0
2035-01-25,16,0,reserve,system,2260.463963,0.0,0.0,2260.463963,0.0,0.0
2035-01-25,17,0,reserve,system,2321.964684,0.0,0.0,2321.964684,0.0,0.0
2035-01-25,18,0,reserve,system,2416.383327,0.0,0.0,2416.383327,0.0,0.0
2035-01-25,19,0,reserve,system,2470.344612,0.0,0.0,2470.344612,0.0,0.0
2035-01-25,20,0,reserve,system,2500.597663,0.0,0.0,2500.597663,0.0,0.0
2035-01-25,21,0,reserve,system,2521.821841,0.0,0.0,2521.821841,0.0,0.0
2035-01-25,22,0,reserve,system,2508.135733,0.0,0.0,2508.135733,0.0,0.0
2035-01-25,23,0,reserve,system,2474.114051,0.0,0.0,2474.114051,0.0,0.0
2035-01-26,0,0,reserve,system,2455.061569,0.0,0.0,2455.061569,0.0,0.0
2035-01-26,1,0,reserve,system,2463.086801,0.0,0.0,2463.086801,0.0,0.0
2035-01-26,2,0,reserve,system,2469.398506,0.0,0.0,2469.398506,0.0,0.0
2035-01-26,3,0,reserve,system,2500.227203,0.0,0.0,2500.227203,0.0,0.0
2035-01-26,4,0,reserve,system,2547.480335,0.0,0.0,2547.480335,0.0,0.0
2035-01-26,5,0,reserve,system,2600.607129,0.0,0.0,2600.607129,0.0,0.0
2035-01-26,6,0,reserve,system,2660.449177,0.0,0.0,2660.449177,0.0,0.0
2035-01-26,7,0,reserve,system,2744.357379,0.0,0.0,2744.357379,0.0,0.0
2035-01-26,8,0,reserve,system,2741.111371,0.0,0.0,2741.111371,0.0,0.0
2035-01-26,9,0,reserve,system,2679.839748,0.0,0.0,2679.839748,0.0,0.0
2035-01-26,10,0,reserve,system,2590.156274,0.0,0.0,2590.156274,1.819019,5.0
2035-01-26,11,0,reserve,system,2529.850792,0.0,0.0,2529.850792,3.888716,5.0
2035-01-26,12,0,reserve,system,2480.653072,0.0,0.0,2480.653072,0.0,0.0
2035-01-26,13,0,reserve,system,2438.797453,0.0,0.0,2438.797453,0.0,0.0
2035-01-26,14,0,reserve,system,2404.70639,0.0,0.0,2404.70639,0.0,0.0
2035-01-26,15,0,reserve,system,2386.543253,0.0,0.0,2386.543253,0.0,0.0
2035-01-26,16,0,reserve,system,2411.942903,0.0,0.0,2411.942903,0.0,0.0
2035-01-26,17,0,reserve,system,2480.927678,0.0,0.0,2480.927678,0.0,0.0
2035-01-26,18,0,reserve,system,2553.537111,0.0,0.0,2553.537111,0.0,0.0
2035-01-26,19,0,reserve,system,2568.116348,16.509827,5.0,2568.116348,16.509827,5.0
2035-01-26,20,0,reserve,system,2567.953127,0.0,0.0,2567.953127,0.0,0.0
2035-01-26,21,0,reserve,system,2553.284709,0.0,0.0,2553.284709,0.0,0.0
2035-01-26,22,0,reserve,system,2520.738737,0.0,0.0,2520.738737,0.0,0.0
2035-01-26,23,0,reserve,system,2486.00454,0.0,0.0,2486.00454,0.0,0.0
2035-01-27,0,0,reserve,system,2447.92881,0.0,0.0,2447.92881,0.0,0.0
2035-01-27,1,0,reserve,system,2455.527636,0.0,0.0,2455.527636,0.0,0.0
2035-01-27,2,0,reserve,system,2462.460611,0.0,0.0,2462.460611,0.0,0.0
2035-01-27,3,0,reserve,system,2502.035455,0.0,0.0,2502.035455,0.0,0.0
2035-01-27,4,0,reserve,system,2541.739148,0.0,0.0,2541.739148,0.0,0.0
2035-01-27,5,0,reserve,system,2588.67856,0.0,0.0,2588.67856,0.0,0.0
2035-01-27,6,0,reserve,system,2638.889622,0.0,0.0,2638.889622,0.0,0.0
2035-01-27,7,0,reserve,system,2711.45613,0.0,0.0,2711.45613,0.0,0.0
2035-01-27,8,0,reserve,system,2706.769087,6.919952,5.0,2706.769087,6.919952,5.0
2035-01-27,9,0,reserve,system,2621.283116,0.0,0.0,2621.283116,0.0,0.0
2035-01-27,10,0,reserve,system,2495.721408,0.0,0.0,2495.721408,0.0,0.0
2035-01-27,11,0,reserve,system,2439.461181,3.432992,5.0,2439.461181,3.432992,5.0
2035-01-27,12,0,reserve,system,2388.544672,0.0,0.0,2388.544672,0.0,0.0
2035-01-27,13,0,reserve,system,2342.216584,0.0,0.0,2342.216584,0.0,0.0
2035-01-27,14,0,reserve,system,2301.987834,0.0,0.0,2301.987834,0.0,0.0
2035-01-27,15,0,reserve,system,2293.334605,0.0,0.0,2293.334605,0.0,0.0
2035-01-27,16,0,reserve,system,2335.949558,0.0,0.0,2335.949558,0.0,0.0
2035-01-27,17,0,reserve,system,2403.354175,0.0,0.0,2403.354175,0.0,0.0
2035-01-27,18,0,reserve,system,2512.137017,1.097192,5.0,2512.137017,1.097192,5.0
2035-01-27,19,0,reserve,system,2565.875196,0.0,0.0,2565.875196,0.0,0.0
2035-01-27,20,0,reserve,system,2594.352643,0.0,0.0,2594.352643,0.0,0.0
2035-01-27,21,0,reserve,system,2592.887674,0.0,0.0,2592.887674,3.944412,5.0
2035-01-27,22,0,reserve,system,2547.065096,0.0,0.0,2547.065096,0.0,0.0
2035-01-27,23,0,reserve,system,2522.052614,0.0,0.0,2522.052614,0.0,0.0
2035-01-28,0,0,reserve,system,2490.935375,0.0,0.0,2490.935375,0.0,0.0
2035-01-28,1,0,reserve,system,2486.127002,0.0,0.0,2486.127002,0.0,0.0
2035-01-28,2,0,reserve,system,2504.05201,0.0,0.0,2504.05201,0.0,0.0
2035-01-28,3,0,reserve,system,2537.705456,0.0,0.0,2537.705456,0.0,0.0
2035-01-28,4,0,reserve,system,2616.792856,0.0,0.0,2616.792856,0.0,0.0
2035-01-28,5,0,reserve,system,2755.96584,0.0,0.0,2755.96584,0.0,0.0
2035-01-28,6,0,reserve,system,2924.522498,0.0,0.0,2924.522498,0.0,0.0
2035-01-28,7,0,reserve,system,2964.422366,0.0,0.0,2964.422366,0.0,0.0
2035-01-28,8,0,reserve,system,2850.740548,0.0,0.0,2850.740548,0.0,0.0
2035-01-28,9,0,reserve,system,2696.662489,0.0,0.0,2696.662489,0.0,0.0
2035-01-28,10,0,reserve,system,2542.923824,0.0,0.0,2542.923824,0.0,0.0
2035-01-28,11,0,reserve,system,2443.434717,0.0,0.0,2443.434717,0.0,0.0
2035-01-28,12,0,reserve,system,2368.496912,0.0,0.0,2368.496912,0.0,0.0
2035-01-28,13,0,reserve,system,2338.685718,0.0,0.0,2338.685718,0.0,0.0
2035-01-28,14,0,reserve,system,2332.502127,0.0,0.0,2332.502127,0.0,0.0
2035-01-28,15,0,reserve,system,2356.655413,0.0,0.0,2356.655413,0.0,0.0
2035-01-28,16,0,reserve,system,2439.593848,0.0,0.0,2439.593848,0.0,0.0
2035-01-28,17,0,reserve,system,2553.83202,0.0,0.0,2553.83202,0.0,0.0
2035-01-28,18,0,reserve,system,2690.336655,0.0,0.0,2690.336655,0.0,0.0
2035-01-28,19,0,reserve,system,2743.82462,0.0,0.0,2743.82462,0.0,0.0
2035-01-28,20,0,reserve,system,2764.135099,0.0,0.0,2764.135099,0.0,0.0
2035-01-28,21,0,reserve,system,2750.331349,0.0,0.0,2750.331349,0.0,0.0
2035-01-28,22,0,reserve,system,2717.553518,0.0,0.0,2717.553518,0.0,0.0
2035-01-28,23,0,reserve,system,2708.383313,0.0,0.0,2708.383313,0.0,0.0
2035-01-29,0,0,reserve,system,2725.526604,0.0,0.0,2725.526604,0.0,0.0
2035-01-29,1,0,reserve,system,2767.438316,0.0,0.0,2767.438316,0.0,0.0
2035-01-29,2,0,reserve,system,2829.195572,0.0,0.0,2829.195572,0.0,0.0
2035-01-29,3,0,reserve,system,2926.495913,0.0,0.0,2926.495913,0.0,0.0
2035-01-29,4,0,reserve,system,3079.946795,0.0,0.0,3079.946795,2.514741,5.0
2035-01-29,5,0,reserve,system,3322.93909,0.0,0.0,3322.93909,0.0,0.0
2035-01-29,6,0,reserve,system,3531.76795,0.0,0.0,3531.76795,5.067451,5.0
2035-01-29,7,0,reserve,system,3587.789395,0.0,0.0,3587.789395,0.0,0.0
2035-01-29,8,0,reserve,system,3423.017521,0.0,0.0,3423.017521,0.0,0.0
2035-01-29,9,0,reserve,system,3203.410217,0.0,0.0,3203.410217,0.0,0.0
2035-01-29,10,0,reserve,system,3035.307123,0.0,0.0,3035.307123,0.0,0.0
2035-01-29,11,0,reserve,system,2862.156262,0.0,0.0,2862.156262,0.0,0.0
2035-01-29,12,0,reserve,system,2715.003378,0.0,0.0,2715.003378,0.0,0.0
2035-01-29,13,0,reserve,system,2608.975258,0.0,0.0,2608.975258,0.0,0.0
2035-01-29,14,0,reserve,system,2537.809999,0.0,0.0,2537.809999,0.0,0.0
2035-01-29,15,0,reserve,system,2542.427471,0.0,0.0,2542.427471,0.0,0.0
2035-01-29,16,0,reserve,system,2655.599169,0.0,0.0,2655.59917,0.0,0.0
2035-01-29,17,0,reserve,system,2857.050622,1.966845,5.0,2857.050622,1.966845,5.0
2035-01-29,18,0,reserve,system,3008.326322,0.0,0.0,3008.326322,0.0,0.0
2035-01-29,19,0,reserve,system,3032.769213,0.0,0.0,3032.769213,0.0,0.0
2035-01-29,20,0,reserve,system,3031.586186,0.0,0.0,3031.586186,0.0,0.0
2035-01-29,21,0,reserve,system,2988.267966,0.0,0.0,2988.267966,0.0,0.0
2035-01-29,22,0,reserve,system,2904.369692,0.0,0.0,2904.369692,0.0,0.0
2035-01-29,23,0,reserve,system,2824.401238,0.0,0.0,2824.401238,0.0,0.0
2035-01-30,0,0,reserve,system,2787.793041,0.0,0.0,2787.793041,0.0,0.0
2035-01-30,1,0,reserve,system,2785.176385,0.0,0.0,2785.176385,0.0,0.0
2035-01-30,2,0,reserve,system,2792.926131,0.0,0.0,2792.926131,0.0,0.0
2035-01-30,3,0,reserve,system,2826.194276,0.0,0.0,2826.194276,0.0,0.0
2035-01-30,4,0,reserve,system,2894.297362,0.0,0.0,2894.297362,0.0,0.0
2035-01-30,5,0,reserve,system,2999.242656,0.0,0.0,2999.242656,0.0,0.0
2035-01-30,6,0,reserve,system,3072.197875,0.0,0.0,3072.197875,0.0,0.0
2035-01-30,7,0,reserve,system,3047.780877,0.0,0.0,3047.780877,0.0,0.0
2035-01-30,8,0,reserve,system,3011.797441,0.0,0.0,3011.797441,0.0,0.0
2035-01-30,9,0,reserve,system,2926.817254,0.0,0.0,2926.817254,0.0,0.0
2035-01-30,10,0,reserve,system,2833.887041,0.0,0.0,2833.887041,0.0,0.0
2035-01-30,11,0,reserve,system,2730.128396,0.0,0.0,2730.128396,0.0,0.0
2035-01-30,12,0,reserve,system,2638.971398,0.0,0.0,2638.971398,0.0,0.0
2035-01-30,13,0,reserve,system,2599.953606,0.0,0.0,2599.953606,0.0,0.0
2035-01-30,14,0,reserve,system,2581.401316,0.0,0.0,2581.401316,0.0,0.0
2035-01-30,15,0,reserve,system,2581.090351,0.0,0.0,2581.090351,0.0,0.0
2035-01-30,16,0,reserve,system,2664.957315,0.0,0.0,2664.957315,0.0,0.0
2035-01-30,17,0,reserve,system,2788.686159,0.0,0.0,2788.686159,0.0,0.0
2035-01-30,18,0,reserve,system,2911.95745,0.0,0.0,2911.95745,0.0,0.0
2035-01-30,19,0,reserve,system,2940.488384,0.0,0.0,2940.488384,0.0,0.0
2035-01-30,20,0,reserve,system,2943.168663,0.0,0.0,2943.168663,0.0,0.0
2035-01-30,21,0,reserve,system,2908.327476,0.0,0.0,2908.327476,0.0,0.0
2035-01-30,22,0,reserve,system,2828.875349,0.0,0.0,2828.875349,0.0,0.0
2035-01-30,23,0,reserve,system,2744.476858,0.0,0.0,2744.476858,0.0,0.0
